country,segment_type,segment_1,segment_2,decided,allowed,refused,not_contested,win_rate_pct,source,source_url,page
fr,authority,paris,,77,56,21,0,73,fr_tsp (247); lt_register (74825); nl_rechtspraak (1762),https://www.tribunal-stationnement-payant.fr/,https://www.catoappeals.com/data
fr,authority,bordeaux,,11,8,3,0,73,fr_tsp (247); lt_register (74825); nl_rechtspraak (1762),https://www.tribunal-stationnement-payant.fr/,https://www.catoappeals.com/data
fr,authority,marseille,,11,11,0,0,100,fr_tsp (247); lt_register (74825); nl_rechtspraak (1762),https://www.tribunal-stationnement-payant.fr/,https://www.catoappeals.com/data
fr,authority+ground,paris,G10,42,35,7,0,83,fr_tsp (247); lt_register (74825); nl_rechtspraak (1762),https://www.tribunal-stationnement-payant.fr/,https://www.catoappeals.com/data
fr,authority+ground,paris,G7,31,23,8,0,74,fr_tsp (247); lt_register (74825); nl_rechtspraak (1762),https://www.tribunal-stationnement-payant.fr/,https://www.catoappeals.com/data
fr,authority+ground,paris,G11,26,20,6,0,77,fr_tsp (247); lt_register (74825); nl_rechtspraak (1762),https://www.tribunal-stationnement-payant.fr/,https://www.catoappeals.com/data
fr,authority+ground,paris,G1,22,17,5,0,77,fr_tsp (247); lt_register (74825); nl_rechtspraak (1762),https://www.tribunal-stationnement-payant.fr/,https://www.catoappeals.com/data
fr,authority+ground,paris,G3,14,9,5,0,64,fr_tsp (247); lt_register (74825); nl_rechtspraak (1762),https://www.tribunal-stationnement-payant.fr/,https://www.catoappeals.com/data
fr,ground,G11,,139,120,19,0,86,fr_tsp (247); lt_register (74825); nl_rechtspraak (1762),https://www.tribunal-stationnement-payant.fr/,https://www.catoappeals.com/data
fr,ground,G10,,134,114,20,0,85,fr_tsp (247); lt_register (74825); nl_rechtspraak (1762),https://www.tribunal-stationnement-payant.fr/,https://www.catoappeals.com/data
fr,ground,G7,,113,101,12,0,89,fr_tsp (247); lt_register (74825); nl_rechtspraak (1762),https://www.tribunal-stationnement-payant.fr/,https://www.catoappeals.com/data
fr,ground,G1,,46,39,7,0,85,fr_tsp (247); lt_register (74825); nl_rechtspraak (1762),https://www.tribunal-stationnement-payant.fr/,https://www.catoappeals.com/data
fr,ground,G2,,33,29,4,0,88,fr_tsp (247); lt_register (74825); nl_rechtspraak (1762),https://www.tribunal-stationnement-payant.fr/,https://www.catoappeals.com/data
fr,ground,G3,,31,20,11,0,65,fr_tsp (247); lt_register (74825); nl_rechtspraak (1762),https://www.tribunal-stationnement-payant.fr/,https://www.catoappeals.com/data
fr,ground,G5,,15,14,1,0,93,fr_tsp (247); lt_register (74825); nl_rechtspraak (1762),https://www.tribunal-stationnement-payant.fr/,https://www.catoappeals.com/data
fr,ground,G6,,12,11,1,0,92,fr_tsp (247); lt_register (74825); nl_rechtspraak (1762),https://www.tribunal-stationnement-payant.fr/,https://www.catoappeals.com/data
nl,authority,breda,,208,109,99,0,52,fr_tsp (247); lt_register (74825); nl_rechtspraak (1762),https://www.tribunal-stationnement-payant.fr/,https://www.catoappeals.com/data
nl,authority,amsterdam,,164,43,121,0,26,fr_tsp (247); lt_register (74825); nl_rechtspraak (1762),https://www.tribunal-stationnement-payant.fr/,https://www.catoappeals.com/data
nl,authority,tilburg,,100,26,74,0,26,fr_tsp (247); lt_register (74825); nl_rechtspraak (1762),https://www.tribunal-stationnement-payant.fr/,https://www.catoappeals.com/data
nl,authority,rotterdam,,95,17,78,0,18,fr_tsp (247); lt_register (74825); nl_rechtspraak (1762),https://www.tribunal-stationnement-payant.fr/,https://www.catoappeals.com/data
nl,authority,den haag,,59,16,43,0,27,fr_tsp (247); lt_register (74825); nl_rechtspraak (1762),https://www.tribunal-stationnement-payant.fr/,https://www.catoappeals.com/data
nl,authority,hilversum,,44,37,7,0,84,fr_tsp (247); lt_register (74825); nl_rechtspraak (1762),https://www.tribunal-stationnement-payant.fr/,https://www.catoappeals.com/data
nl,authority,almere,,30,9,21,0,30,fr_tsp (247); lt_register (74825); nl_rechtspraak (1762),https://www.tribunal-stationnement-payant.fr/,https://www.catoappeals.com/data
nl,authority,eindhoven,,26,4,22,0,15,fr_tsp (247); lt_register (74825); nl_rechtspraak (1762),https://www.tribunal-stationnement-payant.fr/,https://www.catoappeals.com/data
nl,authority,utrecht,,26,3,23,0,12,fr_tsp (247); lt_register (74825); nl_rechtspraak (1762),https://www.tribunal-stationnement-payant.fr/,https://www.catoappeals.com/data
nl,authority,delft,,18,2,16,0,11,fr_tsp (247); lt_register (74825); nl_rechtspraak (1762),https://www.tribunal-stationnement-payant.fr/,https://www.catoappeals.com/data
nl,authority,leiden,,18,1,17,0,6,fr_tsp (247); lt_register (74825); nl_rechtspraak (1762),https://www.tribunal-stationnement-payant.fr/,https://www.catoappeals.com/data
nl,authority,dordrecht,,14,2,12,0,14,fr_tsp (247); lt_register (74825); nl_rechtspraak (1762),https://www.tribunal-stationnement-payant.fr/,https://www.catoappeals.com/data
nl,authority,amersfoort,,13,12,1,0,92,fr_tsp (247); lt_register (74825); nl_rechtspraak (1762),https://www.tribunal-stationnement-payant.fr/,https://www.catoappeals.com/data
nl,authority,woerden,,13,13,0,0,100,fr_tsp (247); lt_register (74825); nl_rechtspraak (1762),https://www.tribunal-stationnement-payant.fr/,https://www.catoappeals.com/data
nl,authority,veere,,12,4,8,0,33,fr_tsp (247); lt_register (74825); nl_rechtspraak (1762),https://www.tribunal-stationnement-payant.fr/,https://www.catoappeals.com/data
nl,authority,amstelveen,,11,5,6,0,45,fr_tsp (247); lt_register (74825); nl_rechtspraak (1762),https://www.tribunal-stationnement-payant.fr/,https://www.catoappeals.com/data
nl,authority,goes,,11,1,10,0,9,fr_tsp (247); lt_register (74825); nl_rechtspraak (1762),https://www.tribunal-stationnement-payant.fr/,https://www.catoappeals.com/data
nl,authority,zeist,,11,9,2,0,82,fr_tsp (247); lt_register (74825); nl_rechtspraak (1762),https://www.tribunal-stationnement-payant.fr/,https://www.catoappeals.com/data
nl,authority,zwolle,,10,2,8,0,20,fr_tsp (247); lt_register (74825); nl_rechtspraak (1762),https://www.tribunal-stationnement-payant.fr/,https://www.catoappeals.com/data
nl,authority+ground,breda,PB1,75,24,51,0,32,fr_tsp (247); lt_register (74825); nl_rechtspraak (1762),https://www.tribunal-stationnement-payant.fr/,https://www.catoappeals.com/data
nl,authority+ground,breda,PB8,74,27,47,0,36,fr_tsp (247); lt_register (74825); nl_rechtspraak (1762),https://www.tribunal-stationnement-payant.fr/,https://www.catoappeals.com/data
nl,authority+ground,amsterdam,PB1,41,9,32,0,22,fr_tsp (247); lt_register (74825); nl_rechtspraak (1762),https://www.tribunal-stationnement-payant.fr/,https://www.catoappeals.com/data
nl,authority+ground,tilburg,PB8,36,7,29,0,19,fr_tsp (247); lt_register (74825); nl_rechtspraak (1762),https://www.tribunal-stationnement-payant.fr/,https://www.catoappeals.com/data
nl,authority+ground,hilversum,PB8,33,30,3,0,91,fr_tsp (247); lt_register (74825); nl_rechtspraak (1762),https://www.tribunal-stationnement-payant.fr/,https://www.catoappeals.com/data
nl,authority+ground,rotterdam,PB1,32,5,27,0,16,fr_tsp (247); lt_register (74825); nl_rechtspraak (1762),https://www.tribunal-stationnement-payant.fr/,https://www.catoappeals.com/data
nl,authority+ground,tilburg,PB1,29,5,24,0,17,fr_tsp (247); lt_register (74825); nl_rechtspraak (1762),https://www.tribunal-stationnement-payant.fr/,https://www.catoappeals.com/data
nl,authority+ground,amsterdam,PB3,23,6,17,0,26,fr_tsp (247); lt_register (74825); nl_rechtspraak (1762),https://www.tribunal-stationnement-payant.fr/,https://www.catoappeals.com/data
nl,authority+ground,den haag,PB1,19,1,18,0,5,fr_tsp (247); lt_register (74825); nl_rechtspraak (1762),https://www.tribunal-stationnement-payant.fr/,https://www.catoappeals.com/data
nl,authority+ground,breda,PB3,16,5,11,0,31,fr_tsp (247); lt_register (74825); nl_rechtspraak (1762),https://www.tribunal-stationnement-payant.fr/,https://www.catoappeals.com/data
nl,authority+ground,rotterdam,PB3,16,3,13,0,19,fr_tsp (247); lt_register (74825); nl_rechtspraak (1762),https://www.tribunal-stationnement-payant.fr/,https://www.catoappeals.com/data
nl,authority+ground,utrecht,PB1,14,1,13,0,7,fr_tsp (247); lt_register (74825); nl_rechtspraak (1762),https://www.tribunal-stationnement-payant.fr/,https://www.catoappeals.com/data
nl,authority+ground,amsterdam,PB8,12,1,11,0,8,fr_tsp (247); lt_register (74825); nl_rechtspraak (1762),https://www.tribunal-stationnement-payant.fr/,https://www.catoappeals.com/data
nl,authority+ground,delft,PB1,11,2,9,0,18,fr_tsp (247); lt_register (74825); nl_rechtspraak (1762),https://www.tribunal-stationnement-payant.fr/,https://www.catoappeals.com/data
nl,authority+ground,dordrecht,PB1,11,2,9,0,18,fr_tsp (247); lt_register (74825); nl_rechtspraak (1762),https://www.tribunal-stationnement-payant.fr/,https://www.catoappeals.com/data
nl,authority+ground,tilburg,PB3,11,2,9,0,18,fr_tsp (247); lt_register (74825); nl_rechtspraak (1762),https://www.tribunal-stationnement-payant.fr/,https://www.catoappeals.com/data
nl,ground,PB1,,386,89,297,0,23,fr_tsp (247); lt_register (74825); nl_rechtspraak (1762),https://www.tribunal-stationnement-payant.fr/,https://www.catoappeals.com/data
nl,ground,PB8,,261,104,157,0,40,fr_tsp (247); lt_register (74825); nl_rechtspraak (1762),https://www.tribunal-stationnement-payant.fr/,https://www.catoappeals.com/data
nl,ground,PB3,,103,28,75,0,27,fr_tsp (247); lt_register (74825); nl_rechtspraak (1762),https://www.tribunal-stationnement-payant.fr/,https://www.catoappeals.com/data
nl,ground,PB10,,30,11,19,0,37,fr_tsp (247); lt_register (74825); nl_rechtspraak (1762),https://www.tribunal-stationnement-payant.fr/,https://www.catoappeals.com/data
nl:wahv,ground,MU5,,133,56,77,0,42,fr_tsp (247); lt_register (74825); nl_rechtspraak (1762),https://www.tribunal-stationnement-payant.fr/,https://www.catoappeals.com/data
nl:wahv,ground,MU3,,131,52,79,0,40,fr_tsp (247); lt_register (74825); nl_rechtspraak (1762),https://www.tribunal-stationnement-payant.fr/,https://www.catoappeals.com/data
nl:wahv,ground,MU4,,91,32,59,0,35,fr_tsp (247); lt_register (74825); nl_rechtspraak (1762),https://www.tribunal-stationnement-payant.fr/,https://www.catoappeals.com/data
nl:wahv,ground,MU6,,29,8,21,0,28,fr_tsp (247); lt_register (74825); nl_rechtspraak (1762),https://www.tribunal-stationnement-payant.fr/,https://www.catoappeals.com/data
nl:wahv,ground,MU9,,25,13,12,0,52,fr_tsp (247); lt_register (74825); nl_rechtspraak (1762),https://www.tribunal-stationnement-payant.fr/,https://www.catoappeals.com/data
nl:wahv,ground,MU2,,18,7,11,0,39,fr_tsp (247); lt_register (74825); nl_rechtspraak (1762),https://www.tribunal-stationnement-payant.fr/,https://www.catoappeals.com/data
uk,authority,transport for london,,6222,2331,3891,0,37,fr_tsp (247); lt_register (74825); nl_rechtspraak (1762),https://www.tribunal-stationnement-payant.fr/,https://www.catoappeals.com/data
uk,authority,lambeth,,3550,1751,1799,0,49,fr_tsp (247); lt_register (74825); nl_rechtspraak (1762),https://www.tribunal-stationnement-payant.fr/,https://www.catoappeals.com/data
uk,authority,haringey,,3316,1978,1338,0,60,fr_tsp (247); lt_register (74825); nl_rechtspraak (1762),https://www.tribunal-stationnement-payant.fr/,https://www.catoappeals.com/data
uk,authority,redbridge,,2979,1453,1526,0,49,fr_tsp (247); lt_register (74825); nl_rechtspraak (1762),https://www.tribunal-stationnement-payant.fr/,https://www.catoappeals.com/data
uk,authority,newham,,2855,1124,1731,0,39,fr_tsp (247); lt_register (74825); nl_rechtspraak (1762),https://www.tribunal-stationnement-payant.fr/,https://www.catoappeals.com/data
uk,authority,havering,,2794,1697,1097,0,61,fr_tsp (247); lt_register (74825); nl_rechtspraak (1762),https://www.tribunal-stationnement-payant.fr/,https://www.catoappeals.com/data
uk,authority,islington,,2420,862,1558,0,36,fr_tsp (247); lt_register (74825); nl_rechtspraak (1762),https://www.tribunal-stationnement-payant.fr/,https://www.catoappeals.com/data
uk,authority,westminster,,2303,1298,1005,0,56,fr_tsp (247); lt_register (74825); nl_rechtspraak (1762),https://www.tribunal-stationnement-payant.fr/,https://www.catoappeals.com/data
uk,authority,brent,,1838,891,947,0,48,fr_tsp (247); lt_register (74825); nl_rechtspraak (1762),https://www.tribunal-stationnement-payant.fr/,https://www.catoappeals.com/data
uk,authority,southwark,,1797,552,1245,0,31,fr_tsp (247); lt_register (74825); nl_rechtspraak (1762),https://www.tribunal-stationnement-payant.fr/,https://www.catoappeals.com/data
uk,authority,waltham forest,,1744,786,958,0,45,fr_tsp (247); lt_register (74825); nl_rechtspraak (1762),https://www.tribunal-stationnement-payant.fr/,https://www.catoappeals.com/data
uk,authority,barking and dagenham,,1709,817,892,0,48,fr_tsp (247); lt_register (74825); nl_rechtspraak (1762),https://www.tribunal-stationnement-payant.fr/,https://www.catoappeals.com/data
uk,authority,hammersmith and fulham,,1651,1107,544,0,67,fr_tsp (247); lt_register (74825); nl_rechtspraak (1762),https://www.tribunal-stationnement-payant.fr/,https://www.catoappeals.com/data
uk,authority,greenwich,,1613,1161,452,0,72,fr_tsp (247); lt_register (74825); nl_rechtspraak (1762),https://www.tribunal-stationnement-payant.fr/,https://www.catoappeals.com/data
uk,authority,camden,,1468,482,986,0,33,fr_tsp (247); lt_register (74825); nl_rechtspraak (1762),https://www.tribunal-stationnement-payant.fr/,https://www.catoappeals.com/data
uk,authority,hounslow,,1406,599,807,0,43,fr_tsp (247); lt_register (74825); nl_rechtspraak (1762),https://www.tribunal-stationnement-payant.fr/,https://www.catoappeals.com/data
uk,authority,merton,,1383,590,793,0,43,fr_tsp (247); lt_register (74825); nl_rechtspraak (1762),https://www.tribunal-stationnement-payant.fr/,https://www.catoappeals.com/data
uk,authority,ealing,,1299,538,761,0,41,fr_tsp (247); lt_register (74825); nl_rechtspraak (1762),https://www.tribunal-stationnement-payant.fr/,https://www.catoappeals.com/data
uk,authority,barnet,,1294,851,443,0,66,fr_tsp (247); lt_register (74825); nl_rechtspraak (1762),https://www.tribunal-stationnement-payant.fr/,https://www.catoappeals.com/data
uk,authority,croydon,,1241,550,691,0,44,fr_tsp (247); lt_register (74825); nl_rechtspraak (1762),https://www.tribunal-stationnement-payant.fr/,https://www.catoappeals.com/data
uk,authority,hackney,,1217,288,929,0,24,fr_tsp (247); lt_register (74825); nl_rechtspraak (1762),https://www.tribunal-stationnement-payant.fr/,https://www.catoappeals.com/data
uk,authority,tower hamlets,,1174,520,654,0,44,fr_tsp (247); lt_register (74825); nl_rechtspraak (1762),https://www.tribunal-stationnement-payant.fr/,https://www.catoappeals.com/data
uk,authority,harrow,,945,381,564,0,40,fr_tsp (247); lt_register (74825); nl_rechtspraak (1762),https://www.tribunal-stationnement-payant.fr/,https://www.catoappeals.com/data
uk,authority,lewisham,,853,364,489,0,43,fr_tsp (247); lt_register (74825); nl_rechtspraak (1762),https://www.tribunal-stationnement-payant.fr/,https://www.catoappeals.com/data
uk,authority,wandsworth,,792,235,557,0,30,fr_tsp (247); lt_register (74825); nl_rechtspraak (1762),https://www.tribunal-stationnement-payant.fr/,https://www.catoappeals.com/data
uk,authority,enfield,,784,368,416,0,47,fr_tsp (247); lt_register (74825); nl_rechtspraak (1762),https://www.tribunal-stationnement-payant.fr/,https://www.catoappeals.com/data
uk,authority,kingston,,646,252,394,0,39,fr_tsp (247); lt_register (74825); nl_rechtspraak (1762),https://www.tribunal-stationnement-payant.fr/,https://www.catoappeals.com/data
uk,authority,city of london,,456,218,238,0,48,fr_tsp (247); lt_register (74825); nl_rechtspraak (1762),https://www.tribunal-stationnement-payant.fr/,https://www.catoappeals.com/data
uk,authority,hillingdon,,393,188,205,0,48,fr_tsp (247); lt_register (74825); nl_rechtspraak (1762),https://www.tribunal-stationnement-payant.fr/,https://www.catoappeals.com/data
uk,authority,bexley,,386,162,224,0,42,fr_tsp (247); lt_register (74825); nl_rechtspraak (1762),https://www.tribunal-stationnement-payant.fr/,https://www.catoappeals.com/data
uk,authority,bromley,,361,165,196,0,46,fr_tsp (247); lt_register (74825); nl_rechtspraak (1762),https://www.tribunal-stationnement-payant.fr/,https://www.catoappeals.com/data
uk,authority,richmond,,361,135,226,0,37,fr_tsp (247); lt_register (74825); nl_rechtspraak (1762),https://www.tribunal-stationnement-payant.fr/,https://www.catoappeals.com/data
uk,authority,kensington and chelsea,,301,158,143,0,52,fr_tsp (247); lt_register (74825); nl_rechtspraak (1762),https://www.tribunal-stationnement-payant.fr/,https://www.catoappeals.com/data
uk,authority,london,,89,65,24,0,73,fr_tsp (247); lt_register (74825); nl_rechtspraak (1762),https://www.tribunal-stationnement-payant.fr/,https://www.catoappeals.com/data
uk,authority,sutton,,72,21,51,0,29,fr_tsp (247); lt_register (74825); nl_rechtspraak (1762),https://www.tribunal-stationnement-payant.fr/,https://www.catoappeals.com/data
uk,authority+contravention_code,transport for london,46,63,10,53,0,16,fr_tsp (247); lt_register (74825); nl_rechtspraak (1762),https://www.tribunal-stationnement-payant.fr/,https://www.catoappeals.com/data
uk,authority+contravention_code,greenwich,52,22,15,7,0,68,fr_tsp (247); lt_register (74825); nl_rechtspraak (1762),https://www.tribunal-stationnement-payant.fr/,https://www.catoappeals.com/data
uk,authority+contravention_code,newham,52,20,8,12,0,40,fr_tsp (247); lt_register (74825); nl_rechtspraak (1762),https://www.tribunal-stationnement-payant.fr/,https://www.catoappeals.com/data
uk,authority+contravention_code,redbridge,53,19,7,12,0,37,fr_tsp (247); lt_register (74825); nl_rechtspraak (1762),https://www.tribunal-stationnement-payant.fr/,https://www.catoappeals.com/data
uk,authority+contravention_code,barking and dagenham,62,17,11,6,0,65,fr_tsp (247); lt_register (74825); nl_rechtspraak (1762),https://www.tribunal-stationnement-payant.fr/,https://www.catoappeals.com/data
uk,authority+contravention_code,croydon,53,17,10,7,0,59,fr_tsp (247); lt_register (74825); nl_rechtspraak (1762),https://www.tribunal-stationnement-payant.fr/,https://www.catoappeals.com/data
uk,authority+contravention_code,lambeth,52,17,9,8,0,53,fr_tsp (247); lt_register (74825); nl_rechtspraak (1762),https://www.tribunal-stationnement-payant.fr/,https://www.catoappeals.com/data
uk,authority+contravention_code,transport for london,31,17,1,16,0,6,fr_tsp (247); lt_register (74825); nl_rechtspraak (1762),https://www.tribunal-stationnement-payant.fr/,https://www.catoappeals.com/data
uk,authority+contravention_code,brent,53,15,6,9,0,40,fr_tsp (247); lt_register (74825); nl_rechtspraak (1762),https://www.tribunal-stationnement-payant.fr/,https://www.catoappeals.com/data
uk,authority+contravention_code,ealing,53,15,3,12,0,20,fr_tsp (247); lt_register (74825); nl_rechtspraak (1762),https://www.tribunal-stationnement-payant.fr/,https://www.catoappeals.com/data
uk,authority+contravention_code,lambeth,53,15,9,6,0,60,fr_tsp (247); lt_register (74825); nl_rechtspraak (1762),https://www.tribunal-stationnement-payant.fr/,https://www.catoappeals.com/data
uk,authority+contravention_code,haringey,53,14,5,9,0,36,fr_tsp (247); lt_register (74825); nl_rechtspraak (1762),https://www.tribunal-stationnement-payant.fr/,https://www.catoappeals.com/data
uk,authority+contravention_code,hackney,52,13,4,9,0,31,fr_tsp (247); lt_register (74825); nl_rechtspraak (1762),https://www.tribunal-stationnement-payant.fr/,https://www.catoappeals.com/data
uk,authority+contravention_code,newham,12,13,7,6,0,54,fr_tsp (247); lt_register (74825); nl_rechtspraak (1762),https://www.tribunal-stationnement-payant.fr/,https://www.catoappeals.com/data
uk,authority+contravention_code,newham,53,13,5,8,0,38,fr_tsp (247); lt_register (74825); nl_rechtspraak (1762),https://www.tribunal-stationnement-payant.fr/,https://www.catoappeals.com/data
uk,authority+contravention_code,westminster,31,13,3,10,0,23,fr_tsp (247); lt_register (74825); nl_rechtspraak (1762),https://www.tribunal-stationnement-payant.fr/,https://www.catoappeals.com/data
uk,authority+contravention_code,camden,52,12,6,6,0,50,fr_tsp (247); lt_register (74825); nl_rechtspraak (1762),https://www.tribunal-stationnement-payant.fr/,https://www.catoappeals.com/data
uk,authority+contravention_code,hammersmith and fulham,52,12,4,8,0,33,fr_tsp (247); lt_register (74825); nl_rechtspraak (1762),https://www.tribunal-stationnement-payant.fr/,https://www.catoappeals.com/data
uk,authority+contravention_code,islington,12,12,2,10,0,17,fr_tsp (247); lt_register (74825); nl_rechtspraak (1762),https://www.tribunal-stationnement-payant.fr/,https://www.catoappeals.com/data
uk,authority+contravention_code,transport for london,50,12,5,7,0,42,fr_tsp (247); lt_register (74825); nl_rechtspraak (1762),https://www.tribunal-stationnement-payant.fr/,https://www.catoappeals.com/data
uk,authority+contravention_code,havering,53,11,5,6,0,45,fr_tsp (247); lt_register (74825); nl_rechtspraak (1762),https://www.tribunal-stationnement-payant.fr/,https://www.catoappeals.com/data
uk,authority+contravention_code,southwark,12,11,5,6,0,45,fr_tsp (247); lt_register (74825); nl_rechtspraak (1762),https://www.tribunal-stationnement-payant.fr/,https://www.catoappeals.com/data
uk,authority+contravention_code,tower hamlets,85,11,7,4,0,64,fr_tsp (247); lt_register (74825); nl_rechtspraak (1762),https://www.tribunal-stationnement-payant.fr/,https://www.catoappeals.com/data
uk,authority+contravention_code,havering,31,10,3,7,0,30,fr_tsp (247); lt_register (74825); nl_rechtspraak (1762),https://www.tribunal-stationnement-payant.fr/,https://www.catoappeals.com/data
uk,authority+contravention_code,hounslow,52,10,4,6,0,40,fr_tsp (247); lt_register (74825); nl_rechtspraak (1762),https://www.tribunal-stationnement-payant.fr/,https://www.catoappeals.com/data
uk,authority+contravention_code,lewisham,53,10,1,9,0,10,fr_tsp (247); lt_register (74825); nl_rechtspraak (1762),https://www.tribunal-stationnement-payant.fr/,https://www.catoappeals.com/data
uk,authority+contravention_code,merton,52,10,0,10,0,0,fr_tsp (247); lt_register (74825); nl_rechtspraak (1762),https://www.tribunal-stationnement-payant.fr/,https://www.catoappeals.com/data
uk,authority+contravention_code,waltham forest,31,10,0,10,0,0,fr_tsp (247); lt_register (74825); nl_rechtspraak (1762),https://www.tribunal-stationnement-payant.fr/,https://www.catoappeals.com/data
uk,authority+ground,transport for london,red_route_stopping,774,83,691,0,11,fr_tsp (247); lt_register (74825); nl_rechtspraak (1762),https://www.tribunal-stationnement-payant.fr/,https://www.catoappeals.com/data
uk,authority+ground,transport for london,signage_inadequate,595,84,511,0,14,fr_tsp (247); lt_register (74825); nl_rechtspraak (1762),https://www.tribunal-stationnement-payant.fr/,https://www.catoappeals.com/data
uk,authority+ground,lambeth,signage_inadequate,563,152,411,0,27,fr_tsp (247); lt_register (74825); nl_rechtspraak (1762),https://www.tribunal-stationnement-payant.fr/,https://www.catoappeals.com/data
uk,authority+ground,transport for london,cctv_approval,517,96,421,0,19,fr_tsp (247); lt_register (74825); nl_rechtspraak (1762),https://www.tribunal-stationnement-payant.fr/,https://www.catoappeals.com/data
uk,authority+ground,newham,signage_inadequate,498,110,388,0,22,fr_tsp (247); lt_register (74825); nl_rechtspraak (1762),https://www.tribunal-stationnement-payant.fr/,https://www.catoappeals.com/data
uk,authority+ground,transport for london,loading_duration,428,41,387,0,10,fr_tsp (247); lt_register (74825); nl_rechtspraak (1762),https://www.tribunal-stationnement-payant.fr/,https://www.catoappeals.com/data
uk,authority+ground,redbridge,signage_inadequate,425,133,292,0,31,fr_tsp (247); lt_register (74825); nl_rechtspraak (1762),https://www.tribunal-stationnement-payant.fr/,https://www.catoappeals.com/data
uk,authority+ground,haringey,signage_inadequate,397,77,320,0,19,fr_tsp (247); lt_register (74825); nl_rechtspraak (1762),https://www.tribunal-stationnement-payant.fr/,https://www.catoappeals.com/data
uk,authority+ground,lambeth,cctv_approval,338,101,237,0,30,fr_tsp (247); lt_register (74825); nl_rechtspraak (1762),https://www.tribunal-stationnement-payant.fr/,https://www.catoappeals.com/data
uk,authority+ground,havering,signage_inadequate,322,96,226,0,30,fr_tsp (247); lt_register (74825); nl_rechtspraak (1762),https://www.tribunal-stationnement-payant.fr/,https://www.catoappeals.com/data
uk,authority+ground,transport for london,box_junction,281,42,239,0,15,fr_tsp (247); lt_register (74825); nl_rechtspraak (1762),https://www.tribunal-stationnement-payant.fr/,https://www.catoappeals.com/data
uk,authority+ground,merton,signage_inadequate,269,72,197,0,27,fr_tsp (247); lt_register (74825); nl_rechtspraak (1762),https://www.tribunal-stationnement-payant.fr/,https://www.catoappeals.com/data
uk,authority+ground,camden,signage_inadequate,264,55,209,0,21,fr_tsp (247); lt_register (74825); nl_rechtspraak (1762),https://www.tribunal-stationnement-payant.fr/,https://www.catoappeals.com/data
uk,authority+ground,redbridge,cctv_approval,262,78,184,0,30,fr_tsp (247); lt_register (74825); nl_rechtspraak (1762),https://www.tribunal-stationnement-payant.fr/,https://www.catoappeals.com/data
uk,authority+ground,hackney,signage_inadequate,260,26,234,0,10,fr_tsp (247); lt_register (74825); nl_rechtspraak (1762),https://www.tribunal-stationnement-payant.fr/,https://www.catoappeals.com/data
uk,authority+ground,islington,signage_inadequate,256,31,225,0,12,fr_tsp (247); lt_register (74825); nl_rechtspraak (1762),https://www.tribunal-stationnement-payant.fr/,https://www.catoappeals.com/data
uk,authority+ground,brent,signage_inadequate,250,53,197,0,21,fr_tsp (247); lt_register (74825); nl_rechtspraak (1762),https://www.tribunal-stationnement-payant.fr/,https://www.catoappeals.com/data
uk,authority+ground,redbridge,tro_validity,247,97,150,0,39,fr_tsp (247); lt_register (74825); nl_rechtspraak (1762),https://www.tribunal-stationnement-payant.fr/,https://www.catoappeals.com/data
uk,authority+ground,transport for london,tro_validity,245,59,186,0,24,fr_tsp (247); lt_register (74825); nl_rechtspraak (1762),https://www.tribunal-stationnement-payant.fr/,https://www.catoappeals.com/data
uk,authority+ground,ealing,signage_inadequate,241,13,228,0,5,fr_tsp (247); lt_register (74825); nl_rechtspraak (1762),https://www.tribunal-stationnement-payant.fr/,https://www.catoappeals.com/data
uk,authority+ground,waltham forest,signage_inadequate,241,64,177,0,27,fr_tsp (247); lt_register (74825); nl_rechtspraak (1762),https://www.tribunal-stationnement-payant.fr/,https://www.catoappeals.com/data
uk,authority+ground,newham,cctv_approval,240,53,187,0,22,fr_tsp (247); lt_register (74825); nl_rechtspraak (1762),https://www.tribunal-stationnement-payant.fr/,https://www.catoappeals.com/data
uk,authority+ground,greenwich,signage_inadequate,239,53,186,0,22,fr_tsp (247); lt_register (74825); nl_rechtspraak (1762),https://www.tribunal-stationnement-payant.fr/,https://www.catoappeals.com/data
uk,authority+ground,southwark,signage_inadequate,237,43,194,0,18,fr_tsp (247); lt_register (74825); nl_rechtspraak (1762),https://www.tribunal-stationnement-payant.fr/,https://www.catoappeals.com/data
uk,authority+ground,newham,tro_validity,231,71,160,0,31,fr_tsp (247); lt_register (74825); nl_rechtspraak (1762),https://www.tribunal-stationnement-payant.fr/,https://www.catoappeals.com/data
uk,authority+ground,croydon,signage_inadequate,230,69,161,0,30,fr_tsp (247); lt_register (74825); nl_rechtspraak (1762),https://www.tribunal-stationnement-payant.fr/,https://www.catoappeals.com/data
uk,authority+ground,waltham forest,cctv_approval,229,78,151,0,34,fr_tsp (247); lt_register (74825); nl_rechtspraak (1762),https://www.tribunal-stationnement-payant.fr/,https://www.catoappeals.com/data
uk,authority+ground,havering,cctv_approval,222,80,142,0,36,fr_tsp (247); lt_register (74825); nl_rechtspraak (1762),https://www.tribunal-stationnement-payant.fr/,https://www.catoappeals.com/data
uk,authority+ground,lambeth,tro_validity,221,87,134,0,39,fr_tsp (247); lt_register (74825); nl_rechtspraak (1762),https://www.tribunal-stationnement-payant.fr/,https://www.catoappeals.com/data
uk,authority+ground,islington,hire_vehicle,220,21,199,0,10,fr_tsp (247); lt_register (74825); nl_rechtspraak (1762),https://www.tribunal-stationnement-payant.fr/,https://www.catoappeals.com/data
uk,authority+ground,barking and dagenham,signage_inadequate,212,54,158,0,25,fr_tsp (247); lt_register (74825); nl_rechtspraak (1762),https://www.tribunal-stationnement-payant.fr/,https://www.catoappeals.com/data
uk,authority+ground,hounslow,signage_inadequate,209,32,177,0,15,fr_tsp (247); lt_register (74825); nl_rechtspraak (1762),https://www.tribunal-stationnement-payant.fr/,https://www.catoappeals.com/data
uk,authority+ground,westminster,hire_vehicle,196,24,172,0,12,fr_tsp (247); lt_register (74825); nl_rechtspraak (1762),https://www.tribunal-stationnement-payant.fr/,https://www.catoappeals.com/data
uk,authority+ground,tower hamlets,signage_inadequate,189,57,132,0,30,fr_tsp (247); lt_register (74825); nl_rechtspraak (1762),https://www.tribunal-stationnement-payant.fr/,https://www.catoappeals.com/data
uk,authority+ground,newham,permit_valid_dispute,179,57,122,0,32,fr_tsp (247); lt_register (74825); nl_rechtspraak (1762),https://www.tribunal-stationnement-payant.fr/,https://www.catoappeals.com/data
uk,authority+ground,redbridge,box_junction,178,31,147,0,17,fr_tsp (247); lt_register (74825); nl_rechtspraak (1762),https://www.tribunal-stationnement-payant.fr/,https://www.catoappeals.com/data
uk,authority+ground,merton,cctv_approval,177,53,124,0,30,fr_tsp (247); lt_register (74825); nl_rechtspraak (1762),https://www.tribunal-stationnement-payant.fr/,https://www.catoappeals.com/data
uk,authority+ground,lewisham,signage_inadequate,175,31,144,0,18,fr_tsp (247); lt_register (74825); nl_rechtspraak (1762),https://www.tribunal-stationnement-payant.fr/,https://www.catoappeals.com/data
uk,authority+ground,waltham forest,box_junction,169,54,115,0,32,fr_tsp (247); lt_register (74825); nl_rechtspraak (1762),https://www.tribunal-stationnement-payant.fr/,https://www.catoappeals.com/data
uk,authority+ground,haringey,cctv_approval,168,40,128,0,24,fr_tsp (247); lt_register (74825); nl_rechtspraak (1762),https://www.tribunal-stationnement-payant.fr/,https://www.catoappeals.com/data
uk,authority+ground,lambeth,payment_machine_fault,167,46,121,0,28,fr_tsp (247); lt_register (74825); nl_rechtspraak (1762),https://www.tribunal-stationnement-payant.fr/,https://www.catoappeals.com/data
uk,authority+ground,transport for london,banned_turn,165,23,142,0,14,fr_tsp (247); lt_register (74825); nl_rechtspraak (1762),https://www.tribunal-stationnement-payant.fr/,https://www.catoappeals.com/data
uk,authority+ground,harrow,signage_inadequate,160,31,129,0,19,fr_tsp (247); lt_register (74825); nl_rechtspraak (1762),https://www.tribunal-stationnement-payant.fr/,https://www.catoappeals.com/data
uk,authority+ground,lambeth,hire_vehicle,156,51,105,0,33,fr_tsp (247); lt_register (74825); nl_rechtspraak (1762),https://www.tribunal-stationnement-payant.fr/,https://www.catoappeals.com/data
uk,authority+ground,hammersmith and fulham,signage_inadequate,154,25,129,0,16,fr_tsp (247); lt_register (74825); nl_rechtspraak (1762),https://www.tribunal-stationnement-payant.fr/,https://www.catoappeals.com/data
uk,authority+ground,islington,tro_validity,151,26,125,0,17,fr_tsp (247); lt_register (74825); nl_rechtspraak (1762),https://www.tribunal-stationnement-payant.fr/,https://www.catoappeals.com/data
uk,authority+ground,greenwich,cctv_approval,150,30,120,0,20,fr_tsp (247); lt_register (74825); nl_rechtspraak (1762),https://www.tribunal-stationnement-payant.fr/,https://www.catoappeals.com/data
uk,authority+ground,haringey,permit_valid_dispute,148,20,128,0,14,fr_tsp (247); lt_register (74825); nl_rechtspraak (1762),https://www.tribunal-stationnement-payant.fr/,https://www.catoappeals.com/data
uk,authority+ground,haringey,tro_validity,143,41,102,0,29,fr_tsp (247); lt_register (74825); nl_rechtspraak (1762),https://www.tribunal-stationnement-payant.fr/,https://www.catoappeals.com/data
uk,authority+ground,wandsworth,signage_inadequate,143,32,111,0,22,fr_tsp (247); lt_register (74825); nl_rechtspraak (1762),https://www.tribunal-stationnement-payant.fr/,https://www.catoappeals.com/data
uk,authority+ground,lambeth,permit_valid_dispute,141,48,93,0,34,fr_tsp (247); lt_register (74825); nl_rechtspraak (1762),https://www.tribunal-stationnement-payant.fr/,https://www.catoappeals.com/data
uk,authority+ground,transport for london,hire_vehicle,137,20,117,0,15,fr_tsp (247); lt_register (74825); nl_rechtspraak (1762),https://www.tribunal-stationnement-payant.fr/,https://www.catoappeals.com/data
uk,authority+ground,ealing,cctv_approval,134,26,108,0,19,fr_tsp (247); lt_register (74825); nl_rechtspraak (1762),https://www.tribunal-stationnement-payant.fr/,https://www.catoappeals.com/data
uk,authority+ground,tower hamlets,permit_valid_dispute,134,48,86,0,36,fr_tsp (247); lt_register (74825); nl_rechtspraak (1762),https://www.tribunal-stationnement-payant.fr/,https://www.catoappeals.com/data
uk,authority+ground,transport for london,vehicle_type_taxi,134,14,120,0,10,fr_tsp (247); lt_register (74825); nl_rechtspraak (1762),https://www.tribunal-stationnement-payant.fr/,https://www.catoappeals.com/data
uk,authority+ground,havering,tro_validity,133,64,69,0,48,fr_tsp (247); lt_register (74825); nl_rechtspraak (1762),https://www.tribunal-stationnement-payant.fr/,https://www.catoappeals.com/data
uk,authority+ground,westminster,signage_inadequate,133,41,92,0,31,fr_tsp (247); lt_register (74825); nl_rechtspraak (1762),https://www.tribunal-stationnement-payant.fr/,https://www.catoappeals.com/data
uk,authority+ground,brent,cctv_approval,132,41,91,0,31,fr_tsp (247); lt_register (74825); nl_rechtspraak (1762),https://www.tribunal-stationnement-payant.fr/,https://www.catoappeals.com/data
uk,authority+ground,transport for london,payment_made,131,1,130,0,1,fr_tsp (247); lt_register (74825); nl_rechtspraak (1762),https://www.tribunal-stationnement-payant.fr/,https://www.catoappeals.com/data
uk,authority+ground,islington,permit_valid_dispute,129,11,118,0,9,fr_tsp (247); lt_register (74825); nl_rechtspraak (1762),https://www.tribunal-stationnement-payant.fr/,https://www.catoappeals.com/data
uk,authority+ground,southwark,tro_validity,129,47,82,0,36,fr_tsp (247); lt_register (74825); nl_rechtspraak (1762),https://www.tribunal-stationnement-payant.fr/,https://www.catoappeals.com/data
uk,authority+ground,hackney,tro_validity,127,26,101,0,20,fr_tsp (247); lt_register (74825); nl_rechtspraak (1762),https://www.tribunal-stationnement-payant.fr/,https://www.catoappeals.com/data
uk,authority+ground,hackney,cctv_approval,126,19,107,0,15,fr_tsp (247); lt_register (74825); nl_rechtspraak (1762),https://www.tribunal-stationnement-payant.fr/,https://www.catoappeals.com/data
uk,authority+ground,merton,tro_validity,124,40,84,0,32,fr_tsp (247); lt_register (74825); nl_rechtspraak (1762),https://www.tribunal-stationnement-payant.fr/,https://www.catoappeals.com/data
uk,authority+ground,southwark,cctv_approval,124,23,101,0,19,fr_tsp (247); lt_register (74825); nl_rechtspraak (1762),https://www.tribunal-stationnement-payant.fr/,https://www.catoappeals.com/data
uk,authority+ground,camden,cctv_approval,123,30,93,0,24,fr_tsp (247); lt_register (74825); nl_rechtspraak (1762),https://www.tribunal-stationnement-payant.fr/,https://www.catoappeals.com/data
uk,authority+ground,redbridge,payment_made,123,11,112,0,9,fr_tsp (247); lt_register (74825); nl_rechtspraak (1762),https://www.tribunal-stationnement-payant.fr/,https://www.catoappeals.com/data
uk,authority+ground,islington,cctv_approval,122,17,105,0,14,fr_tsp (247); lt_register (74825); nl_rechtspraak (1762),https://www.tribunal-stationnement-payant.fr/,https://www.catoappeals.com/data
uk,authority+ground,lewisham,cctv_approval,122,26,96,0,21,fr_tsp (247); lt_register (74825); nl_rechtspraak (1762),https://www.tribunal-stationnement-payant.fr/,https://www.catoappeals.com/data
uk,authority+ground,kingston,signage_inadequate,121,24,97,0,20,fr_tsp (247); lt_register (74825); nl_rechtspraak (1762),https://www.tribunal-stationnement-payant.fr/,https://www.catoappeals.com/data
uk,authority+ground,lambeth,payment_made,120,11,109,0,9,fr_tsp (247); lt_register (74825); nl_rechtspraak (1762),https://www.tribunal-stationnement-payant.fr/,https://www.catoappeals.com/data
uk,authority+ground,transport for london,keeper_liability_general,117,28,89,0,24,fr_tsp (247); lt_register (74825); nl_rechtspraak (1762),https://www.tribunal-stationnement-payant.fr/,https://www.catoappeals.com/data
uk,authority+ground,tower hamlets,tro_validity,114,48,66,0,42,fr_tsp (247); lt_register (74825); nl_rechtspraak (1762),https://www.tribunal-stationnement-payant.fr/,https://www.catoappeals.com/data
uk,authority+ground,barking and dagenham,footway_parking,113,37,76,0,33,fr_tsp (247); lt_register (74825); nl_rechtspraak (1762),https://www.tribunal-stationnement-payant.fr/,https://www.catoappeals.com/data
uk,authority+ground,havering,footway_parking,113,24,89,0,21,fr_tsp (247); lt_register (74825); nl_rechtspraak (1762),https://www.tribunal-stationnement-payant.fr/,https://www.catoappeals.com/data
uk,authority+ground,lambeth,keeper_liability_general,112,44,68,0,39,fr_tsp (247); lt_register (74825); nl_rechtspraak (1762),https://www.tribunal-stationnement-payant.fr/,https://www.catoappeals.com/data
uk,authority+ground,camden,tro_validity,110,46,64,0,42,fr_tsp (247); lt_register (74825); nl_rechtspraak (1762),https://www.tribunal-stationnement-payant.fr/,https://www.catoappeals.com/data
uk,authority+ground,newham,payment_machine_fault,110,17,93,0,15,fr_tsp (247); lt_register (74825); nl_rechtspraak (1762),https://www.tribunal-stationnement-payant.fr/,https://www.catoappeals.com/data
uk,authority+ground,barking and dagenham,cctv_approval,109,37,72,0,34,fr_tsp (247); lt_register (74825); nl_rechtspraak (1762),https://www.tribunal-stationnement-payant.fr/,https://www.catoappeals.com/data
uk,authority+ground,westminster,box_junction,107,26,81,0,24,fr_tsp (247); lt_register (74825); nl_rechtspraak (1762),https://www.tribunal-stationnement-payant.fr/,https://www.catoappeals.com/data
uk,authority+ground,newham,vehicle_type_taxi,106,6,100,0,6,fr_tsp (247); lt_register (74825); nl_rechtspraak (1762),https://www.tribunal-stationnement-payant.fr/,https://www.catoappeals.com/data
uk,authority+ground,brent,tro_validity,105,39,66,0,37,fr_tsp (247); lt_register (74825); nl_rechtspraak (1762),https://www.tribunal-stationnement-payant.fr/,https://www.catoappeals.com/data
uk,authority+ground,transport for london,boarding_alighting,105,5,100,0,5,fr_tsp (247); lt_register (74825); nl_rechtspraak (1762),https://www.tribunal-stationnement-payant.fr/,https://www.catoappeals.com/data
uk,authority+ground,newham,payment_made,102,5,97,0,5,fr_tsp (247); lt_register (74825); nl_rechtspraak (1762),https://www.tribunal-stationnement-payant.fr/,https://www.catoappeals.com/data
uk,authority+ground,westminster,cctv_approval,102,32,70,0,31,fr_tsp (247); lt_register (74825); nl_rechtspraak (1762),https://www.tribunal-stationnement-payant.fr/,https://www.catoappeals.com/data
uk,authority+ground,enfield,signage_inadequate,99,14,85,0,14,fr_tsp (247); lt_register (74825); nl_rechtspraak (1762),https://www.tribunal-stationnement-payant.fr/,https://www.catoappeals.com/data
uk,authority+ground,southwark,hire_vehicle,99,13,86,0,13,fr_tsp (247); lt_register (74825); nl_rechtspraak (1762),https://www.tribunal-stationnement-payant.fr/,https://www.catoappeals.com/data
uk,authority+ground,transport for london,grace_period_start,99,3,96,0,3,fr_tsp (247); lt_register (74825); nl_rechtspraak (1762),https://www.tribunal-stationnement-payant.fr/,https://www.catoappeals.com/data
uk,authority+ground,waltham forest,tro_validity,99,42,57,0,42,fr_tsp (247); lt_register (74825); nl_rechtspraak (1762),https://www.tribunal-stationnement-payant.fr/,https://www.catoappeals.com/data
uk,authority+ground,hackney,keeper_liability_general,98,4,94,0,4,fr_tsp (247); lt_register (74825); nl_rechtspraak (1762),https://www.tribunal-stationnement-payant.fr/,https://www.catoappeals.com/data
uk,authority+ground,merton,signage_obscured,98,30,68,0,31,fr_tsp (247); lt_register (74825); nl_rechtspraak (1762),https://www.tribunal-stationnement-payant.fr/,https://www.catoappeals.com/data
uk,authority+ground,redbridge,loading_duration,98,26,72,0,27,fr_tsp (247); lt_register (74825); nl_rechtspraak (1762),https://www.tribunal-stationnement-payant.fr/,https://www.catoappeals.com/data
uk,authority+ground,haringey,loading_duration,95,17,78,0,18,fr_tsp (247); lt_register (74825); nl_rechtspraak (1762),https://www.tribunal-stationnement-payant.fr/,https://www.catoappeals.com/data
uk,authority+ground,newham,hire_vehicle,94,5,89,0,5,fr_tsp (247); lt_register (74825); nl_rechtspraak (1762),https://www.tribunal-stationnement-payant.fr/,https://www.catoappeals.com/data
uk,authority+ground,redbridge,payment_machine_fault,94,24,70,0,26,fr_tsp (247); lt_register (74825); nl_rechtspraak (1762),https://www.tribunal-stationnement-payant.fr/,https://www.catoappeals.com/data
uk,authority+ground,transport for london,footway_parking,94,20,74,0,21,fr_tsp (247); lt_register (74825); nl_rechtspraak (1762),https://www.tribunal-stationnement-payant.fr/,https://www.catoappeals.com/data
uk,authority+ground,brent,loading_duration,93,21,72,0,23,fr_tsp (247); lt_register (74825); nl_rechtspraak (1762),https://www.tribunal-stationnement-payant.fr/,https://www.catoappeals.com/data
uk,authority+ground,greenwich,tro_validity,93,36,57,0,39,fr_tsp (247); lt_register (74825); nl_rechtspraak (1762),https://www.tribunal-stationnement-payant.fr/,https://www.catoappeals.com/data
uk,authority+ground,transport for london,loading_bay_use,93,13,80,0,14,fr_tsp (247); lt_register (74825); nl_rechtspraak (1762),https://www.tribunal-stationnement-payant.fr/,https://www.catoappeals.com/data
uk,authority+ground,transport for london,signage_obscured,93,16,77,0,17,fr_tsp (247); lt_register (74825); nl_rechtspraak (1762),https://www.tribunal-stationnement-payant.fr/,https://www.catoappeals.com/data
uk,authority+ground,croydon,cctv_approval,92,27,65,0,29,fr_tsp (247); lt_register (74825); nl_rechtspraak (1762),https://www.tribunal-stationnement-payant.fr/,https://www.catoappeals.com/data
uk,authority+ground,croydon,tro_validity,92,55,37,0,60,fr_tsp (247); lt_register (74825); nl_rechtspraak (1762),https://www.tribunal-stationnement-payant.fr/,https://www.catoappeals.com/data
uk,authority+ground,newham,keeper_liability_general,92,22,70,0,24,fr_tsp (247); lt_register (74825); nl_rechtspraak (1762),https://www.tribunal-stationnement-payant.fr/,https://www.catoappeals.com/data
uk,authority+ground,havering,box_junction,91,29,62,0,32,fr_tsp (247); lt_register (74825); nl_rechtspraak (1762),https://www.tribunal-stationnement-payant.fr/,https://www.catoappeals.com/data
uk,authority+ground,ealing,tro_validity,89,13,76,0,15,fr_tsp (247); lt_register (74825); nl_rechtspraak (1762),https://www.tribunal-stationnement-payant.fr/,https://www.catoappeals.com/data
uk,authority+ground,redbridge,red_route_stopping,89,40,49,0,45,fr_tsp (247); lt_register (74825); nl_rechtspraak (1762),https://www.tribunal-stationnement-payant.fr/,https://www.catoappeals.com/data
uk,authority+ground,wandsworth,hire_vehicle,89,4,85,0,4,fr_tsp (247); lt_register (74825); nl_rechtspraak (1762),https://www.tribunal-stationnement-payant.fr/,https://www.catoappeals.com/data
uk,authority+ground,westminster,tro_validity,89,32,57,0,36,fr_tsp (247); lt_register (74825); nl_rechtspraak (1762),https://www.tribunal-stationnement-payant.fr/,https://www.catoappeals.com/data
uk,authority+ground,barking and dagenham,tro_validity,88,32,56,0,36,fr_tsp (247); lt_register (74825); nl_rechtspraak (1762),https://www.tribunal-stationnement-payant.fr/,https://www.catoappeals.com/data
uk,authority+ground,hounslow,tro_validity,87,30,57,0,34,fr_tsp (247); lt_register (74825); nl_rechtspraak (1762),https://www.tribunal-stationnement-payant.fr/,https://www.catoappeals.com/data
uk,authority+ground,islington,payment_made,87,6,81,0,7,fr_tsp (247); lt_register (74825); nl_rechtspraak (1762),https://www.tribunal-stationnement-payant.fr/,https://www.catoappeals.com/data
uk,authority+ground,southwark,loading_duration,87,26,61,0,30,fr_tsp (247); lt_register (74825); nl_rechtspraak (1762),https://www.tribunal-stationnement-payant.fr/,https://www.catoappeals.com/data
uk,authority+ground,transport for london,equality_act,87,10,77,0,11,fr_tsp (247); lt_register (74825); nl_rechtspraak (1762),https://www.tribunal-stationnement-payant.fr/,https://www.catoappeals.com/data
uk,authority+ground,hammersmith and fulham,cctv_approval,86,17,69,0,20,fr_tsp (247); lt_register (74825); nl_rechtspraak (1762),https://www.tribunal-stationnement-payant.fr/,https://www.catoappeals.com/data
uk,authority+ground,newham,loading_duration,86,28,58,0,33,fr_tsp (247); lt_register (74825); nl_rechtspraak (1762),https://www.tribunal-stationnement-payant.fr/,https://www.catoappeals.com/data
uk,authority+ground,lambeth,grace_period_start,84,3,81,0,4,fr_tsp (247); lt_register (74825); nl_rechtspraak (1762),https://www.tribunal-stationnement-payant.fr/,https://www.catoappeals.com/data
uk,authority+ground,wandsworth,cctv_approval,84,15,69,0,18,fr_tsp (247); lt_register (74825); nl_rechtspraak (1762),https://www.tribunal-stationnement-payant.fr/,https://www.catoappeals.com/data
uk,authority+ground,brent,permit_valid_dispute,82,13,69,0,16,fr_tsp (247); lt_register (74825); nl_rechtspraak (1762),https://www.tribunal-stationnement-payant.fr/,https://www.catoappeals.com/data
uk,authority+ground,hackney,permit_valid_dispute,82,17,65,0,21,fr_tsp (247); lt_register (74825); nl_rechtspraak (1762),https://www.tribunal-stationnement-payant.fr/,https://www.catoappeals.com/data
uk,authority+ground,haringey,payment_machine_fault,82,15,67,0,18,fr_tsp (247); lt_register (74825); nl_rechtspraak (1762),https://www.tribunal-stationnement-payant.fr/,https://www.catoappeals.com/data
uk,authority+ground,havering,payment_made,82,5,77,0,6,fr_tsp (247); lt_register (74825); nl_rechtspraak (1762),https://www.tribunal-stationnement-payant.fr/,https://www.catoappeals.com/data
uk,authority+ground,redbridge,hire_vehicle,82,29,53,0,35,fr_tsp (247); lt_register (74825); nl_rechtspraak (1762),https://www.tribunal-stationnement-payant.fr/,https://www.catoappeals.com/data
uk,authority+ground,camden,loading_duration,81,36,45,0,44,fr_tsp (247); lt_register (74825); nl_rechtspraak (1762),https://www.tribunal-stationnement-payant.fr/,https://www.catoappeals.com/data
uk,authority+ground,lambeth,school_street,81,24,57,0,30,fr_tsp (247); lt_register (74825); nl_rechtspraak (1762),https://www.tribunal-stationnement-payant.fr/,https://www.catoappeals.com/data
uk,authority+ground,westminster,keeper_liability_general,81,12,69,0,15,fr_tsp (247); lt_register (74825); nl_rechtspraak (1762),https://www.tribunal-stationnement-payant.fr/,https://www.catoappeals.com/data
uk,authority+ground,haringey,payment_made,80,2,78,0,2,fr_tsp (247); lt_register (74825); nl_rechtspraak (1762),https://www.tribunal-stationnement-payant.fr/,https://www.catoappeals.com/data
uk,authority+ground,havering,payment_machine_fault,80,26,54,0,32,fr_tsp (247); lt_register (74825); nl_rechtspraak (1762),https://www.tribunal-stationnement-payant.fr/,https://www.catoappeals.com/data
uk,authority+ground,camden,hire_vehicle,79,19,60,0,24,fr_tsp (247); lt_register (74825); nl_rechtspraak (1762),https://www.tribunal-stationnement-payant.fr/,https://www.catoappeals.com/data
uk,authority+ground,lambeth,signage_obscured,79,23,56,0,29,fr_tsp (247); lt_register (74825); nl_rechtspraak (1762),https://www.tribunal-stationnement-payant.fr/,https://www.catoappeals.com/data
uk,authority+ground,redbridge,grace_period_start,79,4,75,0,5,fr_tsp (247); lt_register (74825); nl_rechtspraak (1762),https://www.tribunal-stationnement-payant.fr/,https://www.catoappeals.com/data
uk,authority+ground,newham,footway_parking,78,25,53,0,32,fr_tsp (247); lt_register (74825); nl_rechtspraak (1762),https://www.tribunal-stationnement-payant.fr/,https://www.catoappeals.com/data
uk,authority+ground,harrow,cctv_approval,77,17,60,0,22,fr_tsp (247); lt_register (74825); nl_rechtspraak (1762),https://www.tribunal-stationnement-payant.fr/,https://www.catoappeals.com/data
uk,authority+ground,redbridge,school_street,77,18,59,0,23,fr_tsp (247); lt_register (74825); nl_rechtspraak (1762),https://www.tribunal-stationnement-payant.fr/,https://www.catoappeals.com/data
uk,authority+ground,camden,keeper_liability_general,76,19,57,0,25,fr_tsp (247); lt_register (74825); nl_rechtspraak (1762),https://www.tribunal-stationnement-payant.fr/,https://www.catoappeals.com/data
uk,authority+ground,kingston,cctv_approval,76,17,59,0,22,fr_tsp (247); lt_register (74825); nl_rechtspraak (1762),https://www.tribunal-stationnement-payant.fr/,https://www.catoappeals.com/data
uk,authority+ground,newham,signage_obscured,76,23,53,0,30,fr_tsp (247); lt_register (74825); nl_rechtspraak (1762),https://www.tribunal-stationnement-payant.fr/,https://www.catoappeals.com/data
uk,authority+ground,ealing,procedural_delay,74,13,61,0,18,fr_tsp (247); lt_register (74825); nl_rechtspraak (1762),https://www.tribunal-stationnement-payant.fr/,https://www.catoappeals.com/data
uk,authority+ground,harrow,tro_validity,73,25,48,0,34,fr_tsp (247); lt_register (74825); nl_rechtspraak (1762),https://www.tribunal-stationnement-payant.fr/,https://www.catoappeals.com/data
uk,authority+ground,redbridge,boarding_alighting,73,29,44,0,40,fr_tsp (247); lt_register (74825); nl_rechtspraak (1762),https://www.tribunal-stationnement-payant.fr/,https://www.catoappeals.com/data
uk,authority+ground,redbridge,signage_obscured,73,19,54,0,26,fr_tsp (247); lt_register (74825); nl_rechtspraak (1762),https://www.tribunal-stationnement-payant.fr/,https://www.catoappeals.com/data
uk,authority+ground,southwark,payment_made,72,3,69,0,4,fr_tsp (247); lt_register (74825); nl_rechtspraak (1762),https://www.tribunal-stationnement-payant.fr/,https://www.catoappeals.com/data
uk,authority+ground,southwark,permit_valid_dispute,72,18,54,0,25,fr_tsp (247); lt_register (74825); nl_rechtspraak (1762),https://www.tribunal-stationnement-payant.fr/,https://www.catoappeals.com/data
uk,authority+ground,merton,payment_made,71,3,68,0,4,fr_tsp (247); lt_register (74825); nl_rechtspraak (1762),https://www.tribunal-stationnement-payant.fr/,https://www.catoappeals.com/data
uk,authority+ground,redbridge,footway_parking,71,11,60,0,15,fr_tsp (247); lt_register (74825); nl_rechtspraak (1762),https://www.tribunal-stationnement-payant.fr/,https://www.catoappeals.com/data
uk,authority+ground,hounslow,cctv_approval,70,16,54,0,23,fr_tsp (247); lt_register (74825); nl_rechtspraak (1762),https://www.tribunal-stationnement-payant.fr/,https://www.catoappeals.com/data
uk,authority+ground,southwark,keeper_liability_general,70,16,54,0,23,fr_tsp (247); lt_register (74825); nl_rechtspraak (1762),https://www.tribunal-stationnement-payant.fr/,https://www.catoappeals.com/data
uk,authority+ground,waltham forest,permit_valid_dispute,70,16,54,0,23,fr_tsp (247); lt_register (74825); nl_rechtspraak (1762),https://www.tribunal-stationnement-payant.fr/,https://www.catoappeals.com/data
uk,authority+ground,brent,payment_machine_fault,69,18,51,0,26,fr_tsp (247); lt_register (74825); nl_rechtspraak (1762),https://www.tribunal-stationnement-payant.fr/,https://www.catoappeals.com/data
uk,authority+ground,transport for london,payment_machine_fault,68,8,60,0,12,fr_tsp (247); lt_register (74825); nl_rechtspraak (1762),https://www.tribunal-stationnement-payant.fr/,https://www.catoappeals.com/data
uk,authority+ground,lewisham,tro_validity,67,19,48,0,28,fr_tsp (247); lt_register (74825); nl_rechtspraak (1762),https://www.tribunal-stationnement-payant.fr/,https://www.catoappeals.com/data
uk,authority+ground,wandsworth,tro_validity,67,11,56,0,16,fr_tsp (247); lt_register (74825); nl_rechtspraak (1762),https://www.tribunal-stationnement-payant.fr/,https://www.catoappeals.com/data
uk,authority+ground,newham,grace_period_start,66,2,64,0,3,fr_tsp (247); lt_register (74825); nl_rechtspraak (1762),https://www.tribunal-stationnement-payant.fr/,https://www.catoappeals.com/data
uk,authority+ground,merton,keeper_liability_general,65,14,51,0,22,fr_tsp (247); lt_register (74825); nl_rechtspraak (1762),https://www.tribunal-stationnement-payant.fr/,https://www.catoappeals.com/data
uk,authority+ground,transport for london,medical_emergency,64,3,61,0,5,fr_tsp (247); lt_register (74825); nl_rechtspraak (1762),https://www.tribunal-stationnement-payant.fr/,https://www.catoappeals.com/data
uk,authority+ground,greenwich,box_junction,63,11,52,0,17,fr_tsp (247); lt_register (74825); nl_rechtspraak (1762),https://www.tribunal-stationnement-payant.fr/,https://www.catoappeals.com/data
uk,authority+ground,redbridge,permit_valid_dispute,63,23,40,0,37,fr_tsp (247); lt_register (74825); nl_rechtspraak (1762),https://www.tribunal-stationnement-payant.fr/,https://www.catoappeals.com/data
uk,authority+ground,brent,box_junction,60,14,46,0,23,fr_tsp (247); lt_register (74825); nl_rechtspraak (1762),https://www.tribunal-stationnement-payant.fr/,https://www.catoappeals.com/data
uk,authority+ground,camden,payment_made,60,7,53,0,12,fr_tsp (247); lt_register (74825); nl_rechtspraak (1762),https://www.tribunal-stationnement-payant.fr/,https://www.catoappeals.com/data
uk,authority+ground,hounslow,permit_valid_dispute,60,12,48,0,20,fr_tsp (247); lt_register (74825); nl_rechtspraak (1762),https://www.tribunal-stationnement-payant.fr/,https://www.catoappeals.com/data
uk,authority+ground,lambeth,loading_duration,60,15,45,0,25,fr_tsp (247); lt_register (74825); nl_rechtspraak (1762),https://www.tribunal-stationnement-payant.fr/,https://www.catoappeals.com/data
uk,authority+ground,greenwich,payment_machine_fault,59,14,45,0,24,fr_tsp (247); lt_register (74825); nl_rechtspraak (1762),https://www.tribunal-stationnement-payant.fr/,https://www.catoappeals.com/data
uk,authority+ground,merton,payment_machine_fault,59,5,54,0,8,fr_tsp (247); lt_register (74825); nl_rechtspraak (1762),https://www.tribunal-stationnement-payant.fr/,https://www.catoappeals.com/data
uk,authority+ground,enfield,cctv_approval,58,10,48,0,17,fr_tsp (247); lt_register (74825); nl_rechtspraak (1762),https://www.tribunal-stationnement-payant.fr/,https://www.catoappeals.com/data
uk,authority+ground,islington,payment_machine_fault,58,2,56,0,3,fr_tsp (247); lt_register (74825); nl_rechtspraak (1762),https://www.tribunal-stationnement-payant.fr/,https://www.catoappeals.com/data
uk,authority+ground,redbridge,bus_stop_clearway,58,15,43,0,26,fr_tsp (247); lt_register (74825); nl_rechtspraak (1762),https://www.tribunal-stationnement-payant.fr/,https://www.catoappeals.com/data
uk,authority+ground,tower hamlets,loading_duration,58,19,39,0,33,fr_tsp (247); lt_register (74825); nl_rechtspraak (1762),https://www.tribunal-stationnement-payant.fr/,https://www.catoappeals.com/data
uk,authority+ground,waltham forest,loading_duration,58,28,30,0,48,fr_tsp (247); lt_register (74825); nl_rechtspraak (1762),https://www.tribunal-stationnement-payant.fr/,https://www.catoappeals.com/data
uk,authority+ground,hammersmith and fulham,tro_validity,57,16,41,0,28,fr_tsp (247); lt_register (74825); nl_rechtspraak (1762),https://www.tribunal-stationnement-payant.fr/,https://www.catoappeals.com/data
uk,authority+ground,haringey,grace_period_start,57,1,56,0,2,fr_tsp (247); lt_register (74825); nl_rechtspraak (1762),https://www.tribunal-stationnement-payant.fr/,https://www.catoappeals.com/data
uk,authority+ground,redbridge,keeper_liability_general,57,8,49,0,14,fr_tsp (247); lt_register (74825); nl_rechtspraak (1762),https://www.tribunal-stationnement-payant.fr/,https://www.catoappeals.com/data
uk,authority+ground,tower hamlets,cctv_approval,57,18,39,0,32,fr_tsp (247); lt_register (74825); nl_rechtspraak (1762),https://www.tribunal-stationnement-payant.fr/,https://www.catoappeals.com/data
uk,authority+ground,westminster,loading_duration,57,13,44,0,23,fr_tsp (247); lt_register (74825); nl_rechtspraak (1762),https://www.tribunal-stationnement-payant.fr/,https://www.catoappeals.com/data
uk,authority+ground,westminster,permit_valid_dispute,57,14,43,0,25,fr_tsp (247); lt_register (74825); nl_rechtspraak (1762),https://www.tribunal-stationnement-payant.fr/,https://www.catoappeals.com/data
uk,authority+ground,city of london,signage_inadequate,56,17,39,0,30,fr_tsp (247); lt_register (74825); nl_rechtspraak (1762),https://www.tribunal-stationnement-payant.fr/,https://www.catoappeals.com/data
uk,authority+ground,kingston,tro_validity,55,19,36,0,35,fr_tsp (247); lt_register (74825); nl_rechtspraak (1762),https://www.tribunal-stationnement-payant.fr/,https://www.catoappeals.com/data
uk,authority+ground,redbridge,equality_act,55,9,46,0,16,fr_tsp (247); lt_register (74825); nl_rechtspraak (1762),https://www.tribunal-stationnement-payant.fr/,https://www.catoappeals.com/data
uk,authority+ground,transport for london,parked_definition,55,1,54,0,2,fr_tsp (247); lt_register (74825); nl_rechtspraak (1762),https://www.tribunal-stationnement-payant.fr/,https://www.catoappeals.com/data
uk,authority+ground,barnet,signage_inadequate,54,22,32,0,41,fr_tsp (247); lt_register (74825); nl_rechtspraak (1762),https://www.tribunal-stationnement-payant.fr/,https://www.catoappeals.com/data
uk,authority+ground,islington,loading_duration,54,10,44,0,19,fr_tsp (247); lt_register (74825); nl_rechtspraak (1762),https://www.tribunal-stationnement-payant.fr/,https://www.catoappeals.com/data
uk,authority+ground,camden,payment_machine_fault,53,8,45,0,15,fr_tsp (247); lt_register (74825); nl_rechtspraak (1762),https://www.tribunal-stationnement-payant.fr/,https://www.catoappeals.com/data
uk,authority+ground,hounslow,payment_made,53,1,52,0,2,fr_tsp (247); lt_register (74825); nl_rechtspraak (1762),https://www.tribunal-stationnement-payant.fr/,https://www.catoappeals.com/data
uk,authority+ground,islington,keeper_liability_general,53,4,49,0,8,fr_tsp (247); lt_register (74825); nl_rechtspraak (1762),https://www.tribunal-stationnement-payant.fr/,https://www.catoappeals.com/data
uk,authority+ground,newham,equality_act,53,7,46,0,13,fr_tsp (247); lt_register (74825); nl_rechtspraak (1762),https://www.tribunal-stationnement-payant.fr/,https://www.catoappeals.com/data
uk,authority+ground,wandsworth,keeper_liability_general,53,7,46,0,13,fr_tsp (247); lt_register (74825); nl_rechtspraak (1762),https://www.tribunal-stationnement-payant.fr/,https://www.catoappeals.com/data
uk,authority+ground,barnet,cctv_approval,52,29,23,0,56,fr_tsp (247); lt_register (74825); nl_rechtspraak (1762),https://www.tribunal-stationnement-payant.fr/,https://www.catoappeals.com/data
uk,authority+ground,transport for london,loading_bulky_goods,52,7,45,0,13,fr_tsp (247); lt_register (74825); nl_rechtspraak (1762),https://www.tribunal-stationnement-payant.fr/,https://www.catoappeals.com/data
uk,authority+ground,enfield,tro_validity,51,15,36,0,29,fr_tsp (247); lt_register (74825); nl_rechtspraak (1762),https://www.tribunal-stationnement-payant.fr/,https://www.catoappeals.com/data
uk,authority+ground,havering,grace_period_start,51,3,48,0,6,fr_tsp (247); lt_register (74825); nl_rechtspraak (1762),https://www.tribunal-stationnement-payant.fr/,https://www.catoappeals.com/data
uk,authority+ground,merton,grace_period_start,51,3,48,0,6,fr_tsp (247); lt_register (74825); nl_rechtspraak (1762),https://www.tribunal-stationnement-payant.fr/,https://www.catoappeals.com/data
uk,authority+ground,richmond,signage_inadequate,51,6,45,0,12,fr_tsp (247); lt_register (74825); nl_rechtspraak (1762),https://www.tribunal-stationnement-payant.fr/,https://www.catoappeals.com/data
uk,authority+ground,southwark,grace_period_start,51,0,51,0,0,fr_tsp (247); lt_register (74825); nl_rechtspraak (1762),https://www.tribunal-stationnement-payant.fr/,https://www.catoappeals.com/data
uk,authority+ground,southwark,vehicle_type_taxi,51,3,48,0,6,fr_tsp (247); lt_register (74825); nl_rechtspraak (1762),https://www.tribunal-stationnement-payant.fr/,https://www.catoappeals.com/data
uk,authority+ground,waltham forest,payment_machine_fault,51,11,40,0,22,fr_tsp (247); lt_register (74825); nl_rechtspraak (1762),https://www.tribunal-stationnement-payant.fr/,https://www.catoappeals.com/data
uk,authority+ground,waltham forest,payment_made,51,3,48,0,6,fr_tsp (247); lt_register (74825); nl_rechtspraak (1762),https://www.tribunal-stationnement-payant.fr/,https://www.catoappeals.com/data
uk,authority+ground,newham,grace_period_end,49,14,35,0,29,fr_tsp (247); lt_register (74825); nl_rechtspraak (1762),https://www.tribunal-stationnement-payant.fr/,https://www.catoappeals.com/data
uk,authority+ground,barking and dagenham,keeper_liability_general,48,18,30,0,38,fr_tsp (247); lt_register (74825); nl_rechtspraak (1762),https://www.tribunal-stationnement-payant.fr/,https://www.catoappeals.com/data
uk,authority+ground,city of london,loading_duration,48,21,27,0,44,fr_tsp (247); lt_register (74825); nl_rechtspraak (1762),https://www.tribunal-stationnement-payant.fr/,https://www.catoappeals.com/data
uk,authority+ground,hounslow,footway_parking,48,17,31,0,35,fr_tsp (247); lt_register (74825); nl_rechtspraak (1762),https://www.tribunal-stationnement-payant.fr/,https://www.catoappeals.com/data
uk,authority+ground,lewisham,school_street,48,14,34,0,29,fr_tsp (247); lt_register (74825); nl_rechtspraak (1762),https://www.tribunal-stationnement-payant.fr/,https://www.catoappeals.com/data
uk,authority+ground,islington,equality_act,47,8,39,0,17,fr_tsp (247); lt_register (74825); nl_rechtspraak (1762),https://www.tribunal-stationnement-payant.fr/,https://www.catoappeals.com/data
uk,authority+ground,lewisham,grace_period_start,47,3,44,0,6,fr_tsp (247); lt_register (74825); nl_rechtspraak (1762),https://www.tribunal-stationnement-payant.fr/,https://www.catoappeals.com/data
uk,authority+ground,redbridge,vehicle_type_taxi,47,13,34,0,28,fr_tsp (247); lt_register (74825); nl_rechtspraak (1762),https://www.tribunal-stationnement-payant.fr/,https://www.catoappeals.com/data
uk,authority+ground,transport for london,bus_lane_exemption,47,9,38,0,19,fr_tsp (247); lt_register (74825); nl_rechtspraak (1762),https://www.tribunal-stationnement-payant.fr/,https://www.catoappeals.com/data
uk,authority+ground,waltham forest,footway_parking,47,14,33,0,30,fr_tsp (247); lt_register (74825); nl_rechtspraak (1762),https://www.tribunal-stationnement-payant.fr/,https://www.catoappeals.com/data
uk,authority+ground,brent,payment_made,46,0,46,0,0,fr_tsp (247); lt_register (74825); nl_rechtspraak (1762),https://www.tribunal-stationnement-payant.fr/,https://www.catoappeals.com/data
uk,authority+ground,haringey,hire_vehicle,46,6,40,0,13,fr_tsp (247); lt_register (74825); nl_rechtspraak (1762),https://www.tribunal-stationnement-payant.fr/,https://www.catoappeals.com/data
uk,authority+ground,harrow,payment_made,46,10,36,0,22,fr_tsp (247); lt_register (74825); nl_rechtspraak (1762),https://www.tribunal-stationnement-payant.fr/,https://www.catoappeals.com/data
uk,authority+ground,lambeth,vehicle_type_taxi,46,7,39,0,15,fr_tsp (247); lt_register (74825); nl_rechtspraak (1762),https://www.tribunal-stationnement-payant.fr/,https://www.catoappeals.com/data
uk,authority+ground,lewisham,payment_made,46,0,46,0,0,fr_tsp (247); lt_register (74825); nl_rechtspraak (1762),https://www.tribunal-stationnement-payant.fr/,https://www.catoappeals.com/data
uk,authority+ground,brent,keeper_liability_general,45,8,37,0,18,fr_tsp (247); lt_register (74825); nl_rechtspraak (1762),https://www.tribunal-stationnement-payant.fr/,https://www.catoappeals.com/data
uk,authority+ground,city of london,tro_validity,45,25,20,0,56,fr_tsp (247); lt_register (74825); nl_rechtspraak (1762),https://www.tribunal-stationnement-payant.fr/,https://www.catoappeals.com/data
uk,authority+ground,hackney,box_junction,45,3,42,0,7,fr_tsp (247); lt_register (74825); nl_rechtspraak (1762),https://www.tribunal-stationnement-payant.fr/,https://www.catoappeals.com/data
uk,authority+ground,hackney,payment_machine_fault,45,2,43,0,4,fr_tsp (247); lt_register (74825); nl_rechtspraak (1762),https://www.tribunal-stationnement-payant.fr/,https://www.catoappeals.com/data
uk,authority+ground,hammersmith and fulham,box_junction,45,6,39,0,13,fr_tsp (247); lt_register (74825); nl_rechtspraak (1762),https://www.tribunal-stationnement-payant.fr/,https://www.catoappeals.com/data
uk,authority+ground,haringey,keeper_liability_general,45,9,36,0,20,fr_tsp (247); lt_register (74825); nl_rechtspraak (1762),https://www.tribunal-stationnement-payant.fr/,https://www.catoappeals.com/data
uk,authority+ground,haringey,suspension_signage,45,12,33,0,27,fr_tsp (247); lt_register (74825); nl_rechtspraak (1762),https://www.tribunal-stationnement-payant.fr/,https://www.catoappeals.com/data
uk,authority+ground,croydon,payment_machine_fault,44,7,37,0,16,fr_tsp (247); lt_register (74825); nl_rechtspraak (1762),https://www.tribunal-stationnement-payant.fr/,https://www.catoappeals.com/data
uk,authority+ground,greenwich,signage_obscured,44,8,36,0,18,fr_tsp (247); lt_register (74825); nl_rechtspraak (1762),https://www.tribunal-stationnement-payant.fr/,https://www.catoappeals.com/data
uk,authority+ground,haringey,equality_act,44,7,37,0,16,fr_tsp (247); lt_register (74825); nl_rechtspraak (1762),https://www.tribunal-stationnement-payant.fr/,https://www.catoappeals.com/data
uk,authority+ground,havering,signage_obscured,44,10,34,0,23,fr_tsp (247); lt_register (74825); nl_rechtspraak (1762),https://www.tribunal-stationnement-payant.fr/,https://www.catoappeals.com/data
uk,authority+ground,bexley,signage_inadequate,43,5,38,0,12,fr_tsp (247); lt_register (74825); nl_rechtspraak (1762),https://www.tribunal-stationnement-payant.fr/,https://www.catoappeals.com/data
uk,authority+ground,brent,signage_obscured,43,14,29,0,33,fr_tsp (247); lt_register (74825); nl_rechtspraak (1762),https://www.tribunal-stationnement-payant.fr/,https://www.catoappeals.com/data
uk,authority+ground,havering,keeper_liability_general,43,12,31,0,28,fr_tsp (247); lt_register (74825); nl_rechtspraak (1762),https://www.tribunal-stationnement-payant.fr/,https://www.catoappeals.com/data
uk,authority+ground,southwark,payment_machine_fault,43,13,30,0,30,fr_tsp (247); lt_register (74825); nl_rechtspraak (1762),https://www.tribunal-stationnement-payant.fr/,https://www.catoappeals.com/data
uk,authority+ground,transport for london,signage_missing,43,16,27,0,37,fr_tsp (247); lt_register (74825); nl_rechtspraak (1762),https://www.tribunal-stationnement-payant.fr/,https://www.catoappeals.com/data
uk,authority+ground,brent,procedural_delay,42,20,22,0,48,fr_tsp (247); lt_register (74825); nl_rechtspraak (1762),https://www.tribunal-stationnement-payant.fr/,https://www.catoappeals.com/data
uk,authority+ground,camden,signage_obscured,42,20,22,0,48,fr_tsp (247); lt_register (74825); nl_rechtspraak (1762),https://www.tribunal-stationnement-payant.fr/,https://www.catoappeals.com/data
uk,authority+ground,hackney,signage_obscured,42,5,37,0,12,fr_tsp (247); lt_register (74825); nl_rechtspraak (1762),https://www.tribunal-stationnement-payant.fr/,https://www.catoappeals.com/data
uk,authority+ground,havering,bay_markings,42,9,33,0,21,fr_tsp (247); lt_register (74825); nl_rechtspraak (1762),https://www.tribunal-stationnement-payant.fr/,https://www.catoappeals.com/data
uk,authority+ground,redbridge,grace_period_end,42,9,33,0,21,fr_tsp (247); lt_register (74825); nl_rechtspraak (1762),https://www.tribunal-stationnement-payant.fr/,https://www.catoappeals.com/data
uk,authority+ground,richmond,cctv_approval,42,4,38,0,10,fr_tsp (247); lt_register (74825); nl_rechtspraak (1762),https://www.tribunal-stationnement-payant.fr/,https://www.catoappeals.com/data
uk,authority+ground,tower hamlets,keeper_liability_general,42,9,33,0,21,fr_tsp (247); lt_register (74825); nl_rechtspraak (1762),https://www.tribunal-stationnement-payant.fr/,https://www.catoappeals.com/data
uk,authority+ground,wandsworth,permit_valid_dispute,42,9,33,0,21,fr_tsp (247); lt_register (74825); nl_rechtspraak (1762),https://www.tribunal-stationnement-payant.fr/,https://www.catoappeals.com/data
uk,authority+ground,brent,vehicle_type_taxi,41,8,33,0,20,fr_tsp (247); lt_register (74825); nl_rechtspraak (1762),https://www.tribunal-stationnement-payant.fr/,https://www.catoappeals.com/data
uk,authority+ground,camden,grace_period_start,41,2,39,0,5,fr_tsp (247); lt_register (74825); nl_rechtspraak (1762),https://www.tribunal-stationnement-payant.fr/,https://www.catoappeals.com/data
uk,authority+ground,hackney,loading_duration,41,10,31,0,24,fr_tsp (247); lt_register (74825); nl_rechtspraak (1762),https://www.tribunal-stationnement-payant.fr/,https://www.catoappeals.com/data
uk,authority+ground,haringey,signage_obscured,41,12,29,0,29,fr_tsp (247); lt_register (74825); nl_rechtspraak (1762),https://www.tribunal-stationnement-payant.fr/,https://www.catoappeals.com/data
uk,authority+ground,hounslow,signage_obscured,41,15,26,0,37,fr_tsp (247); lt_register (74825); nl_rechtspraak (1762),https://www.tribunal-stationnement-payant.fr/,https://www.catoappeals.com/data
uk,authority+ground,lambeth,footway_parking,41,17,24,0,41,fr_tsp (247); lt_register (74825); nl_rechtspraak (1762),https://www.tribunal-stationnement-payant.fr/,https://www.catoappeals.com/data
uk,authority+ground,merton,box_junction,41,2,39,0,5,fr_tsp (247); lt_register (74825); nl_rechtspraak (1762),https://www.tribunal-stationnement-payant.fr/,https://www.catoappeals.com/data
uk,authority+ground,redbridge,legitimate_expectation,41,8,33,0,20,fr_tsp (247); lt_register (74825); nl_rechtspraak (1762),https://www.tribunal-stationnement-payant.fr/,https://www.catoappeals.com/data
uk,authority+ground,tower hamlets,suspension_signage,41,15,26,0,37,fr_tsp (247); lt_register (74825); nl_rechtspraak (1762),https://www.tribunal-stationnement-payant.fr/,https://www.catoappeals.com/data
uk,authority+ground,transport for london,sat_nav,41,16,25,0,39,fr_tsp (247); lt_register (74825); nl_rechtspraak (1762),https://www.tribunal-stationnement-payant.fr/,https://www.catoappeals.com/data
uk,authority+ground,waltham forest,signage_obscured,41,18,23,0,44,fr_tsp (247); lt_register (74825); nl_rechtspraak (1762),https://www.tribunal-stationnement-payant.fr/,https://www.catoappeals.com/data
uk,authority+ground,ealing,footway_parking,40,9,31,0,22,fr_tsp (247); lt_register (74825); nl_rechtspraak (1762),https://www.tribunal-stationnement-payant.fr/,https://www.catoappeals.com/data
uk,authority+ground,harrow,permit_valid_dispute,40,13,27,0,32,fr_tsp (247); lt_register (74825); nl_rechtspraak (1762),https://www.tribunal-stationnement-payant.fr/,https://www.catoappeals.com/data
uk,authority+ground,havering,public_holiday,40,24,16,0,60,fr_tsp (247); lt_register (74825); nl_rechtspraak (1762),https://www.tribunal-stationnement-payant.fr/,https://www.catoappeals.com/data
uk,authority+ground,newham,permit_expired,40,8,32,0,20,fr_tsp (247); lt_register (74825); nl_rechtspraak (1762),https://www.tribunal-stationnement-payant.fr/,https://www.catoappeals.com/data
uk,authority+ground,southwark,signage_obscured,40,9,31,0,22,fr_tsp (247); lt_register (74825); nl_rechtspraak (1762),https://www.tribunal-stationnement-payant.fr/,https://www.catoappeals.com/data
uk,authority+ground,westminster,payment_machine_fault,40,7,33,0,18,fr_tsp (247); lt_register (74825); nl_rechtspraak (1762),https://www.tribunal-stationnement-payant.fr/,https://www.catoappeals.com/data
uk,authority+ground,barking and dagenham,payment_made,39,3,36,0,8,fr_tsp (247); lt_register (74825); nl_rechtspraak (1762),https://www.tribunal-stationnement-payant.fr/,https://www.catoappeals.com/data
uk,authority+ground,brent,grace_period_start,39,2,37,0,5,fr_tsp (247); lt_register (74825); nl_rechtspraak (1762),https://www.tribunal-stationnement-payant.fr/,https://www.catoappeals.com/data
uk,authority+ground,brent,hire_vehicle,39,3,36,0,8,fr_tsp (247); lt_register (74825); nl_rechtspraak (1762),https://www.tribunal-stationnement-payant.fr/,https://www.catoappeals.com/data
uk,authority+ground,ealing,payment_machine_fault,39,0,39,0,0,fr_tsp (247); lt_register (74825); nl_rechtspraak (1762),https://www.tribunal-stationnement-payant.fr/,https://www.catoappeals.com/data
uk,authority+ground,havering,loading_duration,39,19,20,0,49,fr_tsp (247); lt_register (74825); nl_rechtspraak (1762),https://www.tribunal-stationnement-payant.fr/,https://www.catoappeals.com/data
uk,authority+ground,kingston,payment_made,39,0,39,0,0,fr_tsp (247); lt_register (74825); nl_rechtspraak (1762),https://www.tribunal-stationnement-payant.fr/,https://www.catoappeals.com/data
uk,authority+ground,waltham forest,grace_period_start,39,0,39,0,0,fr_tsp (247); lt_register (74825); nl_rechtspraak (1762),https://www.tribunal-stationnement-payant.fr/,https://www.catoappeals.com/data
uk,authority+ground,barking and dagenham,payment_machine_fault,38,6,32,0,16,fr_tsp (247); lt_register (74825); nl_rechtspraak (1762),https://www.tribunal-stationnement-payant.fr/,https://www.catoappeals.com/data
uk,authority+ground,hammersmith and fulham,procedural_delay,38,14,24,0,37,fr_tsp (247); lt_register (74825); nl_rechtspraak (1762),https://www.tribunal-stationnement-payant.fr/,https://www.catoappeals.com/data
uk,authority+ground,islington,grace_period_start,38,1,37,0,3,fr_tsp (247); lt_register (74825); nl_rechtspraak (1762),https://www.tribunal-stationnement-payant.fr/,https://www.catoappeals.com/data
uk,authority+ground,lewisham,payment_machine_fault,38,3,35,0,8,fr_tsp (247); lt_register (74825); nl_rechtspraak (1762),https://www.tribunal-stationnement-payant.fr/,https://www.catoappeals.com/data
uk,authority+ground,barking and dagenham,loading_duration,37,9,28,0,24,fr_tsp (247); lt_register (74825); nl_rechtspraak (1762),https://www.tribunal-stationnement-payant.fr/,https://www.catoappeals.com/data
uk,authority+ground,hounslow,loading_duration,37,8,29,0,22,fr_tsp (247); lt_register (74825); nl_rechtspraak (1762),https://www.tribunal-stationnement-payant.fr/,https://www.catoappeals.com/data
uk,authority+ground,hounslow,payment_machine_fault,37,3,34,0,8,fr_tsp (247); lt_register (74825); nl_rechtspraak (1762),https://www.tribunal-stationnement-payant.fr/,https://www.catoappeals.com/data
uk,authority+ground,islington,signage_obscured,37,5,32,0,14,fr_tsp (247); lt_register (74825); nl_rechtspraak (1762),https://www.tribunal-stationnement-payant.fr/,https://www.catoappeals.com/data
uk,authority+ground,newham,boarding_alighting,37,4,33,0,11,fr_tsp (247); lt_register (74825); nl_rechtspraak (1762),https://www.tribunal-stationnement-payant.fr/,https://www.catoappeals.com/data
uk,authority+ground,tower hamlets,payment_made,37,5,32,0,14,fr_tsp (247); lt_register (74825); nl_rechtspraak (1762),https://www.tribunal-stationnement-payant.fr/,https://www.catoappeals.com/data
uk,authority+ground,transport for london,suspension_signage,37,10,27,0,27,fr_tsp (247); lt_register (74825); nl_rechtspraak (1762),https://www.tribunal-stationnement-payant.fr/,https://www.catoappeals.com/data
uk,authority+ground,barnet,box_junction,36,13,23,0,36,fr_tsp (247); lt_register (74825); nl_rechtspraak (1762),https://www.tribunal-stationnement-payant.fr/,https://www.catoappeals.com/data
uk,authority+ground,brent,footway_parking,36,8,28,0,22,fr_tsp (247); lt_register (74825); nl_rechtspraak (1762),https://www.tribunal-stationnement-payant.fr/,https://www.catoappeals.com/data
uk,authority+ground,croydon,signage_obscured,36,14,22,0,39,fr_tsp (247); lt_register (74825); nl_rechtspraak (1762),https://www.tribunal-stationnement-payant.fr/,https://www.catoappeals.com/data
uk,authority+ground,greenwich,payment_made,36,1,35,0,3,fr_tsp (247); lt_register (74825); nl_rechtspraak (1762),https://www.tribunal-stationnement-payant.fr/,https://www.catoappeals.com/data
uk,authority+ground,lewisham,signage_obscured,36,9,27,0,25,fr_tsp (247); lt_register (74825); nl_rechtspraak (1762),https://www.tribunal-stationnement-payant.fr/,https://www.catoappeals.com/data
uk,authority+ground,merton,loading_duration,36,11,25,0,31,fr_tsp (247); lt_register (74825); nl_rechtspraak (1762),https://www.tribunal-stationnement-payant.fr/,https://www.catoappeals.com/data
uk,authority+ground,newham,suspension_signage,36,12,24,0,33,fr_tsp (247); lt_register (74825); nl_rechtspraak (1762),https://www.tribunal-stationnement-payant.fr/,https://www.catoappeals.com/data
uk,authority+ground,newham,vehicle_sold,36,12,24,0,33,fr_tsp (247); lt_register (74825); nl_rechtspraak (1762),https://www.tribunal-stationnement-payant.fr/,https://www.catoappeals.com/data
uk,authority+ground,wandsworth,payment_made,36,1,35,0,3,fr_tsp (247); lt_register (74825); nl_rechtspraak (1762),https://www.tribunal-stationnement-payant.fr/,https://www.catoappeals.com/data
uk,authority+ground,barking and dagenham,permit_valid_dispute,35,11,24,0,31,fr_tsp (247); lt_register (74825); nl_rechtspraak (1762),https://www.tribunal-stationnement-payant.fr/,https://www.catoappeals.com/data
uk,authority+ground,camden,permit_valid_dispute,35,10,25,0,29,fr_tsp (247); lt_register (74825); nl_rechtspraak (1762),https://www.tribunal-stationnement-payant.fr/,https://www.catoappeals.com/data
uk,authority+ground,camden,suspension_signage,35,13,22,0,37,fr_tsp (247); lt_register (74825); nl_rechtspraak (1762),https://www.tribunal-stationnement-payant.fr/,https://www.catoappeals.com/data
uk,authority+ground,croydon,payment_made,35,8,27,0,23,fr_tsp (247); lt_register (74825); nl_rechtspraak (1762),https://www.tribunal-stationnement-payant.fr/,https://www.catoappeals.com/data
uk,authority+ground,hammersmith and fulham,vehicle_type_taxi,35,8,27,0,23,fr_tsp (247); lt_register (74825); nl_rechtspraak (1762),https://www.tribunal-stationnement-payant.fr/,https://www.catoappeals.com/data
uk,authority+ground,harrow,loading_duration,35,12,23,0,34,fr_tsp (247); lt_register (74825); nl_rechtspraak (1762),https://www.tribunal-stationnement-payant.fr/,https://www.catoappeals.com/data
uk,authority+ground,hillingdon,signage_inadequate,35,9,26,0,26,fr_tsp (247); lt_register (74825); nl_rechtspraak (1762),https://www.tribunal-stationnement-payant.fr/,https://www.catoappeals.com/data
uk,authority+ground,hounslow,grace_period_start,35,0,35,0,0,fr_tsp (247); lt_register (74825); nl_rechtspraak (1762),https://www.tribunal-stationnement-payant.fr/,https://www.catoappeals.com/data
uk,authority+ground,camden,grace_period_end,34,6,28,0,18,fr_tsp (247); lt_register (74825); nl_rechtspraak (1762),https://www.tribunal-stationnement-payant.fr/,https://www.catoappeals.com/data
uk,authority+ground,camden,vehicle_type_taxi,34,3,31,0,9,fr_tsp (247); lt_register (74825); nl_rechtspraak (1762),https://www.tribunal-stationnement-payant.fr/,https://www.catoappeals.com/data
uk,authority+ground,ealing,signage_obscured,34,6,28,0,18,fr_tsp (247); lt_register (74825); nl_rechtspraak (1762),https://www.tribunal-stationnement-payant.fr/,https://www.catoappeals.com/data
uk,authority+ground,harrow,footway_parking,34,5,29,0,15,fr_tsp (247); lt_register (74825); nl_rechtspraak (1762),https://www.tribunal-stationnement-payant.fr/,https://www.catoappeals.com/data
uk,authority+ground,havering,hire_vehicle,34,13,21,0,38,fr_tsp (247); lt_register (74825); nl_rechtspraak (1762),https://www.tribunal-stationnement-payant.fr/,https://www.catoappeals.com/data
uk,authority+ground,lambeth,legitimate_expectation,34,8,26,0,24,fr_tsp (247); lt_register (74825); nl_rechtspraak (1762),https://www.tribunal-stationnement-payant.fr/,https://www.catoappeals.com/data
uk,authority+ground,richmond,tro_validity,34,6,28,0,18,fr_tsp (247); lt_register (74825); nl_rechtspraak (1762),https://www.tribunal-stationnement-payant.fr/,https://www.catoappeals.com/data
uk,authority+ground,transport for london,grace_period_end,34,3,31,0,9,fr_tsp (247); lt_register (74825); nl_rechtspraak (1762),https://www.tribunal-stationnement-payant.fr/,https://www.catoappeals.com/data
uk,authority+ground,transport for london,procedural_delay,34,6,28,0,18,fr_tsp (247); lt_register (74825); nl_rechtspraak (1762),https://www.tribunal-stationnement-payant.fr/,https://www.catoappeals.com/data
uk,authority+ground,westminster,signage_obscured,34,11,23,0,32,fr_tsp (247); lt_register (74825); nl_rechtspraak (1762),https://www.tribunal-stationnement-payant.fr/,https://www.catoappeals.com/data
uk,authority+ground,croydon,vehicle_type_taxi,33,7,26,0,21,fr_tsp (247); lt_register (74825); nl_rechtspraak (1762),https://www.tribunal-stationnement-payant.fr/,https://www.catoappeals.com/data
uk,authority+ground,hackney,equality_act,33,0,33,0,0,fr_tsp (247); lt_register (74825); nl_rechtspraak (1762),https://www.tribunal-stationnement-payant.fr/,https://www.catoappeals.com/data
uk,authority+ground,haringey,footway_parking,33,5,28,0,15,fr_tsp (247); lt_register (74825); nl_rechtspraak (1762),https://www.tribunal-stationnement-payant.fr/,https://www.catoappeals.com/data
uk,authority+ground,islington,grace_period_end,33,3,30,0,9,fr_tsp (247); lt_register (74825); nl_rechtspraak (1762),https://www.tribunal-stationnement-payant.fr/,https://www.catoappeals.com/data
uk,authority+ground,lambeth,equality_act,33,3,30,0,9,fr_tsp (247); lt_register (74825); nl_rechtspraak (1762),https://www.tribunal-stationnement-payant.fr/,https://www.catoappeals.com/data
uk,authority+ground,merton,footway_parking,33,13,20,0,39,fr_tsp (247); lt_register (74825); nl_rechtspraak (1762),https://www.tribunal-stationnement-payant.fr/,https://www.catoappeals.com/data
uk,authority+ground,merton,sat_nav,33,2,31,0,6,fr_tsp (247); lt_register (74825); nl_rechtspraak (1762),https://www.tribunal-stationnement-payant.fr/,https://www.catoappeals.com/data
uk,authority+ground,tower hamlets,signage_obscured,33,15,18,0,45,fr_tsp (247); lt_register (74825); nl_rechtspraak (1762),https://www.tribunal-stationnement-payant.fr/,https://www.catoappeals.com/data
uk,authority+ground,waltham forest,keeper_liability_general,33,9,24,0,27,fr_tsp (247); lt_register (74825); nl_rechtspraak (1762),https://www.tribunal-stationnement-payant.fr/,https://www.catoappeals.com/data
uk,authority+ground,barking and dagenham,grace_period_start,32,1,31,0,3,fr_tsp (247); lt_register (74825); nl_rechtspraak (1762),https://www.tribunal-stationnement-payant.fr/,https://www.catoappeals.com/data
uk,authority+ground,city of london,hire_vehicle,32,4,28,0,12,fr_tsp (247); lt_register (74825); nl_rechtspraak (1762),https://www.tribunal-stationnement-payant.fr/,https://www.catoappeals.com/data
uk,authority+ground,harrow,vehicle_type_taxi,32,4,28,0,12,fr_tsp (247); lt_register (74825); nl_rechtspraak (1762),https://www.tribunal-stationnement-payant.fr/,https://www.catoappeals.com/data
uk,authority+ground,hounslow,vehicle_type_taxi,32,2,30,0,6,fr_tsp (247); lt_register (74825); nl_rechtspraak (1762),https://www.tribunal-stationnement-payant.fr/,https://www.catoappeals.com/data
uk,authority+ground,lambeth,boarding_alighting,32,5,27,0,16,fr_tsp (247); lt_register (74825); nl_rechtspraak (1762),https://www.tribunal-stationnement-payant.fr/,https://www.catoappeals.com/data
uk,authority+ground,lambeth,restriction_hours_timing,32,16,16,0,50,fr_tsp (247); lt_register (74825); nl_rechtspraak (1762),https://www.tribunal-stationnement-payant.fr/,https://www.catoappeals.com/data
uk,authority+ground,merton,hire_vehicle,32,9,23,0,28,fr_tsp (247); lt_register (74825); nl_rechtspraak (1762),https://www.tribunal-stationnement-payant.fr/,https://www.catoappeals.com/data
uk,authority+ground,newham,sat_nav,32,8,24,0,25,fr_tsp (247); lt_register (74825); nl_rechtspraak (1762),https://www.tribunal-stationnement-payant.fr/,https://www.catoappeals.com/data
uk,authority+ground,newham,school_street,32,4,28,0,12,fr_tsp (247); lt_register (74825); nl_rechtspraak (1762),https://www.tribunal-stationnement-payant.fr/,https://www.catoappeals.com/data
uk,authority+ground,richmond,payment_made,32,0,32,0,0,fr_tsp (247); lt_register (74825); nl_rechtspraak (1762),https://www.tribunal-stationnement-payant.fr/,https://www.catoappeals.com/data
uk,authority+ground,southwark,signage_missing,32,15,17,0,47,fr_tsp (247); lt_register (74825); nl_rechtspraak (1762),https://www.tribunal-stationnement-payant.fr/,https://www.catoappeals.com/data
uk,authority+ground,barking and dagenham,vehicle_type_taxi,31,7,24,0,23,fr_tsp (247); lt_register (74825); nl_rechtspraak (1762),https://www.tribunal-stationnement-payant.fr/,https://www.catoappeals.com/data
uk,authority+ground,city of london,vehicle_type_taxi,31,6,25,0,19,fr_tsp (247); lt_register (74825); nl_rechtspraak (1762),https://www.tribunal-stationnement-payant.fr/,https://www.catoappeals.com/data
uk,authority+ground,ealing,payment_made,31,0,31,0,0,fr_tsp (247); lt_register (74825); nl_rechtspraak (1762),https://www.tribunal-stationnement-payant.fr/,https://www.catoappeals.com/data
uk,authority+ground,enfield,footway_parking,31,6,25,0,19,fr_tsp (247); lt_register (74825); nl_rechtspraak (1762),https://www.tribunal-stationnement-payant.fr/,https://www.catoappeals.com/data
uk,authority+ground,greenwich,keeper_liability_general,31,7,24,0,23,fr_tsp (247); lt_register (74825); nl_rechtspraak (1762),https://www.tribunal-stationnement-payant.fr/,https://www.catoappeals.com/data
uk,authority+ground,harrow,keeper_liability_general,31,6,25,0,19,fr_tsp (247); lt_register (74825); nl_rechtspraak (1762),https://www.tribunal-stationnement-payant.fr/,https://www.catoappeals.com/data
uk,authority+ground,havering,procedural_delay,31,13,18,0,42,fr_tsp (247); lt_register (74825); nl_rechtspraak (1762),https://www.tribunal-stationnement-payant.fr/,https://www.catoappeals.com/data
uk,authority+ground,hillingdon,footway_parking,31,17,14,0,55,fr_tsp (247); lt_register (74825); nl_rechtspraak (1762),https://www.tribunal-stationnement-payant.fr/,https://www.catoappeals.com/data
uk,authority+ground,lambeth,sat_nav,31,3,28,0,10,fr_tsp (247); lt_register (74825); nl_rechtspraak (1762),https://www.tribunal-stationnement-payant.fr/,https://www.catoappeals.com/data
uk,authority+ground,lewisham,box_junction,31,8,23,0,26,fr_tsp (247); lt_register (74825); nl_rechtspraak (1762),https://www.tribunal-stationnement-payant.fr/,https://www.catoappeals.com/data
uk,authority+ground,southwark,footway_parking,31,10,21,0,32,fr_tsp (247); lt_register (74825); nl_rechtspraak (1762),https://www.tribunal-stationnement-payant.fr/,https://www.catoappeals.com/data
uk,authority+ground,tower hamlets,footway_parking,31,7,24,0,23,fr_tsp (247); lt_register (74825); nl_rechtspraak (1762),https://www.tribunal-stationnement-payant.fr/,https://www.catoappeals.com/data
uk,authority+ground,wandsworth,signage_obscured,31,6,25,0,19,fr_tsp (247); lt_register (74825); nl_rechtspraak (1762),https://www.tribunal-stationnement-payant.fr/,https://www.catoappeals.com/data
uk,authority+ground,westminster,suspension_signage,31,13,18,0,42,fr_tsp (247); lt_register (74825); nl_rechtspraak (1762),https://www.tribunal-stationnement-payant.fr/,https://www.catoappeals.com/data
uk,authority+ground,brent,equality_act,30,5,25,0,17,fr_tsp (247); lt_register (74825); nl_rechtspraak (1762),https://www.tribunal-stationnement-payant.fr/,https://www.catoappeals.com/data
uk,authority+ground,bromley,box_junction,30,7,23,0,23,fr_tsp (247); lt_register (74825); nl_rechtspraak (1762),https://www.tribunal-stationnement-payant.fr/,https://www.catoappeals.com/data
uk,authority+ground,havering,school_street,30,6,24,0,20,fr_tsp (247); lt_register (74825); nl_rechtspraak (1762),https://www.tribunal-stationnement-payant.fr/,https://www.catoappeals.com/data
uk,authority+ground,kingston,loading_duration,30,8,22,0,27,fr_tsp (247); lt_register (74825); nl_rechtspraak (1762),https://www.tribunal-stationnement-payant.fr/,https://www.catoappeals.com/data
uk,authority+ground,lambeth,bus_stop_clearway,30,4,26,0,13,fr_tsp (247); lt_register (74825); nl_rechtspraak (1762),https://www.tribunal-stationnement-payant.fr/,https://www.catoappeals.com/data
uk,authority+ground,newham,signage_missing,30,19,11,0,63,fr_tsp (247); lt_register (74825); nl_rechtspraak (1762),https://www.tribunal-stationnement-payant.fr/,https://www.catoappeals.com/data
uk,authority+ground,transport for london,bus_lane_signage,30,8,22,0,27,fr_tsp (247); lt_register (74825); nl_rechtspraak (1762),https://www.tribunal-stationnement-payant.fr/,https://www.catoappeals.com/data
uk,authority+ground,transport for london,vehicle_sold,30,16,14,0,53,fr_tsp (247); lt_register (74825); nl_rechtspraak (1762),https://www.tribunal-stationnement-payant.fr/,https://www.catoappeals.com/data
uk,authority+ground,waltham forest,suspension_signage,30,16,14,0,53,fr_tsp (247); lt_register (74825); nl_rechtspraak (1762),https://www.tribunal-stationnement-payant.fr/,https://www.catoappeals.com/data
uk,authority+ground,bexley,box_junction,29,5,24,0,17,fr_tsp (247); lt_register (74825); nl_rechtspraak (1762),https://www.tribunal-stationnement-payant.fr/,https://www.catoappeals.com/data
uk,authority+ground,ealing,school_street,29,5,24,0,17,fr_tsp (247); lt_register (74825); nl_rechtspraak (1762),https://www.tribunal-stationnement-payant.fr/,https://www.catoappeals.com/data
uk,authority+ground,haringey,grace_period_end,29,8,21,0,28,fr_tsp (247); lt_register (74825); nl_rechtspraak (1762),https://www.tribunal-stationnement-payant.fr/,https://www.catoappeals.com/data
uk,authority+ground,harrow,signage_obscured,29,6,23,0,21,fr_tsp (247); lt_register (74825); nl_rechtspraak (1762),https://www.tribunal-stationnement-payant.fr/,https://www.catoappeals.com/data
uk,authority+ground,havering,bus_stop_clearway,29,6,23,0,21,fr_tsp (247); lt_register (74825); nl_rechtspraak (1762),https://www.tribunal-stationnement-payant.fr/,https://www.catoappeals.com/data
uk,authority+ground,lewisham,equality_act,29,2,27,0,7,fr_tsp (247); lt_register (74825); nl_rechtspraak (1762),https://www.tribunal-stationnement-payant.fr/,https://www.catoappeals.com/data
uk,authority+ground,newham,legitimate_expectation,29,8,21,0,28,fr_tsp (247); lt_register (74825); nl_rechtspraak (1762),https://www.tribunal-stationnement-payant.fr/,https://www.catoappeals.com/data
uk,authority+ground,newham,towing,29,5,24,0,17,fr_tsp (247); lt_register (74825); nl_rechtspraak (1762),https://www.tribunal-stationnement-payant.fr/,https://www.catoappeals.com/data
uk,authority+ground,tower hamlets,equality_act,29,6,23,0,21,fr_tsp (247); lt_register (74825); nl_rechtspraak (1762),https://www.tribunal-stationnement-payant.fr/,https://www.catoappeals.com/data
uk,authority+ground,tower hamlets,legitimate_expectation,29,22,7,0,76,fr_tsp (247); lt_register (74825); nl_rechtspraak (1762),https://www.tribunal-stationnement-payant.fr/,https://www.catoappeals.com/data
uk,authority+ground,transport for london,restriction_hours_timing,29,3,26,0,10,fr_tsp (247); lt_register (74825); nl_rechtspraak (1762),https://www.tribunal-stationnement-payant.fr/,https://www.catoappeals.com/data
uk,authority+ground,waltham forest,boarding_alighting,29,6,23,0,21,fr_tsp (247); lt_register (74825); nl_rechtspraak (1762),https://www.tribunal-stationnement-payant.fr/,https://www.catoappeals.com/data
uk,authority+ground,wandsworth,banned_turn,29,1,28,0,3,fr_tsp (247); lt_register (74825); nl_rechtspraak (1762),https://www.tribunal-stationnement-payant.fr/,https://www.catoappeals.com/data
uk,authority+ground,westminster,vehicle_type_taxi,29,8,21,0,28,fr_tsp (247); lt_register (74825); nl_rechtspraak (1762),https://www.tribunal-stationnement-payant.fr/,https://www.catoappeals.com/data
uk,authority+ground,bexley,cctv_approval,28,8,20,0,29,fr_tsp (247); lt_register (74825); nl_rechtspraak (1762),https://www.tribunal-stationnement-payant.fr/,https://www.catoappeals.com/data
uk,authority+ground,hackney,grace_period_end,28,6,22,0,21,fr_tsp (247); lt_register (74825); nl_rechtspraak (1762),https://www.tribunal-stationnement-payant.fr/,https://www.catoappeals.com/data
uk,authority+ground,hammersmith and fulham,loading_duration,28,4,24,0,14,fr_tsp (247); lt_register (74825); nl_rechtspraak (1762),https://www.tribunal-stationnement-payant.fr/,https://www.catoappeals.com/data
uk,authority+ground,hammersmith and fulham,signage_obscured,28,6,22,0,21,fr_tsp (247); lt_register (74825); nl_rechtspraak (1762),https://www.tribunal-stationnement-payant.fr/,https://www.catoappeals.com/data
uk,authority+ground,lambeth,mitigation,28,4,24,0,14,fr_tsp (247); lt_register (74825); nl_rechtspraak (1762),https://www.tribunal-stationnement-payant.fr/,https://www.catoappeals.com/data
uk,authority+ground,barking and dagenham,school_street,27,8,19,0,30,fr_tsp (247); lt_register (74825); nl_rechtspraak (1762),https://www.tribunal-stationnement-payant.fr/,https://www.catoappeals.com/data
uk,authority+ground,barnet,tro_validity,27,16,11,0,59,fr_tsp (247); lt_register (74825); nl_rechtspraak (1762),https://www.tribunal-stationnement-payant.fr/,https://www.catoappeals.com/data
uk,authority+ground,brent,school_street,27,9,18,0,33,fr_tsp (247); lt_register (74825); nl_rechtspraak (1762),https://www.tribunal-stationnement-payant.fr/,https://www.catoappeals.com/data
uk,authority+ground,ealing,loading_duration,27,5,22,0,19,fr_tsp (247); lt_register (74825); nl_rechtspraak (1762),https://www.tribunal-stationnement-payant.fr/,https://www.catoappeals.com/data
uk,authority+ground,harrow,banned_turn,27,7,20,0,26,fr_tsp (247); lt_register (74825); nl_rechtspraak (1762),https://www.tribunal-stationnement-payant.fr/,https://www.catoappeals.com/data
uk,authority+ground,havering,sat_nav,27,10,17,0,37,fr_tsp (247); lt_register (74825); nl_rechtspraak (1762),https://www.tribunal-stationnement-payant.fr/,https://www.catoappeals.com/data
uk,authority+ground,hounslow,keeper_liability_general,27,10,17,0,37,fr_tsp (247); lt_register (74825); nl_rechtspraak (1762),https://www.tribunal-stationnement-payant.fr/,https://www.catoappeals.com/data
uk,authority+ground,kingston,grace_period_start,27,0,27,0,0,fr_tsp (247); lt_register (74825); nl_rechtspraak (1762),https://www.tribunal-stationnement-payant.fr/,https://www.catoappeals.com/data
uk,authority+ground,kingston,hire_vehicle,27,8,19,0,30,fr_tsp (247); lt_register (74825); nl_rechtspraak (1762),https://www.tribunal-stationnement-payant.fr/,https://www.catoappeals.com/data
uk,authority+ground,redbridge,vehicle_sold,27,3,24,0,11,fr_tsp (247); lt_register (74825); nl_rechtspraak (1762),https://www.tribunal-stationnement-payant.fr/,https://www.catoappeals.com/data
uk,authority+ground,waltham forest,signage_missing,27,17,10,0,63,fr_tsp (247); lt_register (74825); nl_rechtspraak (1762),https://www.tribunal-stationnement-payant.fr/,https://www.catoappeals.com/data
uk,authority+ground,camden,sat_nav,26,7,19,0,27,fr_tsp (247); lt_register (74825); nl_rechtspraak (1762),https://www.tribunal-stationnement-payant.fr/,https://www.catoappeals.com/data
uk,authority+ground,croydon,loading_duration,26,11,15,0,42,fr_tsp (247); lt_register (74825); nl_rechtspraak (1762),https://www.tribunal-stationnement-payant.fr/,https://www.catoappeals.com/data
uk,authority+ground,ealing,banned_turn,26,5,21,0,19,fr_tsp (247); lt_register (74825); nl_rechtspraak (1762),https://www.tribunal-stationnement-payant.fr/,https://www.catoappeals.com/data
uk,authority+ground,greenwich,grace_period_start,26,0,26,0,0,fr_tsp (247); lt_register (74825); nl_rechtspraak (1762),https://www.tribunal-stationnement-payant.fr/,https://www.catoappeals.com/data
uk,authority+ground,harrow,hire_vehicle,26,5,21,0,19,fr_tsp (247); lt_register (74825); nl_rechtspraak (1762),https://www.tribunal-stationnement-payant.fr/,https://www.catoappeals.com/data
uk,authority+ground,harrow,payment_machine_fault,26,3,23,0,12,fr_tsp (247); lt_register (74825); nl_rechtspraak (1762),https://www.tribunal-stationnement-payant.fr/,https://www.catoappeals.com/data
uk,authority+ground,tower hamlets,towing,26,4,22,0,15,fr_tsp (247); lt_register (74825); nl_rechtspraak (1762),https://www.tribunal-stationnement-payant.fr/,https://www.catoappeals.com/data
uk,authority+ground,waltham forest,bus_stop_clearway,26,3,23,0,12,fr_tsp (247); lt_register (74825); nl_rechtspraak (1762),https://www.tribunal-stationnement-payant.fr/,https://www.catoappeals.com/data
uk,authority+ground,barking and dagenham,grace_period_end,25,4,21,0,16,fr_tsp (247); lt_register (74825); nl_rechtspraak (1762),https://www.tribunal-stationnement-payant.fr/,https://www.catoappeals.com/data
uk,authority+ground,ealing,keeper_liability_general,25,3,22,0,12,fr_tsp (247); lt_register (74825); nl_rechtspraak (1762),https://www.tribunal-stationnement-payant.fr/,https://www.catoappeals.com/data
uk,authority+ground,enfield,keeper_liability_general,25,8,17,0,32,fr_tsp (247); lt_register (74825); nl_rechtspraak (1762),https://www.tribunal-stationnement-payant.fr/,https://www.catoappeals.com/data
uk,authority+ground,greenwich,vehicle_type_taxi,25,2,23,0,8,fr_tsp (247); lt_register (74825); nl_rechtspraak (1762),https://www.tribunal-stationnement-payant.fr/,https://www.catoappeals.com/data
uk,authority+ground,hackney,hire_vehicle,25,6,19,0,24,fr_tsp (247); lt_register (74825); nl_rechtspraak (1762),https://www.tribunal-stationnement-payant.fr/,https://www.catoappeals.com/data
uk,authority+ground,harrow,boarding_alighting,25,9,16,0,36,fr_tsp (247); lt_register (74825); nl_rechtspraak (1762),https://www.tribunal-stationnement-payant.fr/,https://www.catoappeals.com/data
uk,authority+ground,havering,boarding_alighting,25,4,21,0,16,fr_tsp (247); lt_register (74825); nl_rechtspraak (1762),https://www.tribunal-stationnement-payant.fr/,https://www.catoappeals.com/data
uk,authority+ground,havering,dropped_kerb,25,3,22,0,12,fr_tsp (247); lt_register (74825); nl_rechtspraak (1762),https://www.tribunal-stationnement-payant.fr/,https://www.catoappeals.com/data
uk,authority+ground,lambeth,vehicle_sold,25,16,9,0,64,fr_tsp (247); lt_register (74825); nl_rechtspraak (1762),https://www.tribunal-stationnement-payant.fr/,https://www.catoappeals.com/data
uk,authority+ground,merton,permit_valid_dispute,25,4,21,0,16,fr_tsp (247); lt_register (74825); nl_rechtspraak (1762),https://www.tribunal-stationnement-payant.fr/,https://www.catoappeals.com/data
uk,authority+ground,newham,bay_markings,25,10,15,0,40,fr_tsp (247); lt_register (74825); nl_rechtspraak (1762),https://www.tribunal-stationnement-payant.fr/,https://www.catoappeals.com/data
uk,authority+ground,redbridge,signage_missing,25,8,17,0,32,fr_tsp (247); lt_register (74825); nl_rechtspraak (1762),https://www.tribunal-stationnement-payant.fr/,https://www.catoappeals.com/data
uk,authority+ground,southwark,equality_act,25,4,21,0,16,fr_tsp (247); lt_register (74825); nl_rechtspraak (1762),https://www.tribunal-stationnement-payant.fr/,https://www.catoappeals.com/data
uk,authority+ground,transport for london,emergency_vehicle,25,2,23,0,8,fr_tsp (247); lt_register (74825); nl_rechtspraak (1762),https://www.tribunal-stationnement-payant.fr/,https://www.catoappeals.com/data
uk,authority+ground,waltham forest,grace_period_end,25,5,20,0,20,fr_tsp (247); lt_register (74825); nl_rechtspraak (1762),https://www.tribunal-stationnement-payant.fr/,https://www.catoappeals.com/data
uk,authority+ground,barking and dagenham,signage_obscured,24,8,16,0,33,fr_tsp (247); lt_register (74825); nl_rechtspraak (1762),https://www.tribunal-stationnement-payant.fr/,https://www.catoappeals.com/data
uk,authority+ground,bexley,loading_duration,24,5,19,0,21,fr_tsp (247); lt_register (74825); nl_rechtspraak (1762),https://www.tribunal-stationnement-payant.fr/,https://www.catoappeals.com/data
uk,authority+ground,croydon,permit_valid_dispute,24,14,10,0,58,fr_tsp (247); lt_register (74825); nl_rechtspraak (1762),https://www.tribunal-stationnement-payant.fr/,https://www.catoappeals.com/data
uk,authority+ground,enfield,hire_vehicle,24,5,19,0,21,fr_tsp (247); lt_register (74825); nl_rechtspraak (1762),https://www.tribunal-stationnement-payant.fr/,https://www.catoappeals.com/data
uk,authority+ground,enfield,payment_made,24,3,21,0,12,fr_tsp (247); lt_register (74825); nl_rechtspraak (1762),https://www.tribunal-stationnement-payant.fr/,https://www.catoappeals.com/data
uk,authority+ground,greenwich,sat_nav,24,8,16,0,33,fr_tsp (247); lt_register (74825); nl_rechtspraak (1762),https://www.tribunal-stationnement-payant.fr/,https://www.catoappeals.com/data
uk,authority+ground,hammersmith and fulham,permit_valid_dispute,24,4,20,0,17,fr_tsp (247); lt_register (74825); nl_rechtspraak (1762),https://www.tribunal-stationnement-payant.fr/,https://www.catoappeals.com/data
uk,authority+ground,haringey,school_street,24,9,15,0,38,fr_tsp (247); lt_register (74825); nl_rechtspraak (1762),https://www.tribunal-stationnement-payant.fr/,https://www.catoappeals.com/data
uk,authority+ground,hillingdon,cctv_approval,24,11,13,0,46,fr_tsp (247); lt_register (74825); nl_rechtspraak (1762),https://www.tribunal-stationnement-payant.fr/,https://www.catoappeals.com/data
uk,authority+ground,islington,vehicle_type_exempt,24,0,24,0,0,fr_tsp (247); lt_register (74825); nl_rechtspraak (1762),https://www.tribunal-stationnement-payant.fr/,https://www.catoappeals.com/data
uk,authority+ground,merton,bay_markings,24,6,18,0,25,fr_tsp (247); lt_register (74825); nl_rechtspraak (1762),https://www.tribunal-stationnement-payant.fr/,https://www.catoappeals.com/data
uk,authority+ground,newham,mitigation,24,4,20,0,17,fr_tsp (247); lt_register (74825); nl_rechtspraak (1762),https://www.tribunal-stationnement-payant.fr/,https://www.catoappeals.com/data
uk,authority+ground,southwark,sat_nav,24,5,19,0,21,fr_tsp (247); lt_register (74825); nl_rechtspraak (1762),https://www.tribunal-stationnement-payant.fr/,https://www.catoappeals.com/data
uk,authority+ground,waltham forest,banned_turn,24,6,18,0,25,fr_tsp (247); lt_register (74825); nl_rechtspraak (1762),https://www.tribunal-stationnement-payant.fr/,https://www.catoappeals.com/data
uk,authority+ground,barking and dagenham,box_junction,23,5,18,0,22,fr_tsp (247); lt_register (74825); nl_rechtspraak (1762),https://www.tribunal-stationnement-payant.fr/,https://www.catoappeals.com/data
uk,authority+ground,bexley,footway_parking,23,1,22,0,4,fr_tsp (247); lt_register (74825); nl_rechtspraak (1762),https://www.tribunal-stationnement-payant.fr/,https://www.catoappeals.com/data
uk,authority+ground,camden,equality_act,23,4,19,0,17,fr_tsp (247); lt_register (74825); nl_rechtspraak (1762),https://www.tribunal-stationnement-payant.fr/,https://www.catoappeals.com/data
uk,authority+ground,croydon,keeper_liability_general,23,4,19,0,17,fr_tsp (247); lt_register (74825); nl_rechtspraak (1762),https://www.tribunal-stationnement-payant.fr/,https://www.catoappeals.com/data
uk,authority+ground,hammersmith and fulham,payment_made,23,3,20,0,13,fr_tsp (247); lt_register (74825); nl_rechtspraak (1762),https://www.tribunal-stationnement-payant.fr/,https://www.catoappeals.com/data
uk,authority+ground,hounslow,hire_vehicle,23,7,16,0,30,fr_tsp (247); lt_register (74825); nl_rechtspraak (1762),https://www.tribunal-stationnement-payant.fr/,https://www.catoappeals.com/data
uk,authority+ground,islington,suspension_signage,23,6,17,0,26,fr_tsp (247); lt_register (74825); nl_rechtspraak (1762),https://www.tribunal-stationnement-payant.fr/,https://www.catoappeals.com/data
uk,authority+ground,kensington and chelsea,signage_inadequate,23,3,20,0,13,fr_tsp (247); lt_register (74825); nl_rechtspraak (1762),https://www.tribunal-stationnement-payant.fr/,https://www.catoappeals.com/data
uk,authority+ground,redbridge,dropped_kerb,23,3,20,0,13,fr_tsp (247); lt_register (74825); nl_rechtspraak (1762),https://www.tribunal-stationnement-payant.fr/,https://www.catoappeals.com/data
uk,authority+ground,southwark,restriction_hours_timing,23,5,18,0,22,fr_tsp (247); lt_register (74825); nl_rechtspraak (1762),https://www.tribunal-stationnement-payant.fr/,https://www.catoappeals.com/data
uk,authority+ground,transport for london,bay_markings,23,2,21,0,9,fr_tsp (247); lt_register (74825); nl_rechtspraak (1762),https://www.tribunal-stationnement-payant.fr/,https://www.catoappeals.com/data
uk,authority+ground,waltham forest,school_street,23,2,21,0,9,fr_tsp (247); lt_register (74825); nl_rechtspraak (1762),https://www.tribunal-stationnement-payant.fr/,https://www.catoappeals.com/data
uk,authority+ground,wandsworth,payment_machine_fault,23,6,17,0,26,fr_tsp (247); lt_register (74825); nl_rechtspraak (1762),https://www.tribunal-stationnement-payant.fr/,https://www.catoappeals.com/data
uk,authority+ground,westminster,equality_act,23,4,19,0,17,fr_tsp (247); lt_register (74825); nl_rechtspraak (1762),https://www.tribunal-stationnement-payant.fr/,https://www.catoappeals.com/data
uk,authority+ground,westminster,payment_made,23,2,21,0,9,fr_tsp (247); lt_register (74825); nl_rechtspraak (1762),https://www.tribunal-stationnement-payant.fr/,https://www.catoappeals.com/data
uk,authority+ground,barking and dagenham,hire_vehicle,22,4,18,0,18,fr_tsp (247); lt_register (74825); nl_rechtspraak (1762),https://www.tribunal-stationnement-payant.fr/,https://www.catoappeals.com/data
uk,authority+ground,brent,grace_period_end,22,5,17,0,23,fr_tsp (247); lt_register (74825); nl_rechtspraak (1762),https://www.tribunal-stationnement-payant.fr/,https://www.catoappeals.com/data
uk,authority+ground,camden,signage_missing,22,6,16,0,27,fr_tsp (247); lt_register (74825); nl_rechtspraak (1762),https://www.tribunal-stationnement-payant.fr/,https://www.catoappeals.com/data
uk,authority+ground,city of london,cctv_approval,22,7,15,0,32,fr_tsp (247); lt_register (74825); nl_rechtspraak (1762),https://www.tribunal-stationnement-payant.fr/,https://www.catoappeals.com/data
uk,authority+ground,croydon,grace_period_end,22,8,14,0,36,fr_tsp (247); lt_register (74825); nl_rechtspraak (1762),https://www.tribunal-stationnement-payant.fr/,https://www.catoappeals.com/data
uk,authority+ground,ealing,grace_period_start,22,0,22,0,0,fr_tsp (247); lt_register (74825); nl_rechtspraak (1762),https://www.tribunal-stationnement-payant.fr/,https://www.catoappeals.com/data
uk,authority+ground,enfield,payment_machine_fault,22,5,17,0,23,fr_tsp (247); lt_register (74825); nl_rechtspraak (1762),https://www.tribunal-stationnement-payant.fr/,https://www.catoappeals.com/data
uk,authority+ground,haringey,bus_stop_clearway,22,8,14,0,36,fr_tsp (247); lt_register (74825); nl_rechtspraak (1762),https://www.tribunal-stationnement-payant.fr/,https://www.catoappeals.com/data
uk,authority+ground,haringey,restriction_hours_timing,22,5,17,0,23,fr_tsp (247); lt_register (74825); nl_rechtspraak (1762),https://www.tribunal-stationnement-payant.fr/,https://www.catoappeals.com/data
uk,authority+ground,harrow,red_route_stopping,22,8,14,0,36,fr_tsp (247); lt_register (74825); nl_rechtspraak (1762),https://www.tribunal-stationnement-payant.fr/,https://www.catoappeals.com/data
uk,authority+ground,hillingdon,box_junction,22,4,18,0,18,fr_tsp (247); lt_register (74825); nl_rechtspraak (1762),https://www.tribunal-stationnement-payant.fr/,https://www.catoappeals.com/data
uk,authority+ground,kingston,payment_machine_fault,22,4,18,0,18,fr_tsp (247); lt_register (74825); nl_rechtspraak (1762),https://www.tribunal-stationnement-payant.fr/,https://www.catoappeals.com/data
uk,authority+ground,lambeth,procedural_delay,22,2,20,0,9,fr_tsp (247); lt_register (74825); nl_rechtspraak (1762),https://www.tribunal-stationnement-payant.fr/,https://www.catoappeals.com/data
uk,authority+ground,lambeth,signage_missing,22,12,10,0,55,fr_tsp (247); lt_register (74825); nl_rechtspraak (1762),https://www.tribunal-stationnement-payant.fr/,https://www.catoappeals.com/data
uk,authority+ground,redbridge,parked_definition,22,1,21,0,5,fr_tsp (247); lt_register (74825); nl_rechtspraak (1762),https://www.tribunal-stationnement-payant.fr/,https://www.catoappeals.com/data
uk,authority+ground,southwark,observation_period,22,10,12,0,45,fr_tsp (247); lt_register (74825); nl_rechtspraak (1762),https://www.tribunal-stationnement-payant.fr/,https://www.catoappeals.com/data
uk,authority+ground,tower hamlets,signage_missing,22,9,13,0,41,fr_tsp (247); lt_register (74825); nl_rechtspraak (1762),https://www.tribunal-stationnement-payant.fr/,https://www.catoappeals.com/data
uk,authority+ground,waltham forest,equality_act,22,3,19,0,14,fr_tsp (247); lt_register (74825); nl_rechtspraak (1762),https://www.tribunal-stationnement-payant.fr/,https://www.catoappeals.com/data
uk,authority+ground,wandsworth,school_street,22,1,21,0,5,fr_tsp (247); lt_register (74825); nl_rechtspraak (1762),https://www.tribunal-stationnement-payant.fr/,https://www.catoappeals.com/data
uk,authority+ground,barking and dagenham,equality_act,21,4,17,0,19,fr_tsp (247); lt_register (74825); nl_rechtspraak (1762),https://www.tribunal-stationnement-payant.fr/,https://www.catoappeals.com/data
uk,authority+ground,camden,footway_parking,21,8,13,0,38,fr_tsp (247); lt_register (74825); nl_rechtspraak (1762),https://www.tribunal-stationnement-payant.fr/,https://www.catoappeals.com/data
uk,authority+ground,camden,restriction_hours_timing,21,4,17,0,19,fr_tsp (247); lt_register (74825); nl_rechtspraak (1762),https://www.tribunal-stationnement-payant.fr/,https://www.catoappeals.com/data
uk,authority+ground,croydon,footway_parking,21,8,13,0,38,fr_tsp (247); lt_register (74825); nl_rechtspraak (1762),https://www.tribunal-stationnement-payant.fr/,https://www.catoappeals.com/data
uk,authority+ground,greenwich,hire_vehicle,21,5,16,0,24,fr_tsp (247); lt_register (74825); nl_rechtspraak (1762),https://www.tribunal-stationnement-payant.fr/,https://www.catoappeals.com/data
uk,authority+ground,greenwich,loading_duration,21,12,9,0,57,fr_tsp (247); lt_register (74825); nl_rechtspraak (1762),https://www.tribunal-stationnement-payant.fr/,https://www.catoappeals.com/data
uk,authority+ground,hammersmith and fulham,banned_turn,21,2,19,0,10,fr_tsp (247); lt_register (74825); nl_rechtspraak (1762),https://www.tribunal-stationnement-payant.fr/,https://www.catoappeals.com/data
uk,authority+ground,hammersmith and fulham,payment_machine_fault,21,1,20,0,5,fr_tsp (247); lt_register (74825); nl_rechtspraak (1762),https://www.tribunal-stationnement-payant.fr/,https://www.catoappeals.com/data
uk,authority+ground,haringey,sat_nav,21,6,15,0,29,fr_tsp (247); lt_register (74825); nl_rechtspraak (1762),https://www.tribunal-stationnement-payant.fr/,https://www.catoappeals.com/data
uk,authority+ground,harrow,grace_period_start,21,0,21,0,0,fr_tsp (247); lt_register (74825); nl_rechtspraak (1762),https://www.tribunal-stationnement-payant.fr/,https://www.catoappeals.com/data
uk,authority+ground,havering,equality_act,21,6,15,0,29,fr_tsp (247); lt_register (74825); nl_rechtspraak (1762),https://www.tribunal-stationnement-payant.fr/,https://www.catoappeals.com/data
uk,authority+ground,lambeth,banned_turn,21,11,10,0,52,fr_tsp (247); lt_register (74825); nl_rechtspraak (1762),https://www.tribunal-stationnement-payant.fr/,https://www.catoappeals.com/data
uk,authority+ground,merton,banned_turn,21,9,12,0,43,fr_tsp (247); lt_register (74825); nl_rechtspraak (1762),https://www.tribunal-stationnement-payant.fr/,https://www.catoappeals.com/data
uk,authority+ground,merton,vehicle_type_taxi,21,8,13,0,38,fr_tsp (247); lt_register (74825); nl_rechtspraak (1762),https://www.tribunal-stationnement-payant.fr/,https://www.catoappeals.com/data
uk,authority+ground,newham,loading_bay_use,21,7,14,0,33,fr_tsp (247); lt_register (74825); nl_rechtspraak (1762),https://www.tribunal-stationnement-payant.fr/,https://www.catoappeals.com/data
uk,authority+ground,newham,representations_ignored,21,14,7,0,67,fr_tsp (247); lt_register (74825); nl_rechtspraak (1762),https://www.tribunal-stationnement-payant.fr/,https://www.catoappeals.com/data
uk,authority+ground,newham,restriction_hours_timing,21,3,18,0,14,fr_tsp (247); lt_register (74825); nl_rechtspraak (1762),https://www.tribunal-stationnement-payant.fr/,https://www.catoappeals.com/data
uk,authority+ground,newham,signage_faded,21,7,14,0,33,fr_tsp (247); lt_register (74825); nl_rechtspraak (1762),https://www.tribunal-stationnement-payant.fr/,https://www.catoappeals.com/data
uk,authority+ground,southwark,school_street,21,2,19,0,10,fr_tsp (247); lt_register (74825); nl_rechtspraak (1762),https://www.tribunal-stationnement-payant.fr/,https://www.catoappeals.com/data
uk,authority+ground,tower hamlets,payment_machine_fault,21,3,18,0,14,fr_tsp (247); lt_register (74825); nl_rechtspraak (1762),https://www.tribunal-stationnement-payant.fr/,https://www.catoappeals.com/data
uk,authority+ground,transport for london,legitimate_expectation,21,4,17,0,19,fr_tsp (247); lt_register (74825); nl_rechtspraak (1762),https://www.tribunal-stationnement-payant.fr/,https://www.catoappeals.com/data
uk,authority+ground,wandsworth,grace_period_start,21,0,21,0,0,fr_tsp (247); lt_register (74825); nl_rechtspraak (1762),https://www.tribunal-stationnement-payant.fr/,https://www.catoappeals.com/data
uk,authority+ground,barking and dagenham,bay_markings,20,6,14,0,30,fr_tsp (247); lt_register (74825); nl_rechtspraak (1762),https://www.tribunal-stationnement-payant.fr/,https://www.catoappeals.com/data
uk,authority+ground,barking and dagenham,vehicle_stolen,20,8,12,0,40,fr_tsp (247); lt_register (74825); nl_rechtspraak (1762),https://www.tribunal-stationnement-payant.fr/,https://www.catoappeals.com/data
uk,authority+ground,barnet,banned_turn,20,4,16,0,20,fr_tsp (247); lt_register (74825); nl_rechtspraak (1762),https://www.tribunal-stationnement-payant.fr/,https://www.catoappeals.com/data
uk,authority+ground,croydon,box_junction,20,5,15,0,25,fr_tsp (247); lt_register (74825); nl_rechtspraak (1762),https://www.tribunal-stationnement-payant.fr/,https://www.catoappeals.com/data
uk,authority+ground,croydon,sat_nav,20,2,18,0,10,fr_tsp (247); lt_register (74825); nl_rechtspraak (1762),https://www.tribunal-stationnement-payant.fr/,https://www.catoappeals.com/data
uk,authority+ground,hackney,sat_nav,20,2,18,0,10,fr_tsp (247); lt_register (74825); nl_rechtspraak (1762),https://www.tribunal-stationnement-payant.fr/,https://www.catoappeals.com/data
uk,authority+ground,haringey,box_junction,20,7,13,0,35,fr_tsp (247); lt_register (74825); nl_rechtspraak (1762),https://www.tribunal-stationnement-payant.fr/,https://www.catoappeals.com/data
uk,authority+ground,havering,permit_valid_dispute,20,4,16,0,20,fr_tsp (247); lt_register (74825); nl_rechtspraak (1762),https://www.tribunal-stationnement-payant.fr/,https://www.catoappeals.com/data
uk,authority+ground,havering,vehicle_type_taxi,20,3,17,0,15,fr_tsp (247); lt_register (74825); nl_rechtspraak (1762),https://www.tribunal-stationnement-payant.fr/,https://www.catoappeals.com/data
uk,authority+ground,hounslow,grace_period_end,20,3,17,0,15,fr_tsp (247); lt_register (74825); nl_rechtspraak (1762),https://www.tribunal-stationnement-payant.fr/,https://www.catoappeals.com/data
uk,authority+ground,islington,vehicle_type_taxi,20,1,19,0,5,fr_tsp (247); lt_register (74825); nl_rechtspraak (1762),https://www.tribunal-stationnement-payant.fr/,https://www.catoappeals.com/data
uk,authority+ground,kingston,box_junction,20,11,9,0,55,fr_tsp (247); lt_register (74825); nl_rechtspraak (1762),https://www.tribunal-stationnement-payant.fr/,https://www.catoappeals.com/data
uk,authority+ground,kingston,keeper_liability_general,20,7,13,0,35,fr_tsp (247); lt_register (74825); nl_rechtspraak (1762),https://www.tribunal-stationnement-payant.fr/,https://www.catoappeals.com/data
uk,authority+ground,kingston,permit_valid_dispute,20,6,14,0,30,fr_tsp (247); lt_register (74825); nl_rechtspraak (1762),https://www.tribunal-stationnement-payant.fr/,https://www.catoappeals.com/data
uk,authority+ground,redbridge,bay_markings,20,7,13,0,35,fr_tsp (247); lt_register (74825); nl_rechtspraak (1762),https://www.tribunal-stationnement-payant.fr/,https://www.catoappeals.com/data
uk,authority+ground,redbridge,signage_faded,20,9,11,0,45,fr_tsp (247); lt_register (74825); nl_rechtspraak (1762),https://www.tribunal-stationnement-payant.fr/,https://www.catoappeals.com/data
uk,authority+ground,southwark,loading_bay_use,20,7,13,0,35,fr_tsp (247); lt_register (74825); nl_rechtspraak (1762),https://www.tribunal-stationnement-payant.fr/,https://www.catoappeals.com/data
uk,authority+ground,tower hamlets,grace_period_end,20,4,16,0,20,fr_tsp (247); lt_register (74825); nl_rechtspraak (1762),https://www.tribunal-stationnement-payant.fr/,https://www.catoappeals.com/data
uk,authority+ground,westminster,breakdown,20,3,17,0,15,fr_tsp (247); lt_register (74825); nl_rechtspraak (1762),https://www.tribunal-stationnement-payant.fr/,https://www.catoappeals.com/data
uk,authority+ground,westminster,vehicle_sold,20,4,16,0,20,fr_tsp (247); lt_register (74825); nl_rechtspraak (1762),https://www.tribunal-stationnement-payant.fr/,https://www.catoappeals.com/data
uk,authority+ground,brent,banned_turn,19,5,14,0,26,fr_tsp (247); lt_register (74825); nl_rechtspraak (1762),https://www.tribunal-stationnement-payant.fr/,https://www.catoappeals.com/data
uk,authority+ground,brent,boarding_alighting,19,5,14,0,26,fr_tsp (247); lt_register (74825); nl_rechtspraak (1762),https://www.tribunal-stationnement-payant.fr/,https://www.catoappeals.com/data
uk,authority+ground,camden,boarding_alighting,19,4,15,0,21,fr_tsp (247); lt_register (74825); nl_rechtspraak (1762),https://www.tribunal-stationnement-payant.fr/,https://www.catoappeals.com/data
uk,authority+ground,camden,bus_stop_clearway,19,2,17,0,11,fr_tsp (247); lt_register (74825); nl_rechtspraak (1762),https://www.tribunal-stationnement-payant.fr/,https://www.catoappeals.com/data
uk,authority+ground,croydon,equality_act,19,2,17,0,11,fr_tsp (247); lt_register (74825); nl_rechtspraak (1762),https://www.tribunal-stationnement-payant.fr/,https://www.catoappeals.com/data
uk,authority+ground,ealing,sat_nav,19,1,18,0,5,fr_tsp (247); lt_register (74825); nl_rechtspraak (1762),https://www.tribunal-stationnement-payant.fr/,https://www.catoappeals.com/data
uk,authority+ground,greenwich,grace_period_end,19,13,6,0,68,fr_tsp (247); lt_register (74825); nl_rechtspraak (1762),https://www.tribunal-stationnement-payant.fr/,https://www.catoappeals.com/data
uk,authority+ground,greenwich,signage_missing,19,9,10,0,47,fr_tsp (247); lt_register (74825); nl_rechtspraak (1762),https://www.tribunal-stationnement-payant.fr/,https://www.catoappeals.com/data
uk,authority+ground,hammersmith and fulham,hire_vehicle,19,1,18,0,5,fr_tsp (247); lt_register (74825); nl_rechtspraak (1762),https://www.tribunal-stationnement-payant.fr/,https://www.catoappeals.com/data
uk,authority+ground,haringey,vehicle_stolen,19,2,17,0,11,fr_tsp (247); lt_register (74825); nl_rechtspraak (1762),https://www.tribunal-stationnement-payant.fr/,https://www.catoappeals.com/data
uk,authority+ground,harrow,grace_period_end,19,2,17,0,11,fr_tsp (247); lt_register (74825); nl_rechtspraak (1762),https://www.tribunal-stationnement-payant.fr/,https://www.catoappeals.com/data
uk,authority+ground,havering,bus_lane_signage,19,9,10,0,47,fr_tsp (247); lt_register (74825); nl_rechtspraak (1762),https://www.tribunal-stationnement-payant.fr/,https://www.catoappeals.com/data
uk,authority+ground,kingston,equality_act,19,2,17,0,11,fr_tsp (247); lt_register (74825); nl_rechtspraak (1762),https://www.tribunal-stationnement-payant.fr/,https://www.catoappeals.com/data
uk,authority+ground,lambeth,cpz_new_scheme_notice,19,5,14,0,26,fr_tsp (247); lt_register (74825); nl_rechtspraak (1762),https://www.tribunal-stationnement-payant.fr/,https://www.catoappeals.com/data
uk,authority+ground,newham,banned_turn,19,2,17,0,11,fr_tsp (247); lt_register (74825); nl_rechtspraak (1762),https://www.tribunal-stationnement-payant.fr/,https://www.catoappeals.com/data
uk,authority+ground,newham,observation_period,19,9,10,0,47,fr_tsp (247); lt_register (74825); nl_rechtspraak (1762),https://www.tribunal-stationnement-payant.fr/,https://www.catoappeals.com/data
uk,authority+ground,newham,vehicle_stolen,19,6,13,0,32,fr_tsp (247); lt_register (74825); nl_rechtspraak (1762),https://www.tribunal-stationnement-payant.fr/,https://www.catoappeals.com/data
uk,authority+ground,redbridge,breakdown,19,4,15,0,21,fr_tsp (247); lt_register (74825); nl_rechtspraak (1762),https://www.tribunal-stationnement-payant.fr/,https://www.catoappeals.com/data
uk,authority+ground,redbridge,procedural_delay,19,6,13,0,32,fr_tsp (247); lt_register (74825); nl_rechtspraak (1762),https://www.tribunal-stationnement-payant.fr/,https://www.catoappeals.com/data
uk,authority+ground,richmond,grace_period_start,19,0,19,0,0,fr_tsp (247); lt_register (74825); nl_rechtspraak (1762),https://www.tribunal-stationnement-payant.fr/,https://www.catoappeals.com/data
uk,authority+ground,tower hamlets,boarding_alighting,19,4,15,0,21,fr_tsp (247); lt_register (74825); nl_rechtspraak (1762),https://www.tribunal-stationnement-payant.fr/,https://www.catoappeals.com/data
uk,authority+ground,tower hamlets,grace_period_start,19,1,18,0,5,fr_tsp (247); lt_register (74825); nl_rechtspraak (1762),https://www.tribunal-stationnement-payant.fr/,https://www.catoappeals.com/data
uk,authority+ground,tower hamlets,hire_vehicle,19,3,16,0,16,fr_tsp (247); lt_register (74825); nl_rechtspraak (1762),https://www.tribunal-stationnement-payant.fr/,https://www.catoappeals.com/data
uk,authority+ground,transport for london,procedural_service,19,10,9,0,53,fr_tsp (247); lt_register (74825); nl_rechtspraak (1762),https://www.tribunal-stationnement-payant.fr/,https://www.catoappeals.com/data
uk,authority+ground,transport for london,public_holiday,19,3,16,0,16,fr_tsp (247); lt_register (74825); nl_rechtspraak (1762),https://www.tribunal-stationnement-payant.fr/,https://www.catoappeals.com/data
uk,authority+ground,transport for london,signage_faded,19,3,16,0,16,fr_tsp (247); lt_register (74825); nl_rechtspraak (1762),https://www.tribunal-stationnement-payant.fr/,https://www.catoappeals.com/data
uk,authority+ground,wandsworth,loading_duration,19,8,11,0,42,fr_tsp (247); lt_register (74825); nl_rechtspraak (1762),https://www.tribunal-stationnement-payant.fr/,https://www.catoappeals.com/data
uk,authority+ground,barking and dagenham,dropped_kerb,18,4,14,0,22,fr_tsp (247); lt_register (74825); nl_rechtspraak (1762),https://www.tribunal-stationnement-payant.fr/,https://www.catoappeals.com/data
uk,authority+ground,barking and dagenham,signage_missing,18,10,8,0,56,fr_tsp (247); lt_register (74825); nl_rechtspraak (1762),https://www.tribunal-stationnement-payant.fr/,https://www.catoappeals.com/data
uk,authority+ground,bexley,tro_validity,18,6,12,0,33,fr_tsp (247); lt_register (74825); nl_rechtspraak (1762),https://www.tribunal-stationnement-payant.fr/,https://www.catoappeals.com/data
uk,authority+ground,enfield,permit_valid_dispute,18,5,13,0,28,fr_tsp (247); lt_register (74825); nl_rechtspraak (1762),https://www.tribunal-stationnement-payant.fr/,https://www.catoappeals.com/data
uk,authority+ground,hammersmith and fulham,signage_missing,18,3,15,0,17,fr_tsp (247); lt_register (74825); nl_rechtspraak (1762),https://www.tribunal-stationnement-payant.fr/,https://www.catoappeals.com/data
uk,authority+ground,haringey,legitimate_expectation,18,5,13,0,28,fr_tsp (247); lt_register (74825); nl_rechtspraak (1762),https://www.tribunal-stationnement-payant.fr/,https://www.catoappeals.com/data
uk,authority+ground,hounslow,signage_missing,18,6,12,0,33,fr_tsp (247); lt_register (74825); nl_rechtspraak (1762),https://www.tribunal-stationnement-payant.fr/,https://www.catoappeals.com/data
uk,authority+ground,kingston,signage_obscured,18,12,6,0,67,fr_tsp (247); lt_register (74825); nl_rechtspraak (1762),https://www.tribunal-stationnement-payant.fr/,https://www.catoappeals.com/data
uk,authority+ground,lambeth,grace_period_end,18,4,14,0,22,fr_tsp (247); lt_register (74825); nl_rechtspraak (1762),https://www.tribunal-stationnement-payant.fr/,https://www.catoappeals.com/data
uk,authority+ground,lambeth,suspension_signage,18,9,9,0,50,fr_tsp (247); lt_register (74825); nl_rechtspraak (1762),https://www.tribunal-stationnement-payant.fr/,https://www.catoappeals.com/data
uk,authority+ground,lewisham,keeper_liability_general,18,3,15,0,17,fr_tsp (247); lt_register (74825); nl_rechtspraak (1762),https://www.tribunal-stationnement-payant.fr/,https://www.catoappeals.com/data
uk,authority+ground,lewisham,sat_nav,18,0,18,0,0,fr_tsp (247); lt_register (74825); nl_rechtspraak (1762),https://www.tribunal-stationnement-payant.fr/,https://www.catoappeals.com/data
uk,authority+ground,merton,grace_period_end,18,2,16,0,11,fr_tsp (247); lt_register (74825); nl_rechtspraak (1762),https://www.tribunal-stationnement-payant.fr/,https://www.catoappeals.com/data
uk,authority+ground,redbridge,loading_bay_use,18,7,11,0,39,fr_tsp (247); lt_register (74825); nl_rechtspraak (1762),https://www.tribunal-stationnement-payant.fr/,https://www.catoappeals.com/data
uk,authority+ground,redbridge,mitigation,18,4,14,0,22,fr_tsp (247); lt_register (74825); nl_rechtspraak (1762),https://www.tribunal-stationnement-payant.fr/,https://www.catoappeals.com/data
uk,authority+ground,redbridge,restriction_hours_timing,18,4,14,0,22,fr_tsp (247); lt_register (74825); nl_rechtspraak (1762),https://www.tribunal-stationnement-payant.fr/,https://www.catoappeals.com/data
uk,authority+ground,richmond,payment_machine_fault,18,2,16,0,11,fr_tsp (247); lt_register (74825); nl_rechtspraak (1762),https://www.tribunal-stationnement-payant.fr/,https://www.catoappeals.com/data
uk,authority+ground,southwark,emergency_vehicle,18,1,17,0,6,fr_tsp (247); lt_register (74825); nl_rechtspraak (1762),https://www.tribunal-stationnement-payant.fr/,https://www.catoappeals.com/data
uk,authority+ground,transport for london,vehicle_stolen,18,1,17,0,6,fr_tsp (247); lt_register (74825); nl_rechtspraak (1762),https://www.tribunal-stationnement-payant.fr/,https://www.catoappeals.com/data
uk,authority+ground,westminster,boarding_alighting,18,4,14,0,22,fr_tsp (247); lt_register (74825); nl_rechtspraak (1762),https://www.tribunal-stationnement-payant.fr/,https://www.catoappeals.com/data
uk,authority+ground,westminster,grace_period_end,18,4,14,0,22,fr_tsp (247); lt_register (74825); nl_rechtspraak (1762),https://www.tribunal-stationnement-payant.fr/,https://www.catoappeals.com/data
uk,authority+ground,barking and dagenham,banned_turn,17,1,16,0,6,fr_tsp (247); lt_register (74825); nl_rechtspraak (1762),https://www.tribunal-stationnement-payant.fr/,https://www.catoappeals.com/data
uk,authority+ground,bromley,signage_inadequate,17,3,14,0,18,fr_tsp (247); lt_register (74825); nl_rechtspraak (1762),https://www.tribunal-stationnement-payant.fr/,https://www.catoappeals.com/data
uk,authority+ground,croydon,banned_turn,17,8,9,0,47,fr_tsp (247); lt_register (74825); nl_rechtspraak (1762),https://www.tribunal-stationnement-payant.fr/,https://www.catoappeals.com/data
uk,authority+ground,croydon,grace_period_start,17,2,15,0,12,fr_tsp (247); lt_register (74825); nl_rechtspraak (1762),https://www.tribunal-stationnement-payant.fr/,https://www.catoappeals.com/data
uk,authority+ground,ealing,equality_act,17,2,15,0,12,fr_tsp (247); lt_register (74825); nl_rechtspraak (1762),https://www.tribunal-stationnement-payant.fr/,https://www.catoappeals.com/data
uk,authority+ground,ealing,mitigation,17,0,17,0,0,fr_tsp (247); lt_register (74825); nl_rechtspraak (1762),https://www.tribunal-stationnement-payant.fr/,https://www.catoappeals.com/data
uk,authority+ground,ealing,restriction_hours_timing,17,3,14,0,18,fr_tsp (247); lt_register (74825); nl_rechtspraak (1762),https://www.tribunal-stationnement-payant.fr/,https://www.catoappeals.com/data
uk,authority+ground,enfield,grace_period_start,17,1,16,0,6,fr_tsp (247); lt_register (74825); nl_rechtspraak (1762),https://www.tribunal-stationnement-payant.fr/,https://www.catoappeals.com/data
uk,authority+ground,enfield,signage_obscured,17,5,12,0,29,fr_tsp (247); lt_register (74825); nl_rechtspraak (1762),https://www.tribunal-stationnement-payant.fr/,https://www.catoappeals.com/data
uk,authority+ground,havering,camera_enforcement_scope,17,0,17,0,0,fr_tsp (247); lt_register (74825); nl_rechtspraak (1762),https://www.tribunal-stationnement-payant.fr/,https://www.catoappeals.com/data
uk,authority+ground,havering,grace_period_end,17,8,9,0,47,fr_tsp (247); lt_register (74825); nl_rechtspraak (1762),https://www.tribunal-stationnement-payant.fr/,https://www.catoappeals.com/data
uk,authority+ground,havering,signage_faded,17,8,9,0,47,fr_tsp (247); lt_register (74825); nl_rechtspraak (1762),https://www.tribunal-stationnement-payant.fr/,https://www.catoappeals.com/data
uk,authority+ground,hounslow,bay_markings,17,6,11,0,35,fr_tsp (247); lt_register (74825); nl_rechtspraak (1762),https://www.tribunal-stationnement-payant.fr/,https://www.catoappeals.com/data
uk,authority+ground,hounslow,boarding_alighting,17,3,14,0,18,fr_tsp (247); lt_register (74825); nl_rechtspraak (1762),https://www.tribunal-stationnement-payant.fr/,https://www.catoappeals.com/data
uk,authority+ground,hounslow,equality_act,17,3,14,0,18,fr_tsp (247); lt_register (74825); nl_rechtspraak (1762),https://www.tribunal-stationnement-payant.fr/,https://www.catoappeals.com/data
uk,authority+ground,islington,payment_keying_error,17,2,15,0,12,fr_tsp (247); lt_register (74825); nl_rechtspraak (1762),https://www.tribunal-stationnement-payant.fr/,https://www.catoappeals.com/data
uk,authority+ground,merton,boarding_alighting,17,9,8,0,53,fr_tsp (247); lt_register (74825); nl_rechtspraak (1762),https://www.tribunal-stationnement-payant.fr/,https://www.catoappeals.com/data
uk,authority+ground,merton,equality_act,17,3,14,0,18,fr_tsp (247); lt_register (74825); nl_rechtspraak (1762),https://www.tribunal-stationnement-payant.fr/,https://www.catoappeals.com/data
uk,authority+ground,newham,emergency_vehicle,17,3,14,0,18,fr_tsp (247); lt_register (74825); nl_rechtspraak (1762),https://www.tribunal-stationnement-payant.fr/,https://www.catoappeals.com/data
uk,authority+ground,redbridge,observation_period,17,6,11,0,35,fr_tsp (247); lt_register (74825); nl_rechtspraak (1762),https://www.tribunal-stationnement-payant.fr/,https://www.catoappeals.com/data
uk,authority+ground,richmond,permit_valid_dispute,17,1,16,0,6,fr_tsp (247); lt_register (74825); nl_rechtspraak (1762),https://www.tribunal-stationnement-payant.fr/,https://www.catoappeals.com/data
uk,authority+ground,southwark,grace_period_end,17,3,14,0,18,fr_tsp (247); lt_register (74825); nl_rechtspraak (1762),https://www.tribunal-stationnement-payant.fr/,https://www.catoappeals.com/data
uk,authority+ground,wandsworth,sat_nav,17,1,16,0,6,fr_tsp (247); lt_register (74825); nl_rechtspraak (1762),https://www.tribunal-stationnement-payant.fr/,https://www.catoappeals.com/data
uk,authority+ground,wandsworth,vehicle_type_taxi,17,4,13,0,24,fr_tsp (247); lt_register (74825); nl_rechtspraak (1762),https://www.tribunal-stationnement-payant.fr/,https://www.catoappeals.com/data
uk,authority+ground,bromley,cctv_approval,16,6,10,0,38,fr_tsp (247); lt_register (74825); nl_rechtspraak (1762),https://www.tribunal-stationnement-payant.fr/,https://www.catoappeals.com/data
uk,authority+ground,hackney,payment_made,16,3,13,0,19,fr_tsp (247); lt_register (74825); nl_rechtspraak (1762),https://www.tribunal-stationnement-payant.fr/,https://www.catoappeals.com/data
uk,authority+ground,hackney,procedural_delay,16,15,1,0,94,fr_tsp (247); lt_register (74825); nl_rechtspraak (1762),https://www.tribunal-stationnement-payant.fr/,https://www.catoappeals.com/data
uk,authority+ground,hackney,vehicle_type_taxi,16,0,16,0,0,fr_tsp (247); lt_register (74825); nl_rechtspraak (1762),https://www.tribunal-stationnement-payant.fr/,https://www.catoappeals.com/data
uk,authority+ground,haringey,boarding_alighting,16,1,15,0,6,fr_tsp (247); lt_register (74825); nl_rechtspraak (1762),https://www.tribunal-stationnement-payant.fr/,https://www.catoappeals.com/data
uk,authority+ground,haringey,medical_emergency,16,0,16,0,0,fr_tsp (247); lt_register (74825); nl_rechtspraak (1762),https://www.tribunal-stationnement-payant.fr/,https://www.catoappeals.com/data
uk,authority+ground,haringey,mitigation,16,3,13,0,19,fr_tsp (247); lt_register (74825); nl_rechtspraak (1762),https://www.tribunal-stationnement-payant.fr/,https://www.catoappeals.com/data
uk,authority+ground,haringey,procedural_service,16,5,11,0,31,fr_tsp (247); lt_register (74825); nl_rechtspraak (1762),https://www.tribunal-stationnement-payant.fr/,https://www.catoappeals.com/data
uk,authority+ground,hillingdon,keeper_liability_general,16,11,5,0,69,fr_tsp (247); lt_register (74825); nl_rechtspraak (1762),https://www.tribunal-stationnement-payant.fr/,https://www.catoappeals.com/data
uk,authority+ground,hillingdon,loading_duration,16,7,9,0,44,fr_tsp (247); lt_register (74825); nl_rechtspraak (1762),https://www.tribunal-stationnement-payant.fr/,https://www.catoappeals.com/data
uk,authority+ground,hounslow,dropped_kerb,16,4,12,0,25,fr_tsp (247); lt_register (74825); nl_rechtspraak (1762),https://www.tribunal-stationnement-payant.fr/,https://www.catoappeals.com/data
uk,authority+ground,hounslow,mitigation,16,0,16,0,0,fr_tsp (247); lt_register (74825); nl_rechtspraak (1762),https://www.tribunal-stationnement-payant.fr/,https://www.catoappeals.com/data
uk,authority+ground,hounslow,sat_nav,16,3,13,0,19,fr_tsp (247); lt_register (74825); nl_rechtspraak (1762),https://www.tribunal-stationnement-payant.fr/,https://www.catoappeals.com/data
uk,authority+ground,islington,boarding_alighting,16,2,14,0,12,fr_tsp (247); lt_register (74825); nl_rechtspraak (1762),https://www.tribunal-stationnement-payant.fr/,https://www.catoappeals.com/data
uk,authority+ground,redbridge,bus_lane_exemption,16,7,9,0,44,fr_tsp (247); lt_register (74825); nl_rechtspraak (1762),https://www.tribunal-stationnement-payant.fr/,https://www.catoappeals.com/data
uk,authority+ground,southwark,loading_bulky_goods,16,10,6,0,62,fr_tsp (247); lt_register (74825); nl_rechtspraak (1762),https://www.tribunal-stationnement-payant.fr/,https://www.catoappeals.com/data
uk,authority+ground,transport for london,breakdown,16,2,14,0,12,fr_tsp (247); lt_register (74825); nl_rechtspraak (1762),https://www.tribunal-stationnement-payant.fr/,https://www.catoappeals.com/data
uk,authority+ground,waltham forest,vehicle_type_taxi,16,2,14,0,12,fr_tsp (247); lt_register (74825); nl_rechtspraak (1762),https://www.tribunal-stationnement-payant.fr/,https://www.catoappeals.com/data
uk,authority+ground,westminster,banned_turn,16,4,12,0,25,fr_tsp (247); lt_register (74825); nl_rechtspraak (1762),https://www.tribunal-stationnement-payant.fr/,https://www.catoappeals.com/data
uk,authority+ground,barnet,public_holiday,15,12,3,0,80,fr_tsp (247); lt_register (74825); nl_rechtspraak (1762),https://www.tribunal-stationnement-payant.fr/,https://www.catoappeals.com/data
uk,authority+ground,brent,legitimate_expectation,15,3,12,0,20,fr_tsp (247); lt_register (74825); nl_rechtspraak (1762),https://www.tribunal-stationnement-payant.fr/,https://www.catoappeals.com/data
uk,authority+ground,camden,loading_bulky_goods,15,5,10,0,33,fr_tsp (247); lt_register (74825); nl_rechtspraak (1762),https://www.tribunal-stationnement-payant.fr/,https://www.catoappeals.com/data
uk,authority+ground,croydon,medical_emergency,15,0,15,0,0,fr_tsp (247); lt_register (74825); nl_rechtspraak (1762),https://www.tribunal-stationnement-payant.fr/,https://www.catoappeals.com/data
uk,authority+ground,ealing,boarding_alighting,15,3,12,0,20,fr_tsp (247); lt_register (74825); nl_rechtspraak (1762),https://www.tribunal-stationnement-payant.fr/,https://www.catoappeals.com/data
uk,authority+ground,ealing,box_junction,15,3,12,0,20,fr_tsp (247); lt_register (74825); nl_rechtspraak (1762),https://www.tribunal-stationnement-payant.fr/,https://www.catoappeals.com/data
uk,authority+ground,greenwich,permit_valid_dispute,15,3,12,0,20,fr_tsp (247); lt_register (74825); nl_rechtspraak (1762),https://www.tribunal-stationnement-payant.fr/,https://www.catoappeals.com/data
uk,authority+ground,haringey,signage_missing,15,5,10,0,33,fr_tsp (247); lt_register (74825); nl_rechtspraak (1762),https://www.tribunal-stationnement-payant.fr/,https://www.catoappeals.com/data
uk,authority+ground,havering,mitigation,15,1,14,0,7,fr_tsp (247); lt_register (74825); nl_rechtspraak (1762),https://www.tribunal-stationnement-payant.fr/,https://www.catoappeals.com/data
uk,authority+ground,havering,signage_missing,15,7,8,0,47,fr_tsp (247); lt_register (74825); nl_rechtspraak (1762),https://www.tribunal-stationnement-payant.fr/,https://www.catoappeals.com/data
uk,authority+ground,hillingdon,tro_validity,15,8,7,0,53,fr_tsp (247); lt_register (74825); nl_rechtspraak (1762),https://www.tribunal-stationnement-payant.fr/,https://www.catoappeals.com/data
uk,authority+ground,hounslow,procedural_delay,15,5,10,0,33,fr_tsp (247); lt_register (74825); nl_rechtspraak (1762),https://www.tribunal-stationnement-payant.fr/,https://www.catoappeals.com/data
uk,authority+ground,islington,medical_emergency,15,0,15,0,0,fr_tsp (247); lt_register (74825); nl_rechtspraak (1762),https://www.tribunal-stationnement-payant.fr/,https://www.catoappeals.com/data
uk,authority+ground,kensington and chelsea,tro_validity,15,3,12,0,20,fr_tsp (247); lt_register (74825); nl_rechtspraak (1762),https://www.tribunal-stationnement-payant.fr/,https://www.catoappeals.com/data
uk,authority+ground,lambeth,procedural_service,15,8,7,0,53,fr_tsp (247); lt_register (74825); nl_rechtspraak (1762),https://www.tribunal-stationnement-payant.fr/,https://www.catoappeals.com/data
uk,authority+ground,lewisham,footway_parking,15,11,4,0,73,fr_tsp (247); lt_register (74825); nl_rechtspraak (1762),https://www.tribunal-stationnement-payant.fr/,https://www.catoappeals.com/data
uk,authority+ground,lewisham,permit_valid_dispute,15,9,6,0,60,fr_tsp (247); lt_register (74825); nl_rechtspraak (1762),https://www.tribunal-stationnement-payant.fr/,https://www.catoappeals.com/data
uk,authority+ground,southwark,mitigation,15,0,15,0,0,fr_tsp (247); lt_register (74825); nl_rechtspraak (1762),https://www.tribunal-stationnement-payant.fr/,https://www.catoappeals.com/data
uk,authority+ground,southwark,procedural_delay,15,7,8,0,47,fr_tsp (247); lt_register (74825); nl_rechtspraak (1762),https://www.tribunal-stationnement-payant.fr/,https://www.catoappeals.com/data
uk,authority+ground,sutton,signage_inadequate,15,1,14,0,7,fr_tsp (247); lt_register (74825); nl_rechtspraak (1762),https://www.tribunal-stationnement-payant.fr/,https://www.catoappeals.com/data
uk,authority+ground,tower hamlets,vehicle_stolen,15,4,11,0,27,fr_tsp (247); lt_register (74825); nl_rechtspraak (1762),https://www.tribunal-stationnement-payant.fr/,https://www.catoappeals.com/data
uk,authority+ground,transport for london,dropped_kerb,15,3,12,0,20,fr_tsp (247); lt_register (74825); nl_rechtspraak (1762),https://www.tribunal-stationnement-payant.fr/,https://www.catoappeals.com/data
uk,authority+ground,transport for london,observation_period,15,4,11,0,27,fr_tsp (247); lt_register (74825); nl_rechtspraak (1762),https://www.tribunal-stationnement-payant.fr/,https://www.catoappeals.com/data
uk,authority+ground,waltham forest,bay_markings,15,6,9,0,40,fr_tsp (247); lt_register (74825); nl_rechtspraak (1762),https://www.tribunal-stationnement-payant.fr/,https://www.catoappeals.com/data
uk,authority+ground,barking and dagenham,boarding_alighting,14,1,13,0,7,fr_tsp (247); lt_register (74825); nl_rechtspraak (1762),https://www.tribunal-stationnement-payant.fr/,https://www.catoappeals.com/data
uk,authority+ground,barking and dagenham,medical_emergency,14,2,12,0,14,fr_tsp (247); lt_register (74825); nl_rechtspraak (1762),https://www.tribunal-stationnement-payant.fr/,https://www.catoappeals.com/data
uk,authority+ground,barnet,payment_machine_fault,14,7,7,0,50,fr_tsp (247); lt_register (74825); nl_rechtspraak (1762),https://www.tribunal-stationnement-payant.fr/,https://www.catoappeals.com/data
uk,authority+ground,brent,dropped_kerb,14,5,9,0,36,fr_tsp (247); lt_register (74825); nl_rechtspraak (1762),https://www.tribunal-stationnement-payant.fr/,https://www.catoappeals.com/data
uk,authority+ground,brent,loading_bay_use,14,4,10,0,29,fr_tsp (247); lt_register (74825); nl_rechtspraak (1762),https://www.tribunal-stationnement-payant.fr/,https://www.catoappeals.com/data
uk,authority+ground,brent,mitigation,14,2,12,0,14,fr_tsp (247); lt_register (74825); nl_rechtspraak (1762),https://www.tribunal-stationnement-payant.fr/,https://www.catoappeals.com/data
uk,authority+ground,brent,signage_missing,14,4,10,0,29,fr_tsp (247); lt_register (74825); nl_rechtspraak (1762),https://www.tribunal-stationnement-payant.fr/,https://www.catoappeals.com/data
uk,authority+ground,camden,observation_period,14,6,8,0,43,fr_tsp (247); lt_register (74825); nl_rechtspraak (1762),https://www.tribunal-stationnement-payant.fr/,https://www.catoappeals.com/data
uk,authority+ground,ealing,legitimate_expectation,14,7,7,0,50,fr_tsp (247); lt_register (74825); nl_rechtspraak (1762),https://www.tribunal-stationnement-payant.fr/,https://www.catoappeals.com/data
uk,authority+ground,ealing,representations_ignored,14,7,7,0,50,fr_tsp (247); lt_register (74825); nl_rechtspraak (1762),https://www.tribunal-stationnement-payant.fr/,https://www.catoappeals.com/data
uk,authority+ground,enfield,box_junction,14,0,14,0,0,fr_tsp (247); lt_register (74825); nl_rechtspraak (1762),https://www.tribunal-stationnement-payant.fr/,https://www.catoappeals.com/data
uk,authority+ground,enfield,dropped_kerb,14,4,10,0,29,fr_tsp (247); lt_register (74825); nl_rechtspraak (1762),https://www.tribunal-stationnement-payant.fr/,https://www.catoappeals.com/data
uk,authority+ground,enfield,grace_period_end,14,2,12,0,14,fr_tsp (247); lt_register (74825); nl_rechtspraak (1762),https://www.tribunal-stationnement-payant.fr/,https://www.catoappeals.com/data
uk,authority+ground,greenwich,footway_parking,14,6,8,0,43,fr_tsp (247); lt_register (74825); nl_rechtspraak (1762),https://www.tribunal-stationnement-payant.fr/,https://www.catoappeals.com/data
uk,authority+ground,hackney,boarding_alighting,14,4,10,0,29,fr_tsp (247); lt_register (74825); nl_rechtspraak (1762),https://www.tribunal-stationnement-payant.fr/,https://www.catoappeals.com/data
uk,authority+ground,hackney,breakdown,14,0,14,0,0,fr_tsp (247); lt_register (74825); nl_rechtspraak (1762),https://www.tribunal-stationnement-payant.fr/,https://www.catoappeals.com/data
uk,authority+ground,hammersmith and fulham,grace_period_start,14,0,14,0,0,fr_tsp (247); lt_register (74825); nl_rechtspraak (1762),https://www.tribunal-stationnement-payant.fr/,https://www.catoappeals.com/data
uk,authority+ground,haringey,loading_no_kerb_blips,14,2,12,0,14,fr_tsp (247); lt_register (74825); nl_rechtspraak (1762),https://www.tribunal-stationnement-payant.fr/,https://www.catoappeals.com/data
uk,authority+ground,haringey,representations_ignored,14,3,11,0,21,fr_tsp (247); lt_register (74825); nl_rechtspraak (1762),https://www.tribunal-stationnement-payant.fr/,https://www.catoappeals.com/data
uk,authority+ground,hounslow,emergency_vehicle,14,2,12,0,14,fr_tsp (247); lt_register (74825); nl_rechtspraak (1762),https://www.tribunal-stationnement-payant.fr/,https://www.catoappeals.com/data
uk,authority+ground,islington,observation_period,14,3,11,0,21,fr_tsp (247); lt_register (74825); nl_rechtspraak (1762),https://www.tribunal-stationnement-payant.fr/,https://www.catoappeals.com/data
uk,authority+ground,lambeth,breakdown,14,5,9,0,36,fr_tsp (247); lt_register (74825); nl_rechtspraak (1762),https://www.tribunal-stationnement-payant.fr/,https://www.catoappeals.com/data
uk,authority+ground,lambeth,loading_bulky_goods,14,2,12,0,14,fr_tsp (247); lt_register (74825); nl_rechtspraak (1762),https://www.tribunal-stationnement-payant.fr/,https://www.catoappeals.com/data
uk,authority+ground,lambeth,representations_ignored,14,8,6,0,57,fr_tsp (247); lt_register (74825); nl_rechtspraak (1762),https://www.tribunal-stationnement-payant.fr/,https://www.catoappeals.com/data
uk,authority+ground,lambeth,vehicle_type_exempt,14,1,13,0,7,fr_tsp (247); lt_register (74825); nl_rechtspraak (1762),https://www.tribunal-stationnement-payant.fr/,https://www.catoappeals.com/data
uk,authority+ground,london,permit_valid_dispute,14,3,11,0,21,fr_tsp (247); lt_register (74825); nl_rechtspraak (1762),https://www.tribunal-stationnement-payant.fr/,https://www.catoappeals.com/data
uk,authority+ground,merton,restriction_hours_timing,14,5,9,0,36,fr_tsp (247); lt_register (74825); nl_rechtspraak (1762),https://www.tribunal-stationnement-payant.fr/,https://www.catoappeals.com/data
uk,authority+ground,newham,pcn_date_error,14,4,10,0,29,fr_tsp (247); lt_register (74825); nl_rechtspraak (1762),https://www.tribunal-stationnement-payant.fr/,https://www.catoappeals.com/data
uk,authority+ground,redbridge,representations_ignored,14,5,9,0,36,fr_tsp (247); lt_register (74825); nl_rechtspraak (1762),https://www.tribunal-stationnement-payant.fr/,https://www.catoappeals.com/data
uk,authority+ground,richmond,camera_enforcement_scope,14,0,14,0,0,fr_tsp (247); lt_register (74825); nl_rechtspraak (1762),https://www.tribunal-stationnement-payant.fr/,https://www.catoappeals.com/data
uk,authority+ground,tower hamlets,breakdown,14,5,9,0,36,fr_tsp (247); lt_register (74825); nl_rechtspraak (1762),https://www.tribunal-stationnement-payant.fr/,https://www.catoappeals.com/data
uk,authority+ground,tower hamlets,vehicle_sold,14,4,10,0,29,fr_tsp (247); lt_register (74825); nl_rechtspraak (1762),https://www.tribunal-stationnement-payant.fr/,https://www.catoappeals.com/data
uk,authority+ground,transport for london,mitigation,14,0,14,0,0,fr_tsp (247); lt_register (74825); nl_rechtspraak (1762),https://www.tribunal-stationnement-payant.fr/,https://www.catoappeals.com/data
uk,authority+ground,waltham forest,parked_definition,14,4,10,0,29,fr_tsp (247); lt_register (74825); nl_rechtspraak (1762),https://www.tribunal-stationnement-payant.fr/,https://www.catoappeals.com/data
uk,authority+ground,westminster,grace_period_start,14,0,14,0,0,fr_tsp (247); lt_register (74825); nl_rechtspraak (1762),https://www.tribunal-stationnement-payant.fr/,https://www.catoappeals.com/data
uk,authority+ground,westminster,observation_period,14,6,8,0,43,fr_tsp (247); lt_register (74825); nl_rechtspraak (1762),https://www.tribunal-stationnement-payant.fr/,https://www.catoappeals.com/data
uk,authority+ground,brent,medical_emergency,13,1,12,0,8,fr_tsp (247); lt_register (74825); nl_rechtspraak (1762),https://www.tribunal-stationnement-payant.fr/,https://www.catoappeals.com/data
uk,authority+ground,brent,representations_ignored,13,11,2,0,85,fr_tsp (247); lt_register (74825); nl_rechtspraak (1762),https://www.tribunal-stationnement-payant.fr/,https://www.catoappeals.com/data
uk,authority+ground,camden,vehicle_stolen,13,2,11,0,15,fr_tsp (247); lt_register (74825); nl_rechtspraak (1762),https://www.tribunal-stationnement-payant.fr/,https://www.catoappeals.com/data
uk,authority+ground,croydon,restriction_hours_timing,13,3,10,0,23,fr_tsp (247); lt_register (74825); nl_rechtspraak (1762),https://www.tribunal-stationnement-payant.fr/,https://www.catoappeals.com/data
uk,authority+ground,hackney,suspension_signage,13,0,13,0,0,fr_tsp (247); lt_register (74825); nl_rechtspraak (1762),https://www.tribunal-stationnement-payant.fr/,https://www.catoappeals.com/data
uk,authority+ground,haringey,bay_markings,13,6,7,0,46,fr_tsp (247); lt_register (74825); nl_rechtspraak (1762),https://www.tribunal-stationnement-payant.fr/,https://www.catoappeals.com/data
uk,authority+ground,harrow,bus_lane_signage,13,1,12,0,8,fr_tsp (247); lt_register (74825); nl_rechtspraak (1762),https://www.tribunal-stationnement-payant.fr/,https://www.catoappeals.com/data
uk,authority+ground,havering,parked_definition,13,1,12,0,8,fr_tsp (247); lt_register (74825); nl_rechtspraak (1762),https://www.tribunal-stationnement-payant.fr/,https://www.catoappeals.com/data
uk,authority+ground,havering,permit_expired,13,4,9,0,31,fr_tsp (247); lt_register (74825); nl_rechtspraak (1762),https://www.tribunal-stationnement-payant.fr/,https://www.catoappeals.com/data
uk,authority+ground,islington,banned_turn,13,2,11,0,15,fr_tsp (247); lt_register (74825); nl_rechtspraak (1762),https://www.tribunal-stationnement-payant.fr/,https://www.catoappeals.com/data
uk,authority+ground,islington,legitimate_expectation,13,3,10,0,23,fr_tsp (247); lt_register (74825); nl_rechtspraak (1762),https://www.tribunal-stationnement-payant.fr/,https://www.catoappeals.com/data
uk,authority+ground,kingston,footway_parking,13,6,7,0,46,fr_tsp (247); lt_register (74825); nl_rechtspraak (1762),https://www.tribunal-stationnement-payant.fr/,https://www.catoappeals.com/data
uk,authority+ground,kingston,grace_period_end,13,4,9,0,31,fr_tsp (247); lt_register (74825); nl_rechtspraak (1762),https://www.tribunal-stationnement-payant.fr/,https://www.catoappeals.com/data
uk,authority+ground,kingston,mitigation,13,1,12,0,8,fr_tsp (247); lt_register (74825); nl_rechtspraak (1762),https://www.tribunal-stationnement-payant.fr/,https://www.catoappeals.com/data
uk,authority+ground,lambeth,box_junction,13,6,7,0,46,fr_tsp (247); lt_register (74825); nl_rechtspraak (1762),https://www.tribunal-stationnement-payant.fr/,https://www.catoappeals.com/data
uk,authority+ground,lambeth,camera_enforcement_scope,13,5,8,0,38,fr_tsp (247); lt_register (74825); nl_rechtspraak (1762),https://www.tribunal-stationnement-payant.fr/,https://www.catoappeals.com/data
uk,authority+ground,lambeth,medical_emergency,13,1,12,0,8,fr_tsp (247); lt_register (74825); nl_rechtspraak (1762),https://www.tribunal-stationnement-payant.fr/,https://www.catoappeals.com/data
uk,authority+ground,lewisham,loading_duration,13,4,9,0,31,fr_tsp (247); lt_register (74825); nl_rechtspraak (1762),https://www.tribunal-stationnement-payant.fr/,https://www.catoappeals.com/data
uk,authority+ground,lewisham,vehicle_stolen,13,2,11,0,15,fr_tsp (247); lt_register (74825); nl_rechtspraak (1762),https://www.tribunal-stationnement-payant.fr/,https://www.catoappeals.com/data
uk,authority+ground,merton,cpz_new_scheme_notice,13,5,8,0,38,fr_tsp (247); lt_register (74825); nl_rechtspraak (1762),https://www.tribunal-stationnement-payant.fr/,https://www.catoappeals.com/data
uk,authority+ground,merton,dropped_kerb,13,0,13,0,0,fr_tsp (247); lt_register (74825); nl_rechtspraak (1762),https://www.tribunal-stationnement-payant.fr/,https://www.catoappeals.com/data
uk,authority+ground,newham,medical_emergency,13,3,10,0,23,fr_tsp (247); lt_register (74825); nl_rechtspraak (1762),https://www.tribunal-stationnement-payant.fr/,https://www.catoappeals.com/data
uk,authority+ground,redbridge,emergency_vehicle,13,4,9,0,31,fr_tsp (247); lt_register (74825); nl_rechtspraak (1762),https://www.tribunal-stationnement-payant.fr/,https://www.catoappeals.com/data
uk,authority+ground,redbridge,payment_keying_error,13,1,12,0,8,fr_tsp (247); lt_register (74825); nl_rechtspraak (1762),https://www.tribunal-stationnement-payant.fr/,https://www.catoappeals.com/data
uk,authority+ground,tower hamlets,bay_markings,13,6,7,0,46,fr_tsp (247); lt_register (74825); nl_rechtspraak (1762),https://www.tribunal-stationnement-payant.fr/,https://www.catoappeals.com/data
uk,authority+ground,transport for london,bus_stop_clearway,13,5,8,0,38,fr_tsp (247); lt_register (74825); nl_rechtspraak (1762),https://www.tribunal-stationnement-payant.fr/,https://www.catoappeals.com/data
uk,authority+ground,transport for london,camera_enforcement_scope,13,0,13,0,0,fr_tsp (247); lt_register (74825); nl_rechtspraak (1762),https://www.tribunal-stationnement-payant.fr/,https://www.catoappeals.com/data
uk,authority+ground,transport for london,representations_ignored,13,2,11,0,15,fr_tsp (247); lt_register (74825); nl_rechtspraak (1762),https://www.tribunal-stationnement-payant.fr/,https://www.catoappeals.com/data
uk,authority+ground,waltham forest,emergency_vehicle,13,3,10,0,23,fr_tsp (247); lt_register (74825); nl_rechtspraak (1762),https://www.tribunal-stationnement-payant.fr/,https://www.catoappeals.com/data
uk,authority+ground,waltham forest,mitigation,13,3,10,0,23,fr_tsp (247); lt_register (74825); nl_rechtspraak (1762),https://www.tribunal-stationnement-payant.fr/,https://www.catoappeals.com/data
uk,authority+ground,waltham forest,signage_faded,13,7,6,0,54,fr_tsp (247); lt_register (74825); nl_rechtspraak (1762),https://www.tribunal-stationnement-payant.fr/,https://www.catoappeals.com/data
uk,authority+ground,waltham forest,towing,13,5,8,0,38,fr_tsp (247); lt_register (74825); nl_rechtspraak (1762),https://www.tribunal-stationnement-payant.fr/,https://www.catoappeals.com/data
uk,authority+ground,westminster,procedural_delay,13,2,11,0,15,fr_tsp (247); lt_register (74825); nl_rechtspraak (1762),https://www.tribunal-stationnement-payant.fr/,https://www.catoappeals.com/data
uk,authority+ground,westminster,signage_faded,13,5,8,0,38,fr_tsp (247); lt_register (74825); nl_rechtspraak (1762),https://www.tribunal-stationnement-payant.fr/,https://www.catoappeals.com/data
uk,authority+ground,barking and dagenham,procedural_delay,12,6,6,0,50,fr_tsp (247); lt_register (74825); nl_rechtspraak (1762),https://www.tribunal-stationnement-payant.fr/,https://www.catoappeals.com/data
uk,authority+ground,barking and dagenham,vehicle_sold,12,5,7,0,42,fr_tsp (247); lt_register (74825); nl_rechtspraak (1762),https://www.tribunal-stationnement-payant.fr/,https://www.catoappeals.com/data
uk,authority+ground,bexley,keeper_liability_general,12,2,10,0,17,fr_tsp (247); lt_register (74825); nl_rechtspraak (1762),https://www.tribunal-stationnement-payant.fr/,https://www.catoappeals.com/data
uk,authority+ground,brent,suspension_signage,12,2,10,0,17,fr_tsp (247); lt_register (74825); nl_rechtspraak (1762),https://www.tribunal-stationnement-payant.fr/,https://www.catoappeals.com/data
uk,authority+ground,bromley,loading_duration,12,2,10,0,17,fr_tsp (247); lt_register (74825); nl_rechtspraak (1762),https://www.tribunal-stationnement-payant.fr/,https://www.catoappeals.com/data
uk,authority+ground,camden,bus_lane_signage,12,0,12,0,0,fr_tsp (247); lt_register (74825); nl_rechtspraak (1762),https://www.tribunal-stationnement-payant.fr/,https://www.catoappeals.com/data
uk,authority+ground,city of london,loading_no_kerb_blips,12,5,7,0,42,fr_tsp (247); lt_register (74825); nl_rechtspraak (1762),https://www.tribunal-stationnement-payant.fr/,https://www.catoappeals.com/data
uk,authority+ground,city of london,payment_made,12,2,10,0,17,fr_tsp (247); lt_register (74825); nl_rechtspraak (1762),https://www.tribunal-stationnement-payant.fr/,https://www.catoappeals.com/data
uk,authority+ground,croydon,hire_vehicle,12,4,8,0,33,fr_tsp (247); lt_register (74825); nl_rechtspraak (1762),https://www.tribunal-stationnement-payant.fr/,https://www.catoappeals.com/data
uk,authority+ground,croydon,signage_missing,12,6,6,0,50,fr_tsp (247); lt_register (74825); nl_rechtspraak (1762),https://www.tribunal-stationnement-payant.fr/,https://www.catoappeals.com/data
uk,authority+ground,ealing,permit_valid_dispute,12,1,11,0,8,fr_tsp (247); lt_register (74825); nl_rechtspraak (1762),https://www.tribunal-stationnement-payant.fr/,https://www.catoappeals.com/data
uk,authority+ground,greenwich,medical_emergency,12,1,11,0,8,fr_tsp (247); lt_register (74825); nl_rechtspraak (1762),https://www.tribunal-stationnement-payant.fr/,https://www.catoappeals.com/data
uk,authority+ground,hackney,footway_parking,12,4,8,0,33,fr_tsp (247); lt_register (74825); nl_rechtspraak (1762),https://www.tribunal-stationnement-payant.fr/,https://www.catoappeals.com/data
uk,authority+ground,hackney,observation_period,12,4,8,0,33,fr_tsp (247); lt_register (74825); nl_rechtspraak (1762),https://www.tribunal-stationnement-payant.fr/,https://www.catoappeals.com/data
uk,authority+ground,hackney,vehicle_stolen,12,1,11,0,8,fr_tsp (247); lt_register (74825); nl_rechtspraak (1762),https://www.tribunal-stationnement-payant.fr/,https://www.catoappeals.com/data
uk,authority+ground,haringey,breakdown,12,1,11,0,8,fr_tsp (247); lt_register (74825); nl_rechtspraak (1762),https://www.tribunal-stationnement-payant.fr/,https://www.catoappeals.com/data
uk,authority+ground,haringey,observation_period,12,1,11,0,8,fr_tsp (247); lt_register (74825); nl_rechtspraak (1762),https://www.tribunal-stationnement-payant.fr/,https://www.catoappeals.com/data
uk,authority+ground,haringey,towing,12,1,11,0,8,fr_tsp (247); lt_register (74825); nl_rechtspraak (1762),https://www.tribunal-stationnement-payant.fr/,https://www.catoappeals.com/data
uk,authority+ground,haringey,vehicle_type_taxi,12,1,11,0,8,fr_tsp (247); lt_register (74825); nl_rechtspraak (1762),https://www.tribunal-stationnement-payant.fr/,https://www.catoappeals.com/data
uk,authority+ground,havering,restriction_hours_timing,12,2,10,0,17,fr_tsp (247); lt_register (74825); nl_rechtspraak (1762),https://www.tribunal-stationnement-payant.fr/,https://www.catoappeals.com/data
uk,authority+ground,islington,restriction_hours_timing,12,4,8,0,33,fr_tsp (247); lt_register (74825); nl_rechtspraak (1762),https://www.tribunal-stationnement-payant.fr/,https://www.catoappeals.com/data
uk,authority+ground,kensington and chelsea,loading_duration,12,2,10,0,17,fr_tsp (247); lt_register (74825); nl_rechtspraak (1762),https://www.tribunal-stationnement-payant.fr/,https://www.catoappeals.com/data
uk,authority+ground,merton,observation_period,12,1,11,0,8,fr_tsp (247); lt_register (74825); nl_rechtspraak (1762),https://www.tribunal-stationnement-payant.fr/,https://www.catoappeals.com/data
uk,authority+ground,newham,procedural_delay,12,3,9,0,25,fr_tsp (247); lt_register (74825); nl_rechtspraak (1762),https://www.tribunal-stationnement-payant.fr/,https://www.catoappeals.com/data
uk,authority+ground,redbridge,banned_turn,12,2,10,0,17,fr_tsp (247); lt_register (74825); nl_rechtspraak (1762),https://www.tribunal-stationnement-payant.fr/,https://www.catoappeals.com/data
uk,authority+ground,redbridge,sat_nav,12,2,10,0,17,fr_tsp (247); lt_register (74825); nl_rechtspraak (1762),https://www.tribunal-stationnement-payant.fr/,https://www.catoappeals.com/data
uk,authority+ground,southwark,breakdown,12,2,10,0,17,fr_tsp (247); lt_register (74825); nl_rechtspraak (1762),https://www.tribunal-stationnement-payant.fr/,https://www.catoappeals.com/data
uk,authority+ground,tower hamlets,banned_turn,12,6,6,0,50,fr_tsp (247); lt_register (74825); nl_rechtspraak (1762),https://www.tribunal-stationnement-payant.fr/,https://www.catoappeals.com/data
uk,authority+ground,wandsworth,suspension_signage,12,4,8,0,33,fr_tsp (247); lt_register (74825); nl_rechtspraak (1762),https://www.tribunal-stationnement-payant.fr/,https://www.catoappeals.com/data
uk,authority+ground,wandsworth,vehicle_stolen,12,2,10,0,17,fr_tsp (247); lt_register (74825); nl_rechtspraak (1762),https://www.tribunal-stationnement-payant.fr/,https://www.catoappeals.com/data
uk,authority+ground,westminster,footway_parking,12,8,4,0,67,fr_tsp (247); lt_register (74825); nl_rechtspraak (1762),https://www.tribunal-stationnement-payant.fr/,https://www.catoappeals.com/data
uk,authority+ground,westminster,medical_emergency,12,2,10,0,17,fr_tsp (247); lt_register (74825); nl_rechtspraak (1762),https://www.tribunal-stationnement-payant.fr/,https://www.catoappeals.com/data
uk,authority+ground,bexley,payment_made,11,1,10,0,9,fr_tsp (247); lt_register (74825); nl_rechtspraak (1762),https://www.tribunal-stationnement-payant.fr/,https://www.catoappeals.com/data
uk,authority+ground,brent,bus_stop_clearway,11,4,7,0,36,fr_tsp (247); lt_register (74825); nl_rechtspraak (1762),https://www.tribunal-stationnement-payant.fr/,https://www.catoappeals.com/data
uk,authority+ground,brent,loading_no_kerb_blips,11,0,11,0,0,fr_tsp (247); lt_register (74825); nl_rechtspraak (1762),https://www.tribunal-stationnement-payant.fr/,https://www.catoappeals.com/data
uk,authority+ground,brent,signage_faded,11,6,5,0,55,fr_tsp (247); lt_register (74825); nl_rechtspraak (1762),https://www.tribunal-stationnement-payant.fr/,https://www.catoappeals.com/data
uk,authority+ground,brent,towing,11,1,10,0,9,fr_tsp (247); lt_register (74825); nl_rechtspraak (1762),https://www.tribunal-stationnement-payant.fr/,https://www.catoappeals.com/data
uk,authority+ground,enfield,emergency_vehicle,11,0,11,0,0,fr_tsp (247); lt_register (74825); nl_rechtspraak (1762),https://www.tribunal-stationnement-payant.fr/,https://www.catoappeals.com/data
uk,authority+ground,enfield,loading_duration,11,1,10,0,9,fr_tsp (247); lt_register (74825); nl_rechtspraak (1762),https://www.tribunal-stationnement-payant.fr/,https://www.catoappeals.com/data
uk,authority+ground,enfield,mitigation,11,2,9,0,18,fr_tsp (247); lt_register (74825); nl_rechtspraak (1762),https://www.tribunal-stationnement-payant.fr/,https://www.catoappeals.com/data
uk,authority+ground,greenwich,bus_stop_clearway,11,1,10,0,9,fr_tsp (247); lt_register (74825); nl_rechtspraak (1762),https://www.tribunal-stationnement-payant.fr/,https://www.catoappeals.com/data
uk,authority+ground,greenwich,legitimate_expectation,11,1,10,0,9,fr_tsp (247); lt_register (74825); nl_rechtspraak (1762),https://www.tribunal-stationnement-payant.fr/,https://www.catoappeals.com/data
uk,authority+ground,greenwich,mitigation,11,1,10,0,9,fr_tsp (247); lt_register (74825); nl_rechtspraak (1762),https://www.tribunal-stationnement-payant.fr/,https://www.catoappeals.com/data
uk,authority+ground,greenwich,procedural_delay,11,3,8,0,27,fr_tsp (247); lt_register (74825); nl_rechtspraak (1762),https://www.tribunal-stationnement-payant.fr/,https://www.catoappeals.com/data
uk,authority+ground,hackney,medical_emergency,11,1,10,0,9,fr_tsp (247); lt_register (74825); nl_rechtspraak (1762),https://www.tribunal-stationnement-payant.fr/,https://www.catoappeals.com/data
uk,authority+ground,hackney,signage_missing,11,4,7,0,36,fr_tsp (247); lt_register (74825); nl_rechtspraak (1762),https://www.tribunal-stationnement-payant.fr/,https://www.catoappeals.com/data
uk,authority+ground,hackney,vehicle_sold,11,3,8,0,27,fr_tsp (247); lt_register (74825); nl_rechtspraak (1762),https://www.tribunal-stationnement-payant.fr/,https://www.catoappeals.com/data
uk,authority+ground,hammersmith and fulham,bus_lane_signage,11,5,6,0,45,fr_tsp (247); lt_register (74825); nl_rechtspraak (1762),https://www.tribunal-stationnement-payant.fr/,https://www.catoappeals.com/data
uk,authority+ground,haringey,procedural_delay,11,2,9,0,18,fr_tsp (247); lt_register (74825); nl_rechtspraak (1762),https://www.tribunal-stationnement-payant.fr/,https://www.catoappeals.com/data
uk,authority+ground,harrow,bus_stop_clearway,11,3,8,0,27,fr_tsp (247); lt_register (74825); nl_rechtspraak (1762),https://www.tribunal-stationnement-payant.fr/,https://www.catoappeals.com/data
uk,authority+ground,harrow,medical_emergency,11,2,9,0,18,fr_tsp (247); lt_register (74825); nl_rechtspraak (1762),https://www.tribunal-stationnement-payant.fr/,https://www.catoappeals.com/data
uk,authority+ground,harrow,signage_faded,11,3,8,0,27,fr_tsp (247); lt_register (74825); nl_rechtspraak (1762),https://www.tribunal-stationnement-payant.fr/,https://www.catoappeals.com/data
uk,authority+ground,havering,emergency_vehicle,11,1,10,0,9,fr_tsp (247); lt_register (74825); nl_rechtspraak (1762),https://www.tribunal-stationnement-payant.fr/,https://www.catoappeals.com/data
uk,authority+ground,havering,loading_bulky_goods,11,2,9,0,18,fr_tsp (247); lt_register (74825); nl_rechtspraak (1762),https://www.tribunal-stationnement-payant.fr/,https://www.catoappeals.com/data
uk,authority+ground,hillingdon,pcn_date_error,11,10,1,0,91,fr_tsp (247); lt_register (74825); nl_rechtspraak (1762),https://www.tribunal-stationnement-payant.fr/,https://www.catoappeals.com/data
uk,authority+ground,hounslow,legitimate_expectation,11,2,9,0,18,fr_tsp (247); lt_register (74825); nl_rechtspraak (1762),https://www.tribunal-stationnement-payant.fr/,https://www.catoappeals.com/data
uk,authority+ground,hounslow,medical_emergency,11,3,8,0,27,fr_tsp (247); lt_register (74825); nl_rechtspraak (1762),https://www.tribunal-stationnement-payant.fr/,https://www.catoappeals.com/data
uk,authority+ground,kingston,banned_turn,11,3,8,0,27,fr_tsp (247); lt_register (74825); nl_rechtspraak (1762),https://www.tribunal-stationnement-payant.fr/,https://www.catoappeals.com/data
uk,authority+ground,kingston,legitimate_expectation,11,7,4,0,64,fr_tsp (247); lt_register (74825); nl_rechtspraak (1762),https://www.tribunal-stationnement-payant.fr/,https://www.catoappeals.com/data
uk,authority+ground,lambeth,signage_faded,11,4,7,0,36,fr_tsp (247); lt_register (74825); nl_rechtspraak (1762),https://www.tribunal-stationnement-payant.fr/,https://www.catoappeals.com/data
uk,authority+ground,lambeth,vehicle_stolen,11,0,11,0,0,fr_tsp (247); lt_register (74825); nl_rechtspraak (1762),https://www.tribunal-stationnement-payant.fr/,https://www.catoappeals.com/data
uk,authority+ground,lewisham,legitimate_expectation,11,2,9,0,18,fr_tsp (247); lt_register (74825); nl_rechtspraak (1762),https://www.tribunal-stationnement-payant.fr/,https://www.catoappeals.com/data
uk,authority+ground,london,signage_inadequate,11,5,6,0,45,fr_tsp (247); lt_register (74825); nl_rechtspraak (1762),https://www.tribunal-stationnement-payant.fr/,https://www.catoappeals.com/data
uk,authority+ground,merton,mitigation,11,3,8,0,27,fr_tsp (247); lt_register (74825); nl_rechtspraak (1762),https://www.tribunal-stationnement-payant.fr/,https://www.catoappeals.com/data
uk,authority+ground,merton,representations_ignored,11,1,10,0,9,fr_tsp (247); lt_register (74825); nl_rechtspraak (1762),https://www.tribunal-stationnement-payant.fr/,https://www.catoappeals.com/data
uk,authority+ground,newham,breakdown,11,4,7,0,36,fr_tsp (247); lt_register (74825); nl_rechtspraak (1762),https://www.tribunal-stationnement-payant.fr/,https://www.catoappeals.com/data
uk,authority+ground,newham,dropped_kerb,11,4,7,0,36,fr_tsp (247); lt_register (74825); nl_rechtspraak (1762),https://www.tribunal-stationnement-payant.fr/,https://www.catoappeals.com/data
uk,authority+ground,redbridge,suspension_signage,11,6,5,0,55,fr_tsp (247); lt_register (74825); nl_rechtspraak (1762),https://www.tribunal-stationnement-payant.fr/,https://www.catoappeals.com/data
uk,authority+ground,redbridge,vehicle_stolen,11,2,9,0,18,fr_tsp (247); lt_register (74825); nl_rechtspraak (1762),https://www.tribunal-stationnement-payant.fr/,https://www.catoappeals.com/data
uk,authority+ground,richmond,legitimate_expectation,11,5,6,0,45,fr_tsp (247); lt_register (74825); nl_rechtspraak (1762),https://www.tribunal-stationnement-payant.fr/,https://www.catoappeals.com/data
uk,authority+ground,southwark,banned_turn,11,1,10,0,9,fr_tsp (247); lt_register (74825); nl_rechtspraak (1762),https://www.tribunal-stationnement-payant.fr/,https://www.catoappeals.com/data
uk,authority+ground,southwark,signage_faded,11,1,10,0,9,fr_tsp (247); lt_register (74825); nl_rechtspraak (1762),https://www.tribunal-stationnement-payant.fr/,https://www.catoappeals.com/data
uk,authority+ground,tower hamlets,loading_no_kerb_blips,11,5,6,0,45,fr_tsp (247); lt_register (74825); nl_rechtspraak (1762),https://www.tribunal-stationnement-payant.fr/,https://www.catoappeals.com/data
uk,authority+ground,waltham forest,representations_ignored,11,3,8,0,27,fr_tsp (247); lt_register (74825); nl_rechtspraak (1762),https://www.tribunal-stationnement-payant.fr/,https://www.catoappeals.com/data
uk,authority+ground,waltham forest,vehicle_stolen,11,1,10,0,9,fr_tsp (247); lt_register (74825); nl_rechtspraak (1762),https://www.tribunal-stationnement-payant.fr/,https://www.catoappeals.com/data
uk,authority+ground,wandsworth,equality_act,11,0,11,0,0,fr_tsp (247); lt_register (74825); nl_rechtspraak (1762),https://www.tribunal-stationnement-payant.fr/,https://www.catoappeals.com/data
uk,authority+ground,wandsworth,legitimate_expectation,11,3,8,0,27,fr_tsp (247); lt_register (74825); nl_rechtspraak (1762),https://www.tribunal-stationnement-payant.fr/,https://www.catoappeals.com/data
uk,authority+ground,wandsworth,mitigation,11,0,11,0,0,fr_tsp (247); lt_register (74825); nl_rechtspraak (1762),https://www.tribunal-stationnement-payant.fr/,https://www.catoappeals.com/data
uk,authority+ground,westminster,loading_bay_use,11,2,9,0,18,fr_tsp (247); lt_register (74825); nl_rechtspraak (1762),https://www.tribunal-stationnement-payant.fr/,https://www.catoappeals.com/data
uk,authority+ground,westminster,parked_definition,11,0,11,0,0,fr_tsp (247); lt_register (74825); nl_rechtspraak (1762),https://www.tribunal-stationnement-payant.fr/,https://www.catoappeals.com/data
uk,authority+ground,westminster,restriction_hours_timing,11,5,6,0,45,fr_tsp (247); lt_register (74825); nl_rechtspraak (1762),https://www.tribunal-stationnement-payant.fr/,https://www.catoappeals.com/data
uk,authority+ground,barking and dagenham,bus_lane_signage,10,2,8,0,20,fr_tsp (247); lt_register (74825); nl_rechtspraak (1762),https://www.tribunal-stationnement-payant.fr/,https://www.catoappeals.com/data
uk,authority+ground,barking and dagenham,bus_stop_clearway,10,3,7,0,30,fr_tsp (247); lt_register (74825); nl_rechtspraak (1762),https://www.tribunal-stationnement-payant.fr/,https://www.catoappeals.com/data
uk,authority+ground,barking and dagenham,camera_enforcement_scope,10,0,10,0,0,fr_tsp (247); lt_register (74825); nl_rechtspraak (1762),https://www.tribunal-stationnement-payant.fr/,https://www.catoappeals.com/data
uk,authority+ground,barking and dagenham,legitimate_expectation,10,2,8,0,20,fr_tsp (247); lt_register (74825); nl_rechtspraak (1762),https://www.tribunal-stationnement-payant.fr/,https://www.catoappeals.com/data
uk,authority+ground,barking and dagenham,mitigation,10,0,10,0,0,fr_tsp (247); lt_register (74825); nl_rechtspraak (1762),https://www.tribunal-stationnement-payant.fr/,https://www.catoappeals.com/data
uk,authority+ground,barking and dagenham,signage_faded,10,3,7,0,30,fr_tsp (247); lt_register (74825); nl_rechtspraak (1762),https://www.tribunal-stationnement-payant.fr/,https://www.catoappeals.com/data
uk,authority+ground,barking and dagenham,suspension_signage,10,4,6,0,40,fr_tsp (247); lt_register (74825); nl_rechtspraak (1762),https://www.tribunal-stationnement-payant.fr/,https://www.catoappeals.com/data
uk,authority+ground,barnet,keeper_liability_general,10,9,1,0,90,fr_tsp (247); lt_register (74825); nl_rechtspraak (1762),https://www.tribunal-stationnement-payant.fr/,https://www.catoappeals.com/data
uk,authority+ground,barnet,signage_obscured,10,3,7,0,30,fr_tsp (247); lt_register (74825); nl_rechtspraak (1762),https://www.tribunal-stationnement-payant.fr/,https://www.catoappeals.com/data
uk,authority+ground,brent,breakdown,10,2,8,0,20,fr_tsp (247); lt_register (74825); nl_rechtspraak (1762),https://www.tribunal-stationnement-payant.fr/,https://www.catoappeals.com/data
uk,authority+ground,bromley,tro_validity,10,2,8,0,20,fr_tsp (247); lt_register (74825); nl_rechtspraak (1762),https://www.tribunal-stationnement-payant.fr/,https://www.catoappeals.com/data
uk,authority+ground,camden,emergency_vehicle,10,4,6,0,40,fr_tsp (247); lt_register (74825); nl_rechtspraak (1762),https://www.tribunal-stationnement-payant.fr/,https://www.catoappeals.com/data
uk,authority+ground,city of london,equality_act,10,1,9,0,10,fr_tsp (247); lt_register (74825); nl_rechtspraak (1762),https://www.tribunal-stationnement-payant.fr/,https://www.catoappeals.com/data
uk,authority+ground,city of london,signage_obscured,10,3,7,0,30,fr_tsp (247); lt_register (74825); nl_rechtspraak (1762),https://www.tribunal-stationnement-payant.fr/,https://www.catoappeals.com/data
uk,authority+ground,croydon,breakdown,10,2,8,0,20,fr_tsp (247); lt_register (74825); nl_rechtspraak (1762),https://www.tribunal-stationnement-payant.fr/,https://www.catoappeals.com/data
uk,authority+ground,croydon,legitimate_expectation,10,1,9,0,10,fr_tsp (247); lt_register (74825); nl_rechtspraak (1762),https://www.tribunal-stationnement-payant.fr/,https://www.catoappeals.com/data
uk,authority+ground,croydon,signage_faded,10,6,4,0,60,fr_tsp (247); lt_register (74825); nl_rechtspraak (1762),https://www.tribunal-stationnement-payant.fr/,https://www.catoappeals.com/data
uk,authority+ground,ealing,grace_period_end,10,2,8,0,20,fr_tsp (247); lt_register (74825); nl_rechtspraak (1762),https://www.tribunal-stationnement-payant.fr/,https://www.catoappeals.com/data
uk,authority+ground,ealing,public_holiday,10,1,9,0,10,fr_tsp (247); lt_register (74825); nl_rechtspraak (1762),https://www.tribunal-stationnement-payant.fr/,https://www.catoappeals.com/data
uk,authority+ground,ealing,vehicle_type_taxi,10,0,10,0,0,fr_tsp (247); lt_register (74825); nl_rechtspraak (1762),https://www.tribunal-stationnement-payant.fr/,https://www.catoappeals.com/data
uk,authority+ground,enfield,bay_markings,10,2,8,0,20,fr_tsp (247); lt_register (74825); nl_rechtspraak (1762),https://www.tribunal-stationnement-payant.fr/,https://www.catoappeals.com/data
uk,authority+ground,enfield,signage_missing,10,3,7,0,30,fr_tsp (247); lt_register (74825); nl_rechtspraak (1762),https://www.tribunal-stationnement-payant.fr/,https://www.catoappeals.com/data
uk,authority+ground,greenwich,restriction_hours_timing,10,3,7,0,30,fr_tsp (247); lt_register (74825); nl_rechtspraak (1762),https://www.tribunal-stationnement-payant.fr/,https://www.catoappeals.com/data
uk,authority+ground,greenwich,signage_faded,10,5,5,0,50,fr_tsp (247); lt_register (74825); nl_rechtspraak (1762),https://www.tribunal-stationnement-payant.fr/,https://www.catoappeals.com/data
uk,authority+ground,hackney,grace_period_start,10,0,10,0,0,fr_tsp (247); lt_register (74825); nl_rechtspraak (1762),https://www.tribunal-stationnement-payant.fr/,https://www.catoappeals.com/data
uk,authority+ground,hackney,mitigation,10,1,9,0,10,fr_tsp (247); lt_register (74825); nl_rechtspraak (1762),https://www.tribunal-stationnement-payant.fr/,https://www.catoappeals.com/data
uk,authority+ground,hammersmith and fulham,keeper_liability_general,10,1,9,0,10,fr_tsp (247); lt_register (74825); nl_rechtspraak (1762),https://www.tribunal-stationnement-payant.fr/,https://www.catoappeals.com/data
uk,authority+ground,hammersmith and fulham,sat_nav,10,0,10,0,0,fr_tsp (247); lt_register (74825); nl_rechtspraak (1762),https://www.tribunal-stationnement-payant.fr/,https://www.catoappeals.com/data
uk,authority+ground,haringey,loading_bulky_goods,10,2,8,0,20,fr_tsp (247); lt_register (74825); nl_rechtspraak (1762),https://www.tribunal-stationnement-payant.fr/,https://www.catoappeals.com/data
uk,authority+ground,harrow,vehicle_sold,10,2,8,0,20,fr_tsp (247); lt_register (74825); nl_rechtspraak (1762),https://www.tribunal-stationnement-payant.fr/,https://www.catoappeals.com/data
uk,authority+ground,havering,bus_lane_exemption,10,5,5,0,50,fr_tsp (247); lt_register (74825); nl_rechtspraak (1762),https://www.tribunal-stationnement-payant.fr/,https://www.catoappeals.com/data
uk,authority+ground,havering,procedural_service,10,3,7,0,30,fr_tsp (247); lt_register (74825); nl_rechtspraak (1762),https://www.tribunal-stationnement-payant.fr/,https://www.catoappeals.com/data
uk,authority+ground,islington,blue_badge_valid_not_displayed,10,1,9,0,10,fr_tsp (247); lt_register (74825); nl_rechtspraak (1762),https://www.tribunal-stationnement-payant.fr/,https://www.catoappeals.com/data
uk,authority+ground,islington,sat_nav,10,4,6,0,40,fr_tsp (247); lt_register (74825); nl_rechtspraak (1762),https://www.tribunal-stationnement-payant.fr/,https://www.catoappeals.com/data
uk,authority+ground,islington,signage_missing,10,4,6,0,40,fr_tsp (247); lt_register (74825); nl_rechtspraak (1762),https://www.tribunal-stationnement-payant.fr/,https://www.catoappeals.com/data
uk,authority+ground,kingston,bay_markings,10,3,7,0,30,fr_tsp (247); lt_register (74825); nl_rechtspraak (1762),https://www.tribunal-stationnement-payant.fr/,https://www.catoappeals.com/data
uk,authority+ground,lambeth,bus_lane_exemption,10,4,6,0,40,fr_tsp (247); lt_register (74825); nl_rechtspraak (1762),https://www.tribunal-stationnement-payant.fr/,https://www.catoappeals.com/data
uk,authority+ground,lambeth,bus_lane_signage,10,2,8,0,20,fr_tsp (247); lt_register (74825); nl_rechtspraak (1762),https://www.tribunal-stationnement-payant.fr/,https://www.catoappeals.com/data
uk,authority+ground,lambeth,permit_expired,10,2,8,0,20,fr_tsp (247); lt_register (74825); nl_rechtspraak (1762),https://www.tribunal-stationnement-payant.fr/,https://www.catoappeals.com/data
uk,authority+ground,lewisham,grace_period_end,10,1,9,0,10,fr_tsp (247); lt_register (74825); nl_rechtspraak (1762),https://www.tribunal-stationnement-payant.fr/,https://www.catoappeals.com/data
uk,authority+ground,merton,loading_no_kerb_blips,10,5,5,0,50,fr_tsp (247); lt_register (74825); nl_rechtspraak (1762),https://www.tribunal-stationnement-payant.fr/,https://www.catoappeals.com/data
uk,authority+ground,merton,signage_missing,10,0,10,0,0,fr_tsp (247); lt_register (74825); nl_rechtspraak (1762),https://www.tribunal-stationnement-payant.fr/,https://www.catoappeals.com/data
uk,authority+ground,newham,loading_bulky_goods,10,6,4,0,60,fr_tsp (247); lt_register (74825); nl_rechtspraak (1762),https://www.tribunal-stationnement-payant.fr/,https://www.catoappeals.com/data
uk,authority+ground,newham,public_holiday,10,7,3,0,70,fr_tsp (247); lt_register (74825); nl_rechtspraak (1762),https://www.tribunal-stationnement-payant.fr/,https://www.catoappeals.com/data
uk,authority+ground,redbridge,medical_emergency,10,3,7,0,30,fr_tsp (247); lt_register (74825); nl_rechtspraak (1762),https://www.tribunal-stationnement-payant.fr/,https://www.catoappeals.com/data
uk,authority+ground,redbridge,overstay,10,3,7,0,30,fr_tsp (247); lt_register (74825); nl_rechtspraak (1762),https://www.tribunal-stationnement-payant.fr/,https://www.catoappeals.com/data
uk,authority+ground,richmond,sat_nav,10,0,10,0,0,fr_tsp (247); lt_register (74825); nl_rechtspraak (1762),https://www.tribunal-stationnement-payant.fr/,https://www.catoappeals.com/data
uk,authority+ground,southwark,boarding_alighting,10,2,8,0,20,fr_tsp (247); lt_register (74825); nl_rechtspraak (1762),https://www.tribunal-stationnement-payant.fr/,https://www.catoappeals.com/data
uk,authority+ground,southwark,medical_emergency,10,0,10,0,0,fr_tsp (247); lt_register (74825); nl_rechtspraak (1762),https://www.tribunal-stationnement-payant.fr/,https://www.catoappeals.com/data
uk,authority+ground,southwark,vehicle_type_exempt,10,0,10,0,0,fr_tsp (247); lt_register (74825); nl_rechtspraak (1762),https://www.tribunal-stationnement-payant.fr/,https://www.catoappeals.com/data
uk,authority+ground,tower hamlets,mitigation,10,0,10,0,0,fr_tsp (247); lt_register (74825); nl_rechtspraak (1762),https://www.tribunal-stationnement-payant.fr/,https://www.catoappeals.com/data
uk,authority+ground,tower hamlets,observation_period,10,5,5,0,50,fr_tsp (247); lt_register (74825); nl_rechtspraak (1762),https://www.tribunal-stationnement-payant.fr/,https://www.catoappeals.com/data
uk,authority+ground,transport for london,overstay,10,1,9,0,10,fr_tsp (247); lt_register (74825); nl_rechtspraak (1762),https://www.tribunal-stationnement-payant.fr/,https://www.catoappeals.com/data
uk,authority+ground,waltham forest,bus_lane_exemption,10,6,4,0,60,fr_tsp (247); lt_register (74825); nl_rechtspraak (1762),https://www.tribunal-stationnement-payant.fr/,https://www.catoappeals.com/data
uk,authority+ground,waltham forest,restriction_hours_timing,10,1,9,0,10,fr_tsp (247); lt_register (74825); nl_rechtspraak (1762),https://www.tribunal-stationnement-payant.fr/,https://www.catoappeals.com/data
uk,authority+ground,wandsworth,box_junction,10,1,9,0,10,fr_tsp (247); lt_register (74825); nl_rechtspraak (1762),https://www.tribunal-stationnement-payant.fr/,https://www.catoappeals.com/data
uk,authority+ground,wandsworth,footway_parking,10,4,6,0,40,fr_tsp (247); lt_register (74825); nl_rechtspraak (1762),https://www.tribunal-stationnement-payant.fr/,https://www.catoappeals.com/data
uk,authority+ground,wandsworth,signage_missing,10,2,8,0,20,fr_tsp (247); lt_register (74825); nl_rechtspraak (1762),https://www.tribunal-stationnement-payant.fr/,https://www.catoappeals.com/data
uk,contravention_code,52,,179,83,96,0,46,fr_tsp (247); lt_register (74825); nl_rechtspraak (1762),https://www.tribunal-stationnement-payant.fr/,https://www.catoappeals.com/data
uk,contravention_code,53,,175,63,112,0,36,fr_tsp (247); lt_register (74825); nl_rechtspraak (1762),https://www.tribunal-stationnement-payant.fr/,https://www.catoappeals.com/data
uk,contravention_code,12,,106,33,73,0,31,fr_tsp (247); lt_register (74825); nl_rechtspraak (1762),https://www.tribunal-stationnement-payant.fr/,https://www.catoappeals.com/data
uk,contravention_code,31,,93,15,78,0,16,fr_tsp (247); lt_register (74825); nl_rechtspraak (1762),https://www.tribunal-stationnement-payant.fr/,https://www.catoappeals.com/data
uk,contravention_code,01,,73,32,41,0,44,fr_tsp (247); lt_register (74825); nl_rechtspraak (1762),https://www.tribunal-stationnement-payant.fr/,https://www.catoappeals.com/data
uk,contravention_code,46,,70,14,56,0,20,fr_tsp (247); lt_register (74825); nl_rechtspraak (1762),https://www.tribunal-stationnement-payant.fr/,https://www.catoappeals.com/data
uk,contravention_code,62,,64,29,35,0,45,fr_tsp (247); lt_register (74825); nl_rechtspraak (1762),https://www.tribunal-stationnement-payant.fr/,https://www.catoappeals.com/data
uk,contravention_code,50,,47,19,28,0,40,fr_tsp (247); lt_register (74825); nl_rechtspraak (1762),https://www.tribunal-stationnement-payant.fr/,https://www.catoappeals.com/data
uk,contravention_code,11,,39,12,27,0,31,fr_tsp (247); lt_register (74825); nl_rechtspraak (1762),https://www.tribunal-stationnement-payant.fr/,https://www.catoappeals.com/data
uk,contravention_code,33,,35,6,29,0,17,fr_tsp (247); lt_register (74825); nl_rechtspraak (1762),https://www.tribunal-stationnement-payant.fr/,https://www.catoappeals.com/data
uk,contravention_code,02,,34,15,19,0,44,fr_tsp (247); lt_register (74825); nl_rechtspraak (1762),https://www.tribunal-stationnement-payant.fr/,https://www.catoappeals.com/data
uk,contravention_code,34,,32,14,18,0,44,fr_tsp (247); lt_register (74825); nl_rechtspraak (1762),https://www.tribunal-stationnement-payant.fr/,https://www.catoappeals.com/data
uk,contravention_code,16,,24,10,14,0,42,fr_tsp (247); lt_register (74825); nl_rechtspraak (1762),https://www.tribunal-stationnement-payant.fr/,https://www.catoappeals.com/data
uk,contravention_code,21,,21,15,6,0,71,fr_tsp (247); lt_register (74825); nl_rechtspraak (1762),https://www.tribunal-stationnement-payant.fr/,https://www.catoappeals.com/data
uk,contravention_code,47,,18,8,10,0,44,fr_tsp (247); lt_register (74825); nl_rechtspraak (1762),https://www.tribunal-stationnement-payant.fr/,https://www.catoappeals.com/data
uk,contravention_code,73,,18,8,10,0,44,fr_tsp (247); lt_register (74825); nl_rechtspraak (1762),https://www.tribunal-stationnement-payant.fr/,https://www.catoappeals.com/data
uk,contravention_code,85,,18,13,5,0,72,fr_tsp (247); lt_register (74825); nl_rechtspraak (1762),https://www.tribunal-stationnement-payant.fr/,https://www.catoappeals.com/data
uk,contravention_code,32,,14,2,12,0,14,fr_tsp (247); lt_register (74825); nl_rechtspraak (1762),https://www.tribunal-stationnement-payant.fr/,https://www.catoappeals.com/data
uk,contravention_code,51,,13,3,10,0,23,fr_tsp (247); lt_register (74825); nl_rechtspraak (1762),https://www.tribunal-stationnement-payant.fr/,https://www.catoappeals.com/data
uk,contravention_code,25,,10,5,5,0,50,fr_tsp (247); lt_register (74825); nl_rechtspraak (1762),https://www.tribunal-stationnement-payant.fr/,https://www.catoappeals.com/data
uk,contravention_code,27,,10,6,4,0,60,fr_tsp (247); lt_register (74825); nl_rechtspraak (1762),https://www.tribunal-stationnement-payant.fr/,https://www.catoappeals.com/data
uk,contravention_code,40,,10,2,8,0,20,fr_tsp (247); lt_register (74825); nl_rechtspraak (1762),https://www.tribunal-stationnement-payant.fr/,https://www.catoappeals.com/data
uk,contravention_code+ground,52,tro_validity,164,79,85,0,48,fr_tsp (247); lt_register (74825); nl_rechtspraak (1762),https://www.tribunal-stationnement-payant.fr/,https://www.catoappeals.com/data
uk,contravention_code+ground,53,tro_validity,156,61,95,0,39,fr_tsp (247); lt_register (74825); nl_rechtspraak (1762),https://www.tribunal-stationnement-payant.fr/,https://www.catoappeals.com/data
uk,contravention_code+ground,52,signage_inadequate,144,61,83,0,42,fr_tsp (247); lt_register (74825); nl_rechtspraak (1762),https://www.tribunal-stationnement-payant.fr/,https://www.catoappeals.com/data
uk,contravention_code+ground,53,signage_inadequate,142,47,95,0,33,fr_tsp (247); lt_register (74825); nl_rechtspraak (1762),https://www.tribunal-stationnement-payant.fr/,https://www.catoappeals.com/data
uk,contravention_code+ground,12,tro_validity,95,30,65,0,32,fr_tsp (247); lt_register (74825); nl_rechtspraak (1762),https://www.tribunal-stationnement-payant.fr/,https://www.catoappeals.com/data
uk,contravention_code+ground,31,box_junction,93,15,78,0,16,fr_tsp (247); lt_register (74825); nl_rechtspraak (1762),https://www.tribunal-stationnement-payant.fr/,https://www.catoappeals.com/data
uk,contravention_code+ground,31,cctv_approval,84,14,70,0,17,fr_tsp (247); lt_register (74825); nl_rechtspraak (1762),https://www.tribunal-stationnement-payant.fr/,https://www.catoappeals.com/data
uk,contravention_code+ground,12,permit_valid_dispute,76,24,52,0,32,fr_tsp (247); lt_register (74825); nl_rechtspraak (1762),https://www.tribunal-stationnement-payant.fr/,https://www.catoappeals.com/data
uk,contravention_code+ground,12,signage_inadequate,76,17,59,0,22,fr_tsp (247); lt_register (74825); nl_rechtspraak (1762),https://www.tribunal-stationnement-payant.fr/,https://www.catoappeals.com/data
uk,contravention_code+ground,01,tro_validity,62,30,32,0,48,fr_tsp (247); lt_register (74825); nl_rechtspraak (1762),https://www.tribunal-stationnement-payant.fr/,https://www.catoappeals.com/data
uk,contravention_code+ground,53,cctv_approval,50,16,34,0,32,fr_tsp (247); lt_register (74825); nl_rechtspraak (1762),https://www.tribunal-stationnement-payant.fr/,https://www.catoappeals.com/data
uk,contravention_code+ground,52,grace_period_end,49,26,23,0,53,fr_tsp (247); lt_register (74825); nl_rechtspraak (1762),https://www.tribunal-stationnement-payant.fr/,https://www.catoappeals.com/data
uk,contravention_code+ground,46,red_route_stopping,46,8,38,0,17,fr_tsp (247); lt_register (74825); nl_rechtspraak (1762),https://www.tribunal-stationnement-payant.fr/,https://www.catoappeals.com/data
uk,contravention_code+ground,62,footway_parking,44,15,29,0,34,fr_tsp (247); lt_register (74825); nl_rechtspraak (1762),https://www.tribunal-stationnement-payant.fr/,https://www.catoappeals.com/data
uk,contravention_code+ground,52,cctv_approval,42,23,19,0,55,fr_tsp (247); lt_register (74825); nl_rechtspraak (1762),https://www.tribunal-stationnement-payant.fr/,https://www.catoappeals.com/data
uk,contravention_code+ground,46,signage_inadequate,41,6,35,0,15,fr_tsp (247); lt_register (74825); nl_rechtspraak (1762),https://www.tribunal-stationnement-payant.fr/,https://www.catoappeals.com/data
uk,contravention_code+ground,62,tro_validity,41,21,20,0,51,fr_tsp (247); lt_register (74825); nl_rechtspraak (1762),https://www.tribunal-stationnement-payant.fr/,https://www.catoappeals.com/data
uk,contravention_code+ground,01,signage_inadequate,39,17,22,0,44,fr_tsp (247); lt_register (74825); nl_rechtspraak (1762),https://www.tribunal-stationnement-payant.fr/,https://www.catoappeals.com/data
uk,contravention_code+ground,11,signage_inadequate,36,10,26,0,28,fr_tsp (247); lt_register (74825); nl_rechtspraak (1762),https://www.tribunal-stationnement-payant.fr/,https://www.catoappeals.com/data
uk,contravention_code+ground,50,signage_inadequate,35,14,21,0,40,fr_tsp (247); lt_register (74825); nl_rechtspraak (1762),https://www.tribunal-stationnement-payant.fr/,https://www.catoappeals.com/data
uk,contravention_code+ground,50,tro_validity,35,16,19,0,46,fr_tsp (247); lt_register (74825); nl_rechtspraak (1762),https://www.tribunal-stationnement-payant.fr/,https://www.catoappeals.com/data
uk,contravention_code+ground,11,tro_validity,34,10,24,0,29,fr_tsp (247); lt_register (74825); nl_rechtspraak (1762),https://www.tribunal-stationnement-payant.fr/,https://www.catoappeals.com/data
uk,contravention_code+ground,46,loading_duration,34,7,27,0,21,fr_tsp (247); lt_register (74825); nl_rechtspraak (1762),https://www.tribunal-stationnement-payant.fr/,https://www.catoappeals.com/data
uk,contravention_code+ground,02,loading_duration,33,14,19,0,42,fr_tsp (247); lt_register (74825); nl_rechtspraak (1762),https://www.tribunal-stationnement-payant.fr/,https://www.catoappeals.com/data
uk,contravention_code+ground,46,tro_validity,33,6,27,0,18,fr_tsp (247); lt_register (74825); nl_rechtspraak (1762),https://www.tribunal-stationnement-payant.fr/,https://www.catoappeals.com/data
uk,contravention_code+ground,33,tro_validity,28,6,22,0,21,fr_tsp (247); lt_register (74825); nl_rechtspraak (1762),https://www.tribunal-stationnement-payant.fr/,https://www.catoappeals.com/data
uk,contravention_code+ground,34,signage_inadequate,28,14,14,0,50,fr_tsp (247); lt_register (74825); nl_rechtspraak (1762),https://www.tribunal-stationnement-payant.fr/,https://www.catoappeals.com/data
uk,contravention_code+ground,53,grace_period_end,26,14,12,0,54,fr_tsp (247); lt_register (74825); nl_rechtspraak (1762),https://www.tribunal-stationnement-payant.fr/,https://www.catoappeals.com/data
uk,contravention_code+ground,62,dropped_kerb,26,11,15,0,42,fr_tsp (247); lt_register (74825); nl_rechtspraak (1762),https://www.tribunal-stationnement-payant.fr/,https://www.catoappeals.com/data
uk,contravention_code+ground,34,tro_validity,25,10,15,0,40,fr_tsp (247); lt_register (74825); nl_rechtspraak (1762),https://www.tribunal-stationnement-payant.fr/,https://www.catoappeals.com/data
uk,contravention_code+ground,62,signage_inadequate,25,15,10,0,60,fr_tsp (247); lt_register (74825); nl_rechtspraak (1762),https://www.tribunal-stationnement-payant.fr/,https://www.catoappeals.com/data
uk,contravention_code+ground,33,signage_inadequate,24,5,19,0,21,fr_tsp (247); lt_register (74825); nl_rechtspraak (1762),https://www.tribunal-stationnement-payant.fr/,https://www.catoappeals.com/data
uk,contravention_code+ground,02,signage_inadequate,22,10,12,0,45,fr_tsp (247); lt_register (74825); nl_rechtspraak (1762),https://www.tribunal-stationnement-payant.fr/,https://www.catoappeals.com/data
uk,contravention_code+ground,16,permit_valid_dispute,22,9,13,0,41,fr_tsp (247); lt_register (74825); nl_rechtspraak (1762),https://www.tribunal-stationnement-payant.fr/,https://www.catoappeals.com/data
uk,contravention_code+ground,16,tro_validity,21,9,12,0,43,fr_tsp (247); lt_register (74825); nl_rechtspraak (1762),https://www.tribunal-stationnement-payant.fr/,https://www.catoappeals.com/data
uk,contravention_code+ground,21,suspension_signage,21,15,6,0,71,fr_tsp (247); lt_register (74825); nl_rechtspraak (1762),https://www.tribunal-stationnement-payant.fr/,https://www.catoappeals.com/data
uk,contravention_code+ground,16,signage_inadequate,20,8,12,0,40,fr_tsp (247); lt_register (74825); nl_rechtspraak (1762),https://www.tribunal-stationnement-payant.fr/,https://www.catoappeals.com/data
uk,contravention_code+ground,52,signage_obscured,19,12,7,0,63,fr_tsp (247); lt_register (74825); nl_rechtspraak (1762),https://www.tribunal-stationnement-payant.fr/,https://www.catoappeals.com/data
uk,contravention_code+ground,53,signage_obscured,19,13,6,0,68,fr_tsp (247); lt_register (74825); nl_rechtspraak (1762),https://www.tribunal-stationnement-payant.fr/,https://www.catoappeals.com/data
uk,contravention_code+ground,52,hire_vehicle,18,7,11,0,39,fr_tsp (247); lt_register (74825); nl_rechtspraak (1762),https://www.tribunal-stationnement-payant.fr/,https://www.catoappeals.com/data
uk,contravention_code+ground,01,loading_duration,17,8,9,0,47,fr_tsp (247); lt_register (74825); nl_rechtspraak (1762),https://www.tribunal-stationnement-payant.fr/,https://www.catoappeals.com/data
uk,contravention_code+ground,12,loading_duration,17,7,10,0,41,fr_tsp (247); lt_register (74825); nl_rechtspraak (1762),https://www.tribunal-stationnement-payant.fr/,https://www.catoappeals.com/data
uk,contravention_code+ground,21,signage_inadequate,17,11,6,0,65,fr_tsp (247); lt_register (74825); nl_rechtspraak (1762),https://www.tribunal-stationnement-payant.fr/,https://www.catoappeals.com/data
uk,contravention_code+ground,53,hire_vehicle,17,7,10,0,41,fr_tsp (247); lt_register (74825); nl_rechtspraak (1762),https://www.tribunal-stationnement-payant.fr/,https://www.catoappeals.com/data
uk,contravention_code+ground,53,keeper_liability_general,17,5,12,0,29,fr_tsp (247); lt_register (74825); nl_rechtspraak (1762),https://www.tribunal-stationnement-payant.fr/,https://www.catoappeals.com/data
uk,contravention_code+ground,50,cctv_approval,16,7,9,0,44,fr_tsp (247); lt_register (74825); nl_rechtspraak (1762),https://www.tribunal-stationnement-payant.fr/,https://www.catoappeals.com/data
uk,contravention_code+ground,52,keeper_liability_general,16,5,11,0,31,fr_tsp (247); lt_register (74825); nl_rechtspraak (1762),https://www.tribunal-stationnement-payant.fr/,https://www.catoappeals.com/data
uk,contravention_code+ground,53,school_street,16,8,8,0,50,fr_tsp (247); lt_register (74825); nl_rechtspraak (1762),https://www.tribunal-stationnement-payant.fr/,https://www.catoappeals.com/data
uk,contravention_code+ground,73,tro_validity,16,8,8,0,50,fr_tsp (247); lt_register (74825); nl_rechtspraak (1762),https://www.tribunal-stationnement-payant.fr/,https://www.catoappeals.com/data
uk,contravention_code+ground,02,tro_validity,15,6,9,0,40,fr_tsp (247); lt_register (74825); nl_rechtspraak (1762),https://www.tribunal-stationnement-payant.fr/,https://www.catoappeals.com/data
uk,contravention_code+ground,21,tro_validity,15,12,3,0,80,fr_tsp (247); lt_register (74825); nl_rechtspraak (1762),https://www.tribunal-stationnement-payant.fr/,https://www.catoappeals.com/data
uk,contravention_code+ground,46,cctv_approval,15,2,13,0,13,fr_tsp (247); lt_register (74825); nl_rechtspraak (1762),https://www.tribunal-stationnement-payant.fr/,https://www.catoappeals.com/data
uk,contravention_code+ground,02,loading_no_kerb_blips,14,5,9,0,36,fr_tsp (247); lt_register (74825); nl_rechtspraak (1762),https://www.tribunal-stationnement-payant.fr/,https://www.catoappeals.com/data
uk,contravention_code+ground,31,grace_period_end,14,0,14,0,0,fr_tsp (247); lt_register (74825); nl_rechtspraak (1762),https://www.tribunal-stationnement-payant.fr/,https://www.catoappeals.com/data
uk,contravention_code+ground,46,loading_bay_use,14,5,9,0,36,fr_tsp (247); lt_register (74825); nl_rechtspraak (1762),https://www.tribunal-stationnement-payant.fr/,https://www.catoappeals.com/data
uk,contravention_code+ground,47,bus_stop_clearway,14,5,9,0,36,fr_tsp (247); lt_register (74825); nl_rechtspraak (1762),https://www.tribunal-stationnement-payant.fr/,https://www.catoappeals.com/data
uk,contravention_code+ground,52,permit_valid_dispute,14,6,8,0,43,fr_tsp (247); lt_register (74825); nl_rechtspraak (1762),https://www.tribunal-stationnement-payant.fr/,https://www.catoappeals.com/data
uk,contravention_code+ground,53,representations_ignored,14,9,5,0,64,fr_tsp (247); lt_register (74825); nl_rechtspraak (1762),https://www.tribunal-stationnement-payant.fr/,https://www.catoappeals.com/data
uk,contravention_code+ground,85,tro_validity,14,12,2,0,86,fr_tsp (247); lt_register (74825); nl_rechtspraak (1762),https://www.tribunal-stationnement-payant.fr/,https://www.catoappeals.com/data
uk,contravention_code+ground,50,banned_turn,13,9,4,0,69,fr_tsp (247); lt_register (74825); nl_rechtspraak (1762),https://www.tribunal-stationnement-payant.fr/,https://www.catoappeals.com/data
uk,contravention_code+ground,73,signage_inadequate,13,5,8,0,38,fr_tsp (247); lt_register (74825); nl_rechtspraak (1762),https://www.tribunal-stationnement-payant.fr/,https://www.catoappeals.com/data
uk,contravention_code+ground,12,keeper_liability_general,12,5,7,0,42,fr_tsp (247); lt_register (74825); nl_rechtspraak (1762),https://www.tribunal-stationnement-payant.fr/,https://www.catoappeals.com/data
uk,contravention_code+ground,51,signage_inadequate,12,3,9,0,25,fr_tsp (247); lt_register (74825); nl_rechtspraak (1762),https://www.tribunal-stationnement-payant.fr/,https://www.catoappeals.com/data
uk,contravention_code+ground,51,tro_validity,12,3,9,0,25,fr_tsp (247); lt_register (74825); nl_rechtspraak (1762),https://www.tribunal-stationnement-payant.fr/,https://www.catoappeals.com/data
uk,contravention_code+ground,52,representations_ignored,12,7,5,0,58,fr_tsp (247); lt_register (74825); nl_rechtspraak (1762),https://www.tribunal-stationnement-payant.fr/,https://www.catoappeals.com/data
uk,contravention_code+ground,85,permit_valid_dispute,12,11,1,0,92,fr_tsp (247); lt_register (74825); nl_rechtspraak (1762),https://www.tribunal-stationnement-payant.fr/,https://www.catoappeals.com/data
uk,contravention_code+ground,85,signage_inadequate,12,7,5,0,58,fr_tsp (247); lt_register (74825); nl_rechtspraak (1762),https://www.tribunal-stationnement-payant.fr/,https://www.catoappeals.com/data
uk,contravention_code+ground,11,grace_period_end,11,4,7,0,36,fr_tsp (247); lt_register (74825); nl_rechtspraak (1762),https://www.tribunal-stationnement-payant.fr/,https://www.catoappeals.com/data
uk,contravention_code+ground,12,grace_period_end,11,2,9,0,18,fr_tsp (247); lt_register (74825); nl_rechtspraak (1762),https://www.tribunal-stationnement-payant.fr/,https://www.catoappeals.com/data
uk,contravention_code+ground,33,cctv_approval,11,2,9,0,18,fr_tsp (247); lt_register (74825); nl_rechtspraak (1762),https://www.tribunal-stationnement-payant.fr/,https://www.catoappeals.com/data
uk,contravention_code+ground,34,hire_vehicle,11,8,3,0,73,fr_tsp (247); lt_register (74825); nl_rechtspraak (1762),https://www.tribunal-stationnement-payant.fr/,https://www.catoappeals.com/data
uk,contravention_code+ground,50,keeper_liability_general,11,4,7,0,36,fr_tsp (247); lt_register (74825); nl_rechtspraak (1762),https://www.tribunal-stationnement-payant.fr/,https://www.catoappeals.com/data
uk,contravention_code+ground,52,sat_nav,11,5,6,0,45,fr_tsp (247); lt_register (74825); nl_rechtspraak (1762),https://www.tribunal-stationnement-payant.fr/,https://www.catoappeals.com/data
uk,contravention_code+ground,62,observation_period,11,3,8,0,27,fr_tsp (247); lt_register (74825); nl_rechtspraak (1762),https://www.tribunal-stationnement-payant.fr/,https://www.catoappeals.com/data
uk,contravention_code+ground,01,grace_period_end,10,2,8,0,20,fr_tsp (247); lt_register (74825); nl_rechtspraak (1762),https://www.tribunal-stationnement-payant.fr/,https://www.catoappeals.com/data
uk,contravention_code+ground,25,loading_duration,10,5,5,0,50,fr_tsp (247); lt_register (74825); nl_rechtspraak (1762),https://www.tribunal-stationnement-payant.fr/,https://www.catoappeals.com/data
uk,contravention_code+ground,34,keeper_liability_general,10,8,2,0,80,fr_tsp (247); lt_register (74825); nl_rechtspraak (1762),https://www.tribunal-stationnement-payant.fr/,https://www.catoappeals.com/data
uk,contravention_code+ground,47,signage_inadequate,10,6,4,0,60,fr_tsp (247); lt_register (74825); nl_rechtspraak (1762),https://www.tribunal-stationnement-payant.fr/,https://www.catoappeals.com/data
uk,contravention_code+ground,47,tro_validity,10,3,7,0,30,fr_tsp (247); lt_register (74825); nl_rechtspraak (1762),https://www.tribunal-stationnement-payant.fr/,https://www.catoappeals.com/data
uk,contravention_code+ground,50,hire_vehicle,10,2,8,0,20,fr_tsp (247); lt_register (74825); nl_rechtspraak (1762),https://www.tribunal-stationnement-payant.fr/,https://www.catoappeals.com/data
uk,contravention_code+ground,52,boarding_alighting,10,3,7,0,30,fr_tsp (247); lt_register (74825); nl_rechtspraak (1762),https://www.tribunal-stationnement-payant.fr/,https://www.catoappeals.com/data
uk,contravention_code+ground,52,loading_duration,10,6,4,0,60,fr_tsp (247); lt_register (74825); nl_rechtspraak (1762),https://www.tribunal-stationnement-payant.fr/,https://www.catoappeals.com/data
uk,contravention_code+ground,53,equality_act,10,4,6,0,40,fr_tsp (247); lt_register (74825); nl_rechtspraak (1762),https://www.tribunal-stationnement-payant.fr/,https://www.catoappeals.com/data
uk,ground,signage_inadequate,,7187,1543,5644,0,21,fr_tsp (247); lt_register (74825); nl_rechtspraak (1762),https://www.tribunal-stationnement-payant.fr/,https://www.catoappeals.com/data
uk,ground,cctv_approval,,4194,1064,3130,0,25,fr_tsp (247); lt_register (74825); nl_rechtspraak (1762),https://www.tribunal-stationnement-payant.fr/,https://www.catoappeals.com/data
uk,ground,tro_validity,,3259,1103,2156,0,34,fr_tsp (247); lt_register (74825); nl_rechtspraak (1762),https://www.tribunal-stationnement-payant.fr/,https://www.catoappeals.com/data
uk,ground,loading_duration,,1787,442,1345,0,25,fr_tsp (247); lt_register (74825); nl_rechtspraak (1762),https://www.tribunal-stationnement-payant.fr/,https://www.catoappeals.com/data
uk,ground,hire_vehicle,,1605,284,1321,0,18,fr_tsp (247); lt_register (74825); nl_rechtspraak (1762),https://www.tribunal-stationnement-payant.fr/,https://www.catoappeals.com/data
uk,ground,permit_valid_dispute,,1605,399,1206,0,25,fr_tsp (247); lt_register (74825); nl_rechtspraak (1762),https://www.tribunal-stationnement-payant.fr/,https://www.catoappeals.com/data
uk,ground,payment_made,,1600,103,1497,0,6,fr_tsp (247); lt_register (74825); nl_rechtspraak (1762),https://www.tribunal-stationnement-payant.fr/,https://www.catoappeals.com/data
uk,ground,payment_machine_fault,,1482,274,1208,0,18,fr_tsp (247); lt_register (74825); nl_rechtspraak (1762),https://www.tribunal-stationnement-payant.fr/,https://www.catoappeals.com/data
uk,ground,box_junction,,1415,302,1113,0,21,fr_tsp (247); lt_register (74825); nl_rechtspraak (1762),https://www.tribunal-stationnement-payant.fr/,https://www.catoappeals.com/data
uk,ground,keeper_liability_general,,1408,319,1089,0,23,fr_tsp (247); lt_register (74825); nl_rechtspraak (1762),https://www.tribunal-stationnement-payant.fr/,https://www.catoappeals.com/data
uk,ground,signage_obscured,,1214,338,876,0,28,fr_tsp (247); lt_register (74825); nl_rechtspraak (1762),https://www.tribunal-stationnement-payant.fr/,https://www.catoappeals.com/data
uk,ground,footway_parking,,1089,314,775,0,29,fr_tsp (247); lt_register (74825); nl_rechtspraak (1762),https://www.tribunal-stationnement-payant.fr/,https://www.catoappeals.com/data
uk,ground,grace_period_start,,1059,32,1027,0,3,fr_tsp (247); lt_register (74825); nl_rechtspraak (1762),https://www.tribunal-stationnement-payant.fr/,https://www.catoappeals.com/data
uk,ground,red_route_stopping,,913,140,773,0,15,fr_tsp (247); lt_register (74825); nl_rechtspraak (1762),https://www.tribunal-stationnement-payant.fr/,https://www.catoappeals.com/data
uk,ground,vehicle_type_taxi,,875,119,756,0,14,fr_tsp (247); lt_register (74825); nl_rechtspraak (1762),https://www.tribunal-stationnement-payant.fr/,https://www.catoappeals.com/data
uk,ground,equality_act,,743,101,642,0,14,fr_tsp (247); lt_register (74825); nl_rechtspraak (1762),https://www.tribunal-stationnement-payant.fr/,https://www.catoappeals.com/data
uk,ground,grace_period_end,,612,131,481,0,21,fr_tsp (247); lt_register (74825); nl_rechtspraak (1762),https://www.tribunal-stationnement-payant.fr/,https://www.catoappeals.com/data
uk,ground,boarding_alighting,,591,113,478,0,19,fr_tsp (247); lt_register (74825); nl_rechtspraak (1762),https://www.tribunal-stationnement-payant.fr/,https://www.catoappeals.com/data
uk,ground,banned_turn,,558,121,437,0,22,fr_tsp (247); lt_register (74825); nl_rechtspraak (1762),https://www.tribunal-stationnement-payant.fr/,https://www.catoappeals.com/data
uk,ground,school_street,,518,119,399,0,23,fr_tsp (247); lt_register (74825); nl_rechtspraak (1762),https://www.tribunal-stationnement-payant.fr/,https://www.catoappeals.com/data
uk,ground,sat_nav,,482,96,386,0,20,fr_tsp (247); lt_register (74825); nl_rechtspraak (1762),https://www.tribunal-stationnement-payant.fr/,https://www.catoappeals.com/data
uk,ground,signage_missing,,464,182,282,0,39,fr_tsp (247); lt_register (74825); nl_rechtspraak (1762),https://www.tribunal-stationnement-payant.fr/,https://www.catoappeals.com/data
uk,ground,procedural_delay,,449,152,297,0,34,fr_tsp (247); lt_register (74825); nl_rechtspraak (1762),https://www.tribunal-stationnement-payant.fr/,https://www.catoappeals.com/data
uk,ground,suspension_signage,,440,167,273,0,38,fr_tsp (247); lt_register (74825); nl_rechtspraak (1762),https://www.tribunal-stationnement-payant.fr/,https://www.catoappeals.com/data
uk,ground,legitimate_expectation,,382,110,272,0,29,fr_tsp (247); lt_register (74825); nl_rechtspraak (1762),https://www.tribunal-stationnement-payant.fr/,https://www.catoappeals.com/data
uk,ground,restriction_hours_timing,,347,89,258,0,26,fr_tsp (247); lt_register (74825); nl_rechtspraak (1762),https://www.tribunal-stationnement-payant.fr/,https://www.catoappeals.com/data
uk,ground,mitigation,,340,33,307,0,10,fr_tsp (247); lt_register (74825); nl_rechtspraak (1762),https://www.tribunal-stationnement-payant.fr/,https://www.catoappeals.com/data
uk,ground,bay_markings,,333,101,232,0,30,fr_tsp (247); lt_register (74825); nl_rechtspraak (1762),https://www.tribunal-stationnement-payant.fr/,https://www.catoappeals.com/data
uk,ground,medical_emergency,,318,36,282,0,11,fr_tsp (247); lt_register (74825); nl_rechtspraak (1762),https://www.tribunal-stationnement-payant.fr/,https://www.catoappeals.com/data
uk,ground,bus_stop_clearway,,297,66,231,0,22,fr_tsp (247); lt_register (74825); nl_rechtspraak (1762),https://www.tribunal-stationnement-payant.fr/,https://www.catoappeals.com/data
uk,ground,loading_bay_use,,284,69,215,0,24,fr_tsp (247); lt_register (74825); nl_rechtspraak (1762),https://www.tribunal-stationnement-payant.fr/,https://www.catoappeals.com/data
uk,ground,vehicle_sold,,281,104,177,0,37,fr_tsp (247); lt_register (74825); nl_rechtspraak (1762),https://www.tribunal-stationnement-payant.fr/,https://www.catoappeals.com/data
uk,ground,observation_period,,270,96,174,0,36,fr_tsp (247); lt_register (74825); nl_rechtspraak (1762),https://www.tribunal-stationnement-payant.fr/,https://www.catoappeals.com/data
uk,ground,signage_faded,,264,101,163,0,38,fr_tsp (247); lt_register (74825); nl_rechtspraak (1762),https://www.tribunal-stationnement-payant.fr/,https://www.catoappeals.com/data
uk,ground,vehicle_stolen,,260,43,217,0,17,fr_tsp (247); lt_register (74825); nl_rechtspraak (1762),https://www.tribunal-stationnement-payant.fr/,https://www.catoappeals.com/data
uk,ground,dropped_kerb,,248,63,185,0,25,fr_tsp (247); lt_register (74825); nl_rechtspraak (1762),https://www.tribunal-stationnement-payant.fr/,https://www.catoappeals.com/data
uk,ground,loading_bulky_goods,,243,71,172,0,29,fr_tsp (247); lt_register (74825); nl_rechtspraak (1762),https://www.tribunal-stationnement-payant.fr/,https://www.catoappeals.com/data
uk,ground,representations_ignored,,243,107,136,0,44,fr_tsp (247); lt_register (74825); nl_rechtspraak (1762),https://www.tribunal-stationnement-payant.fr/,https://www.catoappeals.com/data
uk,ground,breakdown,,230,48,182,0,21,fr_tsp (247); lt_register (74825); nl_rechtspraak (1762),https://www.tribunal-stationnement-payant.fr/,https://www.catoappeals.com/data
uk,ground,emergency_vehicle,,227,45,182,0,20,fr_tsp (247); lt_register (74825); nl_rechtspraak (1762),https://www.tribunal-stationnement-payant.fr/,https://www.catoappeals.com/data
uk,ground,parked_definition,,195,15,180,0,8,fr_tsp (247); lt_register (74825); nl_rechtspraak (1762),https://www.tribunal-stationnement-payant.fr/,https://www.catoappeals.com/data
uk,ground,public_holiday,,173,79,94,0,46,fr_tsp (247); lt_register (74825); nl_rechtspraak (1762),https://www.tribunal-stationnement-payant.fr/,https://www.catoappeals.com/data
uk,ground,procedural_service,,170,55,115,0,32,fr_tsp (247); lt_register (74825); nl_rechtspraak (1762),https://www.tribunal-stationnement-payant.fr/,https://www.catoappeals.com/data
uk,ground,loading_no_kerb_blips,,168,44,124,0,26,fr_tsp (247); lt_register (74825); nl_rechtspraak (1762),https://www.tribunal-stationnement-payant.fr/,https://www.catoappeals.com/data
uk,ground,bus_lane_signage,,166,37,129,0,22,fr_tsp (247); lt_register (74825); nl_rechtspraak (1762),https://www.tribunal-stationnement-payant.fr/,https://www.catoappeals.com/data
uk,ground,bus_lane_exemption,,150,46,104,0,31,fr_tsp (247); lt_register (74825); nl_rechtspraak (1762),https://www.tribunal-stationnement-payant.fr/,https://www.catoappeals.com/data
uk,ground,permit_expired,,137,29,108,0,21,fr_tsp (247); lt_register (74825); nl_rechtspraak (1762),https://www.tribunal-stationnement-payant.fr/,https://www.catoappeals.com/data
uk,ground,towing,,137,31,106,0,23,fr_tsp (247); lt_register (74825); nl_rechtspraak (1762),https://www.tribunal-stationnement-payant.fr/,https://www.catoappeals.com/data
uk,ground,camera_enforcement_scope,,117,10,107,0,9,fr_tsp (247); lt_register (74825); nl_rechtspraak (1762),https://www.tribunal-stationnement-payant.fr/,https://www.catoappeals.com/data
uk,ground,cpz_new_scheme_notice,,109,31,78,0,28,fr_tsp (247); lt_register (74825); nl_rechtspraak (1762),https://www.tribunal-stationnement-payant.fr/,https://www.catoappeals.com/data
uk,ground,overstay,,98,30,68,0,31,fr_tsp (247); lt_register (74825); nl_rechtspraak (1762),https://www.tribunal-stationnement-payant.fr/,https://www.catoappeals.com/data
uk,ground,vehicle_type_exempt,,94,15,79,0,16,fr_tsp (247); lt_register (74825); nl_rechtspraak (1762),https://www.tribunal-stationnement-payant.fr/,https://www.catoappeals.com/data
uk,ground,payment_keying_error,,84,12,72,0,14,fr_tsp (247); lt_register (74825); nl_rechtspraak (1762),https://www.tribunal-stationnement-payant.fr/,https://www.catoappeals.com/data
uk,ground,pcn_date_error,,73,33,40,0,45,fr_tsp (247); lt_register (74825); nl_rechtspraak (1762),https://www.tribunal-stationnement-payant.fr/,https://www.catoappeals.com/data
uk,ground,permit_not_displayed,,59,10,49,0,17,fr_tsp (247); lt_register (74825); nl_rechtspraak (1762),https://www.tribunal-stationnement-payant.fr/,https://www.catoappeals.com/data
uk,ground,blue_badge_valid_not_displayed,,56,6,50,0,11,fr_tsp (247); lt_register (74825); nl_rechtspraak (1762),https://www.tribunal-stationnement-payant.fr/,https://www.catoappeals.com/data
uk,ground,blue_badge_clock,,32,2,30,0,6,fr_tsp (247); lt_register (74825); nl_rechtspraak (1762),https://www.tribunal-stationnement-payant.fr/,https://www.catoappeals.com/data
uk,ground,pcn_defective,,32,19,13,0,59,fr_tsp (247); lt_register (74825); nl_rechtspraak (1762),https://www.tribunal-stationnement-payant.fr/,https://www.catoappeals.com/data
uk,ground,pcn_code_error,,24,5,19,0,21,fr_tsp (247); lt_register (74825); nl_rechtspraak (1762),https://www.tribunal-stationnement-payant.fr/,https://www.catoappeals.com/data
uk,ground,nor_defect,,21,6,15,0,29,fr_tsp (247); lt_register (74825); nl_rechtspraak (1762),https://www.tribunal-stationnement-payant.fr/,https://www.catoappeals.com/data
uk,ground,payment_wrong_location,,20,1,19,0,5,fr_tsp (247); lt_register (74825); nl_rechtspraak (1762),https://www.tribunal-stationnement-payant.fr/,https://www.catoappeals.com/data
uk,ground,authority_no_evidence,,19,16,3,0,84,fr_tsp (247); lt_register (74825); nl_rechtspraak (1762),https://www.tribunal-stationnement-payant.fr/,https://www.catoappeals.com/data
uk,ground,vehicle_not_present,,19,6,13,0,32,fr_tsp (247); lt_register (74825); nl_rechtspraak (1762),https://www.tribunal-stationnement-payant.fr/,https://www.catoappeals.com/data
uk,ground,anpr_error,,15,4,11,0,27,fr_tsp (247); lt_register (74825); nl_rechtspraak (1762),https://www.tribunal-stationnement-payant.fr/,https://www.catoappeals.com/data
uk,ground,blue_badge_invalid,,14,1,13,0,7,fr_tsp (247); lt_register (74825); nl_rechtspraak (1762),https://www.tribunal-stationnement-payant.fr/,https://www.catoappeals.com/data
uk:ruc,authority,transport for london,,21113,8036,13077,0,38,fr_tsp (247); lt_register (74825); nl_rechtspraak (1762),https://www.tribunal-stationnement-payant.fr/,https://www.catoappeals.com/data
