"state","legislation","section","offence_code","description","amount_aud","penalty_units","amount_basis","source","source_url","source_as_at","page"
"NSW","Road Rules 2014","210(1)","93872","Not position front/rear of vehicle correctly - 90 degree angle parking","140","","","Revenue NSW penalty notice data set (DFOSF 001), FY2025-26","https://www.revenue.nsw.gov.au/help-centre/resources-library/statistics/penalty-notice-data-2025-2026-dfosf-001-2025.xlsx","FY2025-26","https://www.catoappeals.com/au/nsw/parking-fines/road-rules-2014-r-210-1"
"NSW","Road Rules 2014","210(1)","93869","Not angle park as on parking control sign or road marking","140","","","Revenue NSW penalty notice data set (DFOSF 001), FY2025-26","https://www.revenue.nsw.gov.au/help-centre/resources-library/statistics/penalty-notice-data-2025-2026-dfosf-001-2025.xlsx","FY2025-26","https://www.catoappeals.com/au/nsw/parking-fines/road-rules-2014-r-210-1"
"NSW","Road Rules 2014","210(1)","93873","Not position rear of vehicle correctly - 45 degree angle parking","140","","","Revenue NSW penalty notice data set (DFOSF 001), FY2025-26","https://www.revenue.nsw.gov.au/help-centre/resources-library/statistics/penalty-notice-data-2025-2026-dfosf-001-2025.xlsx","FY2025-26","https://www.catoappeals.com/au/nsw/parking-fines/road-rules-2014-r-210-1"
"NSW","Road Rules 2014","210(1)","93874","Not angle park as on parking control sign or road marking","100","","","Revenue NSW penalty notice data set (DFOSF 001), FY2025-26","https://www.revenue.nsw.gov.au/help-centre/resources-library/statistics/penalty-notice-data-2025-2026-dfosf-001-2025.xlsx","FY2025-26","https://www.catoappeals.com/au/nsw/parking-fines/road-rules-2014-r-210-1"
"NSW","Road Rules 2014","210(1)","93877","Not position front/rear of vehicle correctly - 90 degree angle parking","100","","","Revenue NSW penalty notice data set (DFOSF 001), FY2025-26","https://www.revenue.nsw.gov.au/help-centre/resources-library/statistics/penalty-notice-data-2025-2026-dfosf-001-2025.xlsx","FY2025-26","https://www.catoappeals.com/au/nsw/parking-fines/road-rules-2014-r-210-1"
"NSW","Road Rules 2014","210(1)","93871","Not park at 90 degree angle","140","","","Revenue NSW penalty notice data set (DFOSF 001), FY2025-26","https://www.revenue.nsw.gov.au/help-centre/resources-library/statistics/penalty-notice-data-2025-2026-dfosf-001-2025.xlsx","FY2025-26","https://www.catoappeals.com/au/nsw/parking-fines/road-rules-2014-r-210-1"
"NSW","Road Rules 2014","210(1)","93878","Not position rear of vehicle correctly - 45 degree angle parking","100","","","Revenue NSW penalty notice data set (DFOSF 001), FY2025-26","https://www.revenue.nsw.gov.au/help-centre/resources-library/statistics/penalty-notice-data-2025-2026-dfosf-001-2025.xlsx","FY2025-26","https://www.catoappeals.com/au/nsw/parking-fines/road-rules-2014-r-210-1"
"NSW","Road Rules 2014","210(1)","93870","Not park at 45 degree angle","140","","","Revenue NSW penalty notice data set (DFOSF 001), FY2025-26","https://www.revenue.nsw.gov.au/help-centre/resources-library/statistics/penalty-notice-data-2025-2026-dfosf-001-2025.xlsx","FY2025-26","https://www.catoappeals.com/au/nsw/parking-fines/road-rules-2014-r-210-1"
"NSW","Road Rules 2014","210(1)","93875","Not park at 45 degree angle","100","","","Revenue NSW penalty notice data set (DFOSF 001), FY2025-26","https://www.revenue.nsw.gov.au/help-centre/resources-library/statistics/penalty-notice-data-2025-2026-dfosf-001-2025.xlsx","FY2025-26","https://www.catoappeals.com/au/nsw/parking-fines/road-rules-2014-r-210-1"
"NSW","Road Rules 2014","210(1)","93876","Not park at 90 degree angle","100","","","Revenue NSW penalty notice data set (DFOSF 001), FY2025-26","https://www.revenue.nsw.gov.au/help-centre/resources-library/statistics/penalty-notice-data-2025-2026-dfosf-001-2025.xlsx","FY2025-26","https://www.catoappeals.com/au/nsw/parking-fines/road-rules-2014-r-210-1"
"NSW","Road Rules 2014","208(1)","82767","Not parallel park in direction of travel","330","","","Revenue NSW penalty notice data set (DFOSF 001), FY2025-26","https://www.revenue.nsw.gov.au/help-centre/resources-library/statistics/penalty-notice-data-2025-2026-dfosf-001-2025.xlsx","FY2025-26","https://www.catoappeals.com/au/nsw/parking-fines/road-rules-2014-r-208-1"
"NSW","Road Rules 2014","208(1)","82770","Parallel park close to dividing line/strip","330","","","Revenue NSW penalty notice data set (DFOSF 001), FY2025-26","https://www.revenue.nsw.gov.au/help-centre/resources-library/statistics/penalty-notice-data-2025-2026-dfosf-001-2025.xlsx","FY2025-26","https://www.catoappeals.com/au/nsw/parking-fines/road-rules-2014-r-208-1"
"NSW","Road Rules 2014","208(1)","82768","Not parallel park near left","140","","","Revenue NSW penalty notice data set (DFOSF 001), FY2025-26","https://www.revenue.nsw.gov.au/help-centre/resources-library/statistics/penalty-notice-data-2025-2026-dfosf-001-2025.xlsx","FY2025-26","https://www.catoappeals.com/au/nsw/parking-fines/road-rules-2014-r-208-1"
"NSW","Road Rules 2014","208(1)","82769","Park so as to obstruct vehicles/pedestrians","140","","","Revenue NSW penalty notice data set (DFOSF 001), FY2025-26","https://www.revenue.nsw.gov.au/help-centre/resources-library/statistics/penalty-notice-data-2025-2026-dfosf-001-2025.xlsx","FY2025-26","https://www.catoappeals.com/au/nsw/parking-fines/road-rules-2014-r-208-1"
"NSW","Road Rules 2014","208(1)","82773","Not parallel park near road side","140","","","Revenue NSW penalty notice data set (DFOSF 001), FY2025-26","https://www.revenue.nsw.gov.au/help-centre/resources-library/statistics/penalty-notice-data-2025-2026-dfosf-001-2025.xlsx","FY2025-26","https://www.catoappeals.com/au/nsw/parking-fines/road-rules-2014-r-208-1"
"NSW","Road Rules 2014","208(1)","91768","Not parallel park in direction of travel in school zone","423","","","Revenue NSW penalty notice data set (DFOSF 001), FY2025-26","https://www.revenue.nsw.gov.au/help-centre/resources-library/statistics/penalty-notice-data-2025-2026-dfosf-001-2025.xlsx","FY2025-26","https://www.catoappeals.com/au/nsw/parking-fines/road-rules-2014-r-208-1"
"NSW","Road Rules 2014","208(1)","82772","Not parallel park with 3 metres clear road alongside (no dividing line/strip)","140","","","Revenue NSW penalty notice data set (DFOSF 001), FY2025-26","https://www.revenue.nsw.gov.au/help-centre/resources-library/statistics/penalty-notice-data-2025-2026-dfosf-001-2025.xlsx","FY2025-26","https://www.catoappeals.com/au/nsw/parking-fines/road-rules-2014-r-208-1"
"NSW","Road Rules 2014","208(1)","91769","Parallel park close to dividing line/strip in school zone","423","","","Revenue NSW penalty notice data set (DFOSF 001), FY2025-26","https://www.revenue.nsw.gov.au/help-centre/resources-library/statistics/penalty-notice-data-2025-2026-dfosf-001-2025.xlsx","FY2025-26","https://www.catoappeals.com/au/nsw/parking-fines/road-rules-2014-r-208-1"
"NSW","Road Rules 2014","208(1)","82771","Parallel park close to front/back of vehicle","140","","","Revenue NSW penalty notice data set (DFOSF 001), FY2025-26","https://www.revenue.nsw.gov.au/help-centre/resources-library/statistics/penalty-notice-data-2025-2026-dfosf-001-2025.xlsx","FY2025-26","https://www.catoappeals.com/au/nsw/parking-fines/road-rules-2014-r-208-1"
"NSW","Local Government Act 1993","650(1)","92352","Park vehicle for longer than maximum period allowed","140","","","Revenue NSW penalty notice data set (DFOSF 001), FY2025-26","https://www.revenue.nsw.gov.au/help-centre/resources-library/statistics/penalty-notice-data-2025-2026-dfosf-001-2025.xlsx","FY2025-26","https://www.catoappeals.com/au/nsw/parking-fines/local-government-act-1993-s-650-1"
"NSW","Local Government Act 1993","650(1)","19265","Stand vehicle in disabled persons parking space without authority","704","","","Revenue NSW penalty notice data set (DFOSF 001), FY2025-26","https://www.revenue.nsw.gov.au/help-centre/resources-library/statistics/penalty-notice-data-2025-2026-dfosf-001-2025.xlsx","FY2025-26","https://www.catoappeals.com/au/nsw/parking-fines/local-government-act-1993-s-650-1"
"NSW","Local Government Act 1993","650(1)","92353","Park vehicle for longer than maximum period allowed","100","","","Revenue NSW penalty notice data set (DFOSF 001), FY2025-26","https://www.revenue.nsw.gov.au/help-centre/resources-library/statistics/penalty-notice-data-2025-2026-dfosf-001-2025.xlsx","FY2025-26","https://www.catoappeals.com/au/nsw/parking-fines/local-government-act-1993-s-650-1"
"NSW","Local Government Act 1993","650(1)","6181","Stand vehicle in area when area closed to public","140","","","Revenue NSW penalty notice data set (DFOSF 001), FY2025-26","https://www.revenue.nsw.gov.au/help-centre/resources-library/statistics/penalty-notice-data-2025-2026-dfosf-001-2025.xlsx","FY2025-26","https://www.catoappeals.com/au/nsw/parking-fines/local-government-act-1993-s-650-1"
"NSW","Local Government Act 1993","650(1)","93883","Park vehicle other than at times permitted","140","","","Revenue NSW penalty notice data set (DFOSF 001), FY2025-26","https://www.revenue.nsw.gov.au/help-centre/resources-library/statistics/penalty-notice-data-2025-2026-dfosf-001-2025.xlsx","FY2025-26","https://www.catoappeals.com/au/nsw/parking-fines/local-government-act-1993-s-650-1"
"NSW","Local Government Act 1993","650(1)","93884","Park vehicle other than at times permitted","100","","","Revenue NSW penalty notice data set (DFOSF 001), FY2025-26","https://www.revenue.nsw.gov.au/help-centre/resources-library/statistics/penalty-notice-data-2025-2026-dfosf-001-2025.xlsx","FY2025-26","https://www.catoappeals.com/au/nsw/parking-fines/local-government-act-1993-s-650-1"
"NSW","Local Government Act 1993","650(4)(a)","92354","Not stand vehicle in marked parking space","140","","","Revenue NSW penalty notice data set (DFOSF 001), FY2025-26","https://www.revenue.nsw.gov.au/help-centre/resources-library/statistics/penalty-notice-data-2025-2026-dfosf-001-2025.xlsx","FY2025-26","https://www.catoappeals.com/au/nsw/parking-fines/local-government-act-1993-s-650-1"
"NSW","Local Government Act 1993","650(4)(a)","92355","Not stand vehicle in marked parking space","100","","","Revenue NSW penalty notice data set (DFOSF 001), FY2025-26","https://www.revenue.nsw.gov.au/help-centre/resources-library/statistics/penalty-notice-data-2025-2026-dfosf-001-2025.xlsx","FY2025-26","https://www.catoappeals.com/au/nsw/parking-fines/local-government-act-1993-s-650-1"
"NSW","Local Government Act 1993","650(4)(c)","93887","Park vehicle crosses space markings","140","","","Revenue NSW penalty notice data set (DFOSF 001), FY2025-26","https://www.revenue.nsw.gov.au/help-centre/resources-library/statistics/penalty-notice-data-2025-2026-dfosf-001-2025.xlsx","FY2025-26","https://www.catoappeals.com/au/nsw/parking-fines/local-government-act-1993-s-650-1"
"NSW","Local Government Act 1993","650(4)(c)","93888","Park vehicle crosses space markings","100","","","Revenue NSW penalty notice data set (DFOSF 001), FY2025-26","https://www.revenue.nsw.gov.au/help-centre/resources-library/statistics/penalty-notice-data-2025-2026-dfosf-001-2025.xlsx","FY2025-26","https://www.catoappeals.com/au/nsw/parking-fines/local-government-act-1993-s-650-1"
"NSW","Local Government Act 1993","650(4)(b)","93885","Park vehicle in occupied marked parking space","140","","","Revenue NSW penalty notice data set (DFOSF 001), FY2025-26","https://www.revenue.nsw.gov.au/help-centre/resources-library/statistics/penalty-notice-data-2025-2026-dfosf-001-2025.xlsx","FY2025-26","https://www.catoappeals.com/au/nsw/parking-fines/local-government-act-1993-s-650-1"
"NSW","Local Government Act 1993","650(4)(b)","93886","Park vehicle in occupied marked parking space","100","","","Revenue NSW penalty notice data set (DFOSF 001), FY2025-26","https://www.revenue.nsw.gov.au/help-centre/resources-library/statistics/penalty-notice-data-2025-2026-dfosf-001-2025.xlsx","FY2025-26","https://www.catoappeals.com/au/nsw/parking-fines/local-government-act-1993-s-650-1"
"NSW","Local Government Act 1993","650A(1)","93894","Park vehicle strata parking area etc more than maximum time permitted","140","","","Revenue NSW penalty notice data set (DFOSF 001), FY2025-26","https://www.revenue.nsw.gov.au/help-centre/resources-library/statistics/penalty-notice-data-2025-2026-dfosf-001-2025.xlsx","FY2025-26","https://www.catoappeals.com/au/nsw/parking-fines/local-government-act-1993-s-650a-1"
"NSW","Local Government Act 1993","650A(1)","87991","Park vehicle in strata parking area etc contrary to sign","140","","","Revenue NSW penalty notice data set (DFOSF 001), FY2025-26","https://www.revenue.nsw.gov.au/help-centre/resources-library/statistics/penalty-notice-data-2025-2026-dfosf-001-2025.xlsx","FY2025-26","https://www.catoappeals.com/au/nsw/parking-fines/local-government-act-1993-s-650a-1"
"NSW","Local Government Act 1993","650A(1)","91554","Park vehicle designated disability parking space","704","","","Revenue NSW penalty notice data set (DFOSF 001), FY2025-26","https://www.revenue.nsw.gov.au/help-centre/resources-library/statistics/penalty-notice-data-2025-2026-dfosf-001-2025.xlsx","FY2025-26","https://www.catoappeals.com/au/nsw/parking-fines/local-government-act-1993-s-650a-1"
"NSW","Local Government Act 1993","650A(1)","93895","Park vehicle strata parking area etc over maximum time permitted","100","","","Revenue NSW penalty notice data set (DFOSF 001), FY2025-26","https://www.revenue.nsw.gov.au/help-centre/resources-library/statistics/penalty-notice-data-2025-2026-dfosf-001-2025.xlsx","FY2025-26","https://www.catoappeals.com/au/nsw/parking-fines/local-government-act-1993-s-650a-1"
"NSW","Local Government Act 1993","650A(1)","93893","Park vehicle strata parking area etc not at times permitted","140","","","Revenue NSW penalty notice data set (DFOSF 001), FY2025-26","https://www.revenue.nsw.gov.au/help-centre/resources-library/statistics/penalty-notice-data-2025-2026-dfosf-001-2025.xlsx","FY2025-26","https://www.catoappeals.com/au/nsw/parking-fines/local-government-act-1993-s-650a-1"
"NSW","Local Government Act 1993","650A(4)(a)","93897","Park vehicle not in marked parking space","140","","","Revenue NSW penalty notice data set (DFOSF 001), FY2025-26","https://www.revenue.nsw.gov.au/help-centre/resources-library/statistics/penalty-notice-data-2025-2026-dfosf-001-2025.xlsx","FY2025-26","https://www.catoappeals.com/au/nsw/parking-fines/local-government-act-1993-s-650a-1"
"NSW","Local Government Act 1993","650A(4)(a)","93898","Park vehicle not in marked parking space","100","","","Revenue NSW penalty notice data set (DFOSF 001), FY2025-26","https://www.revenue.nsw.gov.au/help-centre/resources-library/statistics/penalty-notice-data-2025-2026-dfosf-001-2025.xlsx","FY2025-26","https://www.catoappeals.com/au/nsw/parking-fines/local-government-act-1993-s-650a-1"
"NSW","Local Government Act 1993","650A(4)(c)","93901","Park vehicle not wholly in marked parking space","140","","","Revenue NSW penalty notice data set (DFOSF 001), FY2025-26","https://www.revenue.nsw.gov.au/help-centre/resources-library/statistics/penalty-notice-data-2025-2026-dfosf-001-2025.xlsx","FY2025-26","https://www.catoappeals.com/au/nsw/parking-fines/local-government-act-1993-s-650a-1"
"NSW","Local Government Act 1993","650A(4)(c)","93902","Park vehicle not wholly in marked parking space","100","","","Revenue NSW penalty notice data set (DFOSF 001), FY2025-26","https://www.revenue.nsw.gov.au/help-centre/resources-library/statistics/penalty-notice-data-2025-2026-dfosf-001-2025.xlsx","FY2025-26","https://www.catoappeals.com/au/nsw/parking-fines/local-government-act-1993-s-650a-1"
"NSW","Local Government Act 1993","650A(4)(b)","93899","Park vehicle in marked parking space with other vehicle parked","140","","","Revenue NSW penalty notice data set (DFOSF 001), FY2025-26","https://www.revenue.nsw.gov.au/help-centre/resources-library/statistics/penalty-notice-data-2025-2026-dfosf-001-2025.xlsx","FY2025-26","https://www.catoappeals.com/au/nsw/parking-fines/local-government-act-1993-s-650a-1"
"NSW","Local Government Act 1993","650A(4)(b)","93900","Park vehicle in marked parking space with other vehicle parked","100","","","Revenue NSW penalty notice data set (DFOSF 001), FY2025-26","https://www.revenue.nsw.gov.au/help-centre/resources-library/statistics/penalty-notice-data-2025-2026-dfosf-001-2025.xlsx","FY2025-26","https://www.catoappeals.com/au/nsw/parking-fines/local-government-act-1993-s-650a-1"
"NSW","National Parks and Wildlife Regulation 2019","10(1)(o)","103916","Park vehicle in park obstruct use of road/track etc","300","","","Revenue NSW penalty notice data set (DFOSF 001), FY2025-26","https://www.revenue.nsw.gov.au/help-centre/resources-library/statistics/penalty-notice-data-2025-2026-dfosf-001-2025.xlsx","FY2025-26","https://www.catoappeals.com/au/nsw/parking-fines/national-parks-and-wildlife-regulation-2019-cl-10-1-o"
"NSW","National Parks and Wildlife Regulation 2019","10(1)(o)","94558","Park vehicle in park obstruct use of road/track etc","152","","","Revenue NSW penalty notice data set (DFOSF 001), FY2025-26","https://www.revenue.nsw.gov.au/help-centre/resources-library/statistics/penalty-notice-data-2025-2026-dfosf-001-2025.xlsx","FY2025-26","https://www.catoappeals.com/au/nsw/parking-fines/national-parks-and-wildlife-regulation-2019-cl-10-1-o"
"NSW","National Parks and Wildlife Regulation 2019","10(1)(o)","94560","Park vehicle in park damage or destroy any vegetation","152","","","Revenue NSW penalty notice data set (DFOSF 001), FY2025-26","https://www.revenue.nsw.gov.au/help-centre/resources-library/statistics/penalty-notice-data-2025-2026-dfosf-001-2025.xlsx","FY2025-26","https://www.catoappeals.com/au/nsw/parking-fines/national-parks-and-wildlife-regulation-2019-cl-10-1-o"
"NSW","National Parks and Wildlife Regulation 2019","10(1)(o)","103915","Park vehicle in park endanger safety of others","300","","","Revenue NSW penalty notice data set (DFOSF 001), FY2025-26","https://www.revenue.nsw.gov.au/help-centre/resources-library/statistics/penalty-notice-data-2025-2026-dfosf-001-2025.xlsx","FY2025-26","https://www.catoappeals.com/au/nsw/parking-fines/national-parks-and-wildlife-regulation-2019-cl-10-1-o"
"NSW","National Parks and Wildlife Regulation 2019","6(2)(g)","94531","Enter/use park or facilities not in accordance conditions","300","","","Revenue NSW penalty notice data set (DFOSF 001), FY2025-26","https://www.revenue.nsw.gov.au/help-centre/resources-library/statistics/penalty-notice-data-2025-2026-dfosf-001-2025.xlsx","FY2025-26","https://www.catoappeals.com/au/nsw/parking-fines/national-parks-and-wildlife-regulation-2019-cl-10-1-o"
"NSW","National Parks and Wildlife Regulation 2019","10(1)(g2)","103911","Park vehicle for longer than allowed by sign","300","","","Revenue NSW penalty notice data set (DFOSF 001), FY2025-26","https://www.revenue.nsw.gov.au/help-centre/resources-library/statistics/penalty-notice-data-2025-2026-dfosf-001-2025.xlsx","FY2025-26","https://www.catoappeals.com/au/nsw/parking-fines/national-parks-and-wildlife-regulation-2019-cl-10-1-o"
"NSW","National Parks and Wildlife Regulation 2019","10(1)(g)","94550","Park vehicle not in area set aside for parking vehicles","300","","","Revenue NSW penalty notice data set (DFOSF 001), FY2025-26","https://www.revenue.nsw.gov.au/help-centre/resources-library/statistics/penalty-notice-data-2025-2026-dfosf-001-2025.xlsx","FY2025-26","https://www.catoappeals.com/au/nsw/parking-fines/national-parks-and-wildlife-regulation-2019-cl-10-1-o"
"NSW","National Parks and Wildlife Regulation 2019","10(1)(g4)","103913","Stop vehicle in area where no stopping sign applies","300","","","Revenue NSW penalty notice data set (DFOSF 001), FY2025-26","https://www.revenue.nsw.gov.au/help-centre/resources-library/statistics/penalty-notice-data-2025-2026-dfosf-001-2025.xlsx","FY2025-26","https://www.catoappeals.com/au/nsw/parking-fines/national-parks-and-wildlife-regulation-2019-cl-10-1-o"
"NSW","National Parks and Wildlife Regulation 2019","6(2)(a)","94525","Enter park or part of park closed to public","300","","","Revenue NSW penalty notice data set (DFOSF 001), FY2025-26","https://www.revenue.nsw.gov.au/help-centre/resources-library/statistics/penalty-notice-data-2025-2026-dfosf-001-2025.xlsx","FY2025-26","https://www.catoappeals.com/au/nsw/parking-fines/national-parks-and-wildlife-regulation-2019-cl-10-1-o"
"NSW","National Parks and Wildlife Regulation 2019","6(2)(e)","94529","Enter or use park or part of park not pay required fee","300","","","Revenue NSW penalty notice data set (DFOSF 001), FY2025-26","https://www.revenue.nsw.gov.au/help-centre/resources-library/statistics/penalty-notice-data-2025-2026-dfosf-001-2025.xlsx","FY2025-26","https://www.catoappeals.com/au/nsw/parking-fines/national-parks-and-wildlife-regulation-2019-cl-10-1-o"
"NSW","National Parks and Wildlife Regulation 2019","10(1)(h)","94551","Park vehicle in disability parking area not as prescribed","405","","","Revenue NSW penalty notice data set (DFOSF 001), FY2025-26","https://www.revenue.nsw.gov.au/help-centre/resources-library/statistics/penalty-notice-data-2025-2026-dfosf-001-2025.xlsx","FY2025-26","https://www.catoappeals.com/au/nsw/parking-fines/national-parks-and-wildlife-regulation-2019-cl-10-1-o"
"NSW","National Parks and Wildlife Regulation 2019","10(1)(g1)","103910","Park vehicle in area where no parking sign applies","300","","","Revenue NSW penalty notice data set (DFOSF 001), FY2025-26","https://www.revenue.nsw.gov.au/help-centre/resources-library/statistics/penalty-notice-data-2025-2026-dfosf-001-2025.xlsx","FY2025-26","https://www.catoappeals.com/au/nsw/parking-fines/national-parks-and-wildlife-regulation-2019-cl-10-1-o"
"NSW","National Parks and Wildlife Regulation 2019","6(2)(b)","94526","Remain in or leave vehicle in park after closed to public","100","","","Revenue NSW penalty notice data set (DFOSF 001), FY2025-26","https://www.revenue.nsw.gov.au/help-centre/resources-library/statistics/penalty-notice-data-2025-2026-dfosf-001-2025.xlsx","FY2025-26","https://www.catoappeals.com/au/nsw/parking-fines/national-parks-and-wildlife-regulation-2019-cl-10-1-o"
"NSW","National Parks and Wildlife Regulation 2019","10(1)(g3)","103912","Park vehicle in area in contravention of condition applying in area","300","","","Revenue NSW penalty notice data set (DFOSF 001), FY2025-26","https://www.revenue.nsw.gov.au/help-centre/resources-library/statistics/penalty-notice-data-2025-2026-dfosf-001-2025.xlsx","FY2025-26","https://www.catoappeals.com/au/nsw/parking-fines/national-parks-and-wildlife-regulation-2019-cl-10-1-o"
"NSW","National Parks and Wildlife Regulation 2019","10(1)(p)","103917","Park vehicle in park/damage/destroy vegetation/cultural objects/other park assets","300","","","Revenue NSW penalty notice data set (DFOSF 001), FY2025-26","https://www.revenue.nsw.gov.au/help-centre/resources-library/statistics/penalty-notice-data-2025-2026-dfosf-001-2025.xlsx","FY2025-26","https://www.catoappeals.com/au/nsw/parking-fines/national-parks-and-wildlife-regulation-2019-cl-10-1-o"
"NSW","National Parks and Wildlife Regulation 2019","10(2)(a)","103747","Park vehicle on road/track etc where gate obstructs access","300","","","Revenue NSW penalty notice data set (DFOSF 001), FY2025-26","https://www.revenue.nsw.gov.au/help-centre/resources-library/statistics/penalty-notice-data-2025-2026-dfosf-001-2025.xlsx","FY2025-26","https://www.catoappeals.com/au/nsw/parking-fines/national-parks-and-wildlife-regulation-2019-cl-10-1-o"
"NSW","National Parks and Wildlife Regulation 2019","12(5)","94583","Camp in park or part of park when prohibited by notice","300","","","Revenue NSW penalty notice data set (DFOSF 001), FY2025-26","https://www.revenue.nsw.gov.au/help-centre/resources-library/statistics/penalty-notice-data-2025-2026-dfosf-001-2025.xlsx","FY2025-26","https://www.catoappeals.com/au/nsw/parking-fines/national-parks-and-wildlife-regulation-2019-cl-10-1-o"
"NSW","National Parks and Wildlife Regulation 2019","6(2)(f)","94530","Use facilities/carry out activity contravening notice","300","","","Revenue NSW penalty notice data set (DFOSF 001), FY2025-26","https://www.revenue.nsw.gov.au/help-centre/resources-library/statistics/penalty-notice-data-2025-2026-dfosf-001-2025.xlsx","FY2025-26","https://www.catoappeals.com/au/nsw/parking-fines/national-parks-and-wildlife-regulation-2019-cl-10-1-o"
"NSW","National Parks and Wildlife Regulation 2019","10(1)(d)(iii)","103754","Park in park not have number-plate or registration plate as prescribed","300","","","Revenue NSW penalty notice data set (DFOSF 001), FY2025-26","https://www.revenue.nsw.gov.au/help-centre/resources-library/statistics/penalty-notice-data-2025-2026-dfosf-001-2025.xlsx","FY2025-26","https://www.catoappeals.com/au/nsw/parking-fines/national-parks-and-wildlife-regulation-2019-cl-10-1-o"
"NSW","National Parks and Wildlife Regulation 2019","10(2)(b)","103745","Park vehicle on road/track/etc when access restricted or obstructed","300","","","Revenue NSW penalty notice data set (DFOSF 001), FY2025-26","https://www.revenue.nsw.gov.au/help-centre/resources-library/statistics/penalty-notice-data-2025-2026-dfosf-001-2025.xlsx","FY2025-26","https://www.catoappeals.com/au/nsw/parking-fines/national-parks-and-wildlife-regulation-2019-cl-10-1-o"
"NSW","Road Rules 2014","183(1)","82817","Stop in bus zone (not clearway or transit/bus lane)","330","","","Revenue NSW penalty notice data set (DFOSF 001), FY2025-26","https://www.revenue.nsw.gov.au/help-centre/resources-library/statistics/penalty-notice-data-2025-2026-dfosf-001-2025.xlsx","FY2025-26","https://www.catoappeals.com/au/nsw/parking-fines/road-rules-2014-r-183-1"
"NSW","Road Rules 2014","183(1)","82818","Stop in bus zone (in school zone)","423","","","Revenue NSW penalty notice data set (DFOSF 001), FY2025-26","https://www.revenue.nsw.gov.au/help-centre/resources-library/statistics/penalty-notice-data-2025-2026-dfosf-001-2025.xlsx","FY2025-26","https://www.catoappeals.com/au/nsw/parking-fines/road-rules-2014-r-183-1"
"NSW","Road Rules 2014","183(1)","82819","Stop in bus zone (clearway or transit/bus lane)","330","","","Revenue NSW penalty notice data set (DFOSF 001), FY2025-26","https://www.revenue.nsw.gov.au/help-centre/resources-library/statistics/penalty-notice-data-2025-2026-dfosf-001-2025.xlsx","FY2025-26","https://www.catoappeals.com/au/nsw/parking-fines/road-rules-2014-r-183-1"
"NSW","Road Rules 2014","184(1)","93907","Stop in minibus zone (not clearway etc)","140","","","Revenue NSW penalty notice data set (DFOSF 001), FY2025-26","https://www.revenue.nsw.gov.au/help-centre/resources-library/statistics/penalty-notice-data-2025-2026-dfosf-001-2025.xlsx","FY2025-26","https://www.catoappeals.com/au/nsw/parking-fines/road-rules-2014-r-184-1"
"NSW","Road Rules 2014","184(1)","93908","Stop in minibus zone (not clearway etc)","100","","","Revenue NSW penalty notice data set (DFOSF 001), FY2025-26","https://www.revenue.nsw.gov.au/help-centre/resources-library/statistics/penalty-notice-data-2025-2026-dfosf-001-2025.xlsx","FY2025-26","https://www.catoappeals.com/au/nsw/parking-fines/road-rules-2014-r-184-1"
"NSW","Road Rules 2014","184(1)","83464","Stop in minibus zone (clearway or transit/bus lane)","235","","","Revenue NSW penalty notice data set (DFOSF 001), FY2025-26","https://www.revenue.nsw.gov.au/help-centre/resources-library/statistics/penalty-notice-data-2025-2026-dfosf-001-2025.xlsx","FY2025-26","https://www.catoappeals.com/au/nsw/parking-fines/road-rules-2014-r-184-1"
"NSW","Road Rules 2014","207(2)","97244","Fail to pay parking fee/obey instructions on sign etc","140","","","Revenue NSW penalty notice data set (DFOSF 001), FY2025-26","https://www.revenue.nsw.gov.au/help-centre/resources-library/statistics/penalty-notice-data-2025-2026-dfosf-001-2025.xlsx","FY2025-26","https://www.catoappeals.com/au/nsw/parking-fines/road-rules-2014-r-207-2"
"NSW","Road Rules 2014","207(2)","97245","Fail to pay parking fee/obey instructions on sign etc","100","","","Revenue NSW penalty notice data set (DFOSF 001), FY2025-26","https://www.revenue.nsw.gov.au/help-centre/resources-library/statistics/penalty-notice-data-2025-2026-dfosf-001-2025.xlsx","FY2025-26","https://www.catoappeals.com/au/nsw/parking-fines/road-rules-2014-r-207-2"
"NSW","Road Rules 2014","207-7","93858","Park in pay parking area or space that is closed","100","","","Revenue NSW penalty notice data set (DFOSF 001), FY2025-26","https://www.revenue.nsw.gov.au/help-centre/resources-library/statistics/penalty-notice-data-2025-2026-dfosf-001-2025.xlsx","FY2025-26","https://www.catoappeals.com/au/nsw/parking-fines/road-rules-2014-r-207-2"
"NSW","Road Rules 2014","207-7","93857","Park in pay parking area or space that is closed","140","","","Revenue NSW penalty notice data set (DFOSF 001), FY2025-26","https://www.revenue.nsw.gov.au/help-centre/resources-library/statistics/penalty-notice-data-2025-2026-dfosf-001-2025.xlsx","FY2025-26","https://www.catoappeals.com/au/nsw/parking-fines/road-rules-2014-r-207-2"
"NSW","Road Rules 2014","205","92362","Park continuously for longer than indicated","140","","","Revenue NSW penalty notice data set (DFOSF 001), FY2025-26","https://www.revenue.nsw.gov.au/help-centre/resources-library/statistics/penalty-notice-data-2025-2026-dfosf-001-2025.xlsx","FY2025-26","https://www.catoappeals.com/au/nsw/parking-fines/road-rules-2014-r-205"
"NSW","Road Rules 2014","205","92363","Park continuously for longer than indicated","100","","","Revenue NSW penalty notice data set (DFOSF 001), FY2025-26","https://www.revenue.nsw.gov.au/help-centre/resources-library/statistics/penalty-notice-data-2025-2026-dfosf-001-2025.xlsx","FY2025-26","https://www.catoappeals.com/au/nsw/parking-fines/road-rules-2014-r-205"
"NSW","Road Rules 2014","167","83595","Disobey no stopping sign","330","","","Revenue NSW penalty notice data set (DFOSF 001), FY2025-26","https://www.revenue.nsw.gov.au/help-centre/resources-library/statistics/penalty-notice-data-2025-2026-dfosf-001-2025.xlsx","FY2025-26","https://www.catoappeals.com/au/nsw/parking-fines/road-rules-2014-r-167"
"NSW","Road Rules 2014","167","83596","Disobey no stopping sign (in school zone)","423","","","Revenue NSW penalty notice data set (DFOSF 001), FY2025-26","https://www.revenue.nsw.gov.au/help-centre/resources-library/statistics/penalty-notice-data-2025-2026-dfosf-001-2025.xlsx","FY2025-26","https://www.catoappeals.com/au/nsw/parking-fines/road-rules-2014-r-167"
"NSW","Road Rules 2014","168(1)","82740","Disobey no parking sign","140","","","Revenue NSW penalty notice data set (DFOSF 001), FY2025-26","https://www.revenue.nsw.gov.au/help-centre/resources-library/statistics/penalty-notice-data-2025-2026-dfosf-001-2025.xlsx","FY2025-26","https://www.catoappeals.com/au/nsw/parking-fines/road-rules-2014-r-168-1"
"NSW","Road Rules 2014","168(1)","82739","Disobey no parking sign (in school zone)","235","","","Revenue NSW penalty notice data set (DFOSF 001), FY2025-26","https://www.revenue.nsw.gov.au/help-centre/resources-library/statistics/penalty-notice-data-2025-2026-dfosf-001-2025.xlsx","FY2025-26","https://www.catoappeals.com/au/nsw/parking-fines/road-rules-2014-r-168-1"
"NSW","Road Rules 2014","168-1(1)","92357","Stop in restricted parking area","100","","","Revenue NSW penalty notice data set (DFOSF 001), FY2025-26","https://www.revenue.nsw.gov.au/help-centre/resources-library/statistics/penalty-notice-data-2025-2026-dfosf-001-2025.xlsx","FY2025-26","https://www.catoappeals.com/au/nsw/parking-fines/road-rules-2014-r-168-1"
"NSW","Road Rules 2014","168-1(1)","92356","Stop in restricted parking area","140","","","Revenue NSW penalty notice data set (DFOSF 001), FY2025-26","https://www.revenue.nsw.gov.au/help-centre/resources-library/statistics/penalty-notice-data-2025-2026-dfosf-001-2025.xlsx","FY2025-26","https://www.catoappeals.com/au/nsw/parking-fines/road-rules-2014-r-168-1"
"NSW","Local Government Act 1993","632(1)","103742","Fail to comply with council notice in public place - parking of vehicle","110","","","Revenue NSW penalty notice data set (DFOSF 001), FY2025-26","https://www.revenue.nsw.gov.au/help-centre/resources-library/statistics/penalty-notice-data-2025-2026-dfosf-001-2025.xlsx","FY2025-26","https://www.catoappeals.com/au/nsw/parking-fines/local-government-act-1993-s-632-1"
"NSW","Local Government Act 1993","632(1)","9325","Fail to comply with terms of notice erected by council","110","","","Revenue NSW penalty notice data set (DFOSF 001), FY2025-26","https://www.revenue.nsw.gov.au/help-centre/resources-library/statistics/penalty-notice-data-2025-2026-dfosf-001-2025.xlsx","FY2025-26","https://www.catoappeals.com/au/nsw/parking-fines/local-government-act-1993-s-632-1"
"NSW","Road Rules 2014","197(1)","82918","Stop on path/strip in built-up area","330","","","Revenue NSW penalty notice data set (DFOSF 001), FY2025-26","https://www.revenue.nsw.gov.au/help-centre/resources-library/statistics/penalty-notice-data-2025-2026-dfosf-001-2025.xlsx","FY2025-26","https://www.catoappeals.com/au/nsw/parking-fines/road-rules-2014-r-197-1"
"NSW","Road Rules 2014","197(1)","82917","Stop on path/strip in built-up area (in school zone)","423","","","Revenue NSW penalty notice data set (DFOSF 001), FY2025-26","https://www.revenue.nsw.gov.au/help-centre/resources-library/statistics/penalty-notice-data-2025-2026-dfosf-001-2025.xlsx","FY2025-26","https://www.catoappeals.com/au/nsw/parking-fines/road-rules-2014-r-197-1"
"NSW","Road Rules 2014","197(1A)","83731","Stop on painted island","140","","","Revenue NSW penalty notice data set (DFOSF 001), FY2025-26","https://www.revenue.nsw.gov.au/help-centre/resources-library/statistics/penalty-notice-data-2025-2026-dfosf-001-2025.xlsx","FY2025-26","https://www.catoappeals.com/au/nsw/parking-fines/road-rules-2014-r-197-1"
"NSW","Road Rules 2014","197(1A)","83737","Stop on painted island in school zone","235","","","Revenue NSW penalty notice data set (DFOSF 001), FY2025-26","https://www.revenue.nsw.gov.au/help-centre/resources-library/statistics/penalty-notice-data-2025-2026-dfosf-001-2025.xlsx","FY2025-26","https://www.catoappeals.com/au/nsw/parking-fines/road-rules-2014-r-197-1"
"NSW","Road Rules 2014","197(1B)","83738","Stop on traffic island","140","","","Revenue NSW penalty notice data set (DFOSF 001), FY2025-26","https://www.revenue.nsw.gov.au/help-centre/resources-library/statistics/penalty-notice-data-2025-2026-dfosf-001-2025.xlsx","FY2025-26","https://www.catoappeals.com/au/nsw/parking-fines/road-rules-2014-r-197-1"
"NSW","Road Rules 2014","197(1B)","83739","Stop on traffic island in school zone","235","","","Revenue NSW penalty notice data set (DFOSF 001), FY2025-26","https://www.revenue.nsw.gov.au/help-centre/resources-library/statistics/penalty-notice-data-2025-2026-dfosf-001-2025.xlsx","FY2025-26","https://www.catoappeals.com/au/nsw/parking-fines/road-rules-2014-r-197-1"
"NSW","Road Rules 2014","198(2)","83430","Stop on/across driveway/other access to/from land","330","","","Revenue NSW penalty notice data set (DFOSF 001), FY2025-26","https://www.revenue.nsw.gov.au/help-centre/resources-library/statistics/penalty-notice-data-2025-2026-dfosf-001-2025.xlsx","FY2025-26","https://www.catoappeals.com/au/nsw/parking-fines/road-rules-2014-r-198-2"
"NSW","Road Rules 2014","198(2)","83431","Stop on/across driveway etc to/from land (in school zone)","423","","","Revenue NSW penalty notice data set (DFOSF 001), FY2025-26","https://www.revenue.nsw.gov.au/help-centre/resources-library/statistics/penalty-notice-data-2025-2026-dfosf-001-2025.xlsx","FY2025-26","https://www.catoappeals.com/au/nsw/parking-fines/road-rules-2014-r-198-2"
"NSW","Road Rules 2014","198(1)","83529","Obstruct access to ramp/path/passageway","330","","","Revenue NSW penalty notice data set (DFOSF 001), FY2025-26","https://www.revenue.nsw.gov.au/help-centre/resources-library/statistics/penalty-notice-data-2025-2026-dfosf-001-2025.xlsx","FY2025-26","https://www.catoappeals.com/au/nsw/parking-fines/road-rules-2014-r-198-2"
"NSW","Road Rules 2014","198(1)","91767","Obstruct access to ramp/path/passageway in school zone","423","","","Revenue NSW penalty notice data set (DFOSF 001), FY2025-26","https://www.revenue.nsw.gov.au/help-centre/resources-library/statistics/penalty-notice-data-2025-2026-dfosf-001-2025.xlsx","FY2025-26","https://www.catoappeals.com/au/nsw/parking-fines/road-rules-2014-r-198-2"
"NSW","Road Rules 2014","179-1(6)","97240","Allow vehicle remain stopped in controlled loading zone after expiry of loading zone ticket","235","","","Revenue NSW penalty notice data set (DFOSF 001), FY2025-26","https://www.revenue.nsw.gov.au/help-centre/resources-library/statistics/penalty-notice-data-2025-2026-dfosf-001-2025.xlsx","FY2025-26","https://www.catoappeals.com/au/nsw/parking-fines/road-rules-2014-r-179-1-6"
"NSW","Road Rules 2014","179-1(6)","97241","Allow vehicle remain stopped in controlled loading zone after expiry of loading zone ticket","100","","","Revenue NSW penalty notice data set (DFOSF 001), FY2025-26","https://www.revenue.nsw.gov.au/help-centre/resources-library/statistics/penalty-notice-data-2025-2026-dfosf-001-2025.xlsx","FY2025-26","https://www.catoappeals.com/au/nsw/parking-fines/road-rules-2014-r-179-1-6"
"NSW","Road Rules 2014","179-1(4)","97238","Fail to display printed loading zone ticket as prescribed","235","","","Revenue NSW penalty notice data set (DFOSF 001), FY2025-26","https://www.revenue.nsw.gov.au/help-centre/resources-library/statistics/penalty-notice-data-2025-2026-dfosf-001-2025.xlsx","FY2025-26","https://www.catoappeals.com/au/nsw/parking-fines/road-rules-2014-r-179-1-6"
"NSW","Road Rules 2014","179-1(4)","97239","Fail to display printed loading zone ticket as prescribed","100","","","Revenue NSW penalty notice data set (DFOSF 001), FY2025-26","https://www.revenue.nsw.gov.au/help-centre/resources-library/statistics/penalty-notice-data-2025-2026-dfosf-001-2025.xlsx","FY2025-26","https://www.catoappeals.com/au/nsw/parking-fines/road-rules-2014-r-179-1-6"
"NSW","Road Rules 2014","179-1(3)","97236","Not obey instructions on loading zone sign or loading zone device in controlled loading zone","235","","","Revenue NSW penalty notice data set (DFOSF 001), FY2025-26","https://www.revenue.nsw.gov.au/help-centre/resources-library/statistics/penalty-notice-data-2025-2026-dfosf-001-2025.xlsx","FY2025-26","https://www.catoappeals.com/au/nsw/parking-fines/road-rules-2014-r-179-1-6"
"NSW","Road Rules 2014","179-1(3)","97237","Not obey instructions on loading zone sign or loading zone device in controlled loading zone","100","","","Revenue NSW penalty notice data set (DFOSF 001), FY2025-26","https://www.revenue.nsw.gov.au/help-centre/resources-library/statistics/penalty-notice-data-2025-2026-dfosf-001-2025.xlsx","FY2025-26","https://www.catoappeals.com/au/nsw/parking-fines/road-rules-2014-r-179-1-6"
"NSW","Road Rules 2014","179-1(7)","97243","Stop in closed controlled loading zone","100","","","Revenue NSW penalty notice data set (DFOSF 001), FY2025-26","https://www.revenue.nsw.gov.au/help-centre/resources-library/statistics/penalty-notice-data-2025-2026-dfosf-001-2025.xlsx","FY2025-26","https://www.catoappeals.com/au/nsw/parking-fines/road-rules-2014-r-179-1-6"
"NSW","Road Rules 2014","179-1(7)","97242","Stop in closed controlled loading zone","235","","","Revenue NSW penalty notice data set (DFOSF 001), FY2025-26","https://www.revenue.nsw.gov.au/help-centre/resources-library/statistics/penalty-notice-data-2025-2026-dfosf-001-2025.xlsx","FY2025-26","https://www.catoappeals.com/au/nsw/parking-fines/road-rules-2014-r-179-1-6"
"NSW","Road Rules 2014","179(1)","82890","Stop in loading zone","235","","","Revenue NSW penalty notice data set (DFOSF 001), FY2025-26","https://www.revenue.nsw.gov.au/help-centre/resources-library/statistics/penalty-notice-data-2025-2026-dfosf-001-2025.xlsx","FY2025-26","https://www.catoappeals.com/au/nsw/parking-fines/road-rules-2014-r-179-1-6"
"NSW","Road Rules 2014","179(2)(a)","83646","Stop in loading zone longer than 30 minutes","235","","","Revenue NSW penalty notice data set (DFOSF 001), FY2025-26","https://www.revenue.nsw.gov.au/help-centre/resources-library/statistics/penalty-notice-data-2025-2026-dfosf-001-2025.xlsx","FY2025-26","https://www.catoappeals.com/au/nsw/parking-fines/road-rules-2014-r-179-1-6"
"NSW","Road Rules 2014","179(2)(b)","83392","Stop in loading zone longer than indicated","235","","","Revenue NSW penalty notice data set (DFOSF 001), FY2025-26","https://www.revenue.nsw.gov.au/help-centre/resources-library/statistics/penalty-notice-data-2025-2026-dfosf-001-2025.xlsx","FY2025-26","https://www.catoappeals.com/au/nsw/parking-fines/road-rules-2014-r-179-1-6"
"NSW","Road Rules 2014","170(3)","83423","Stop within 10 metres of an intersection (no traffic lights)","423","","","Revenue NSW penalty notice data set (DFOSF 001), FY2025-26","https://www.revenue.nsw.gov.au/help-centre/resources-library/statistics/penalty-notice-data-2025-2026-dfosf-001-2025.xlsx","FY2025-26","https://www.catoappeals.com/au/nsw/parking-fines/road-rules-2014-r-170-3"
"NSW","Road Rules 2014","170(3)","91760","Stop within 10 metres of an intersection (no traffic lights) - school zone","562","","","Revenue NSW penalty notice data set (DFOSF 001), FY2025-26","https://www.revenue.nsw.gov.au/help-centre/resources-library/statistics/penalty-notice-data-2025-2026-dfosf-001-2025.xlsx","FY2025-26","https://www.catoappeals.com/au/nsw/parking-fines/road-rules-2014-r-170-3"
"NSW","Road Rules 2014","170(1)","82561","Stop in intersection","423","","","Revenue NSW penalty notice data set (DFOSF 001), FY2025-26","https://www.revenue.nsw.gov.au/help-centre/resources-library/statistics/penalty-notice-data-2025-2026-dfosf-001-2025.xlsx","FY2025-26","https://www.catoappeals.com/au/nsw/parking-fines/road-rules-2014-r-170-3"
"NSW","Road Rules 2014","170(1)","91756","Stop in intersection in school zone","562","","","Revenue NSW penalty notice data set (DFOSF 001), FY2025-26","https://www.revenue.nsw.gov.au/help-centre/resources-library/statistics/penalty-notice-data-2025-2026-dfosf-001-2025.xlsx","FY2025-26","https://www.catoappeals.com/au/nsw/parking-fines/road-rules-2014-r-170-3"
"NSW","Road Rules 2014","170(2)","82759","Stop within 20 metres of an intersection (traffic lights)","423","","","Revenue NSW penalty notice data set (DFOSF 001), FY2025-26","https://www.revenue.nsw.gov.au/help-centre/resources-library/statistics/penalty-notice-data-2025-2026-dfosf-001-2025.xlsx","FY2025-26","https://www.catoappeals.com/au/nsw/parking-fines/road-rules-2014-r-170-3"
"NSW","Road Rules 2014","170(2)","91758","Stop within 20 metres of an intersection (traffic lights) - school zone","562","","","Revenue NSW penalty notice data set (DFOSF 001), FY2025-26","https://www.revenue.nsw.gov.au/help-centre/resources-library/statistics/penalty-notice-data-2025-2026-dfosf-001-2025.xlsx","FY2025-26","https://www.catoappeals.com/au/nsw/parking-fines/road-rules-2014-r-170-3"
"NSW","Road Rules 2014","189(1)","83615","Double park","330","","","Revenue NSW penalty notice data set (DFOSF 001), FY2025-26","https://www.revenue.nsw.gov.au/help-centre/resources-library/statistics/penalty-notice-data-2025-2026-dfosf-001-2025.xlsx","FY2025-26","https://www.catoappeals.com/au/nsw/parking-fines/road-rules-2014-r-189-1"
"NSW","Road Rules 2014","189(1)","83614","Double park in school zone","423","","","Revenue NSW penalty notice data set (DFOSF 001), FY2025-26","https://www.revenue.nsw.gov.au/help-centre/resources-library/statistics/penalty-notice-data-2025-2026-dfosf-001-2025.xlsx","FY2025-26","https://www.catoappeals.com/au/nsw/parking-fines/road-rules-2014-r-189-1"
"NSW","Transport Administration (General) Regulation 2018","7(1)","93216","Driver stand/park contravene traffic control device","150","","","Revenue NSW penalty notice data set (DFOSF 001), FY2025-26","https://www.revenue.nsw.gov.au/help-centre/resources-library/statistics/penalty-notice-data-2025-2026-dfosf-001-2025.xlsx","FY2025-26","https://www.catoappeals.com/au/nsw/parking-fines/transport-administration-general-regulation-2018-cl-7-1"
"NSW","Transport Administration (General) Regulation 2018","7(1)","93217","Owner stand/park contravene traffic control device","150","","","Revenue NSW penalty notice data set (DFOSF 001), FY2025-26","https://www.revenue.nsw.gov.au/help-centre/resources-library/statistics/penalty-notice-data-2025-2026-dfosf-001-2025.xlsx","FY2025-26","https://www.catoappeals.com/au/nsw/parking-fines/transport-administration-general-regulation-2018-cl-7-1"
"NSW","Transport Administration (General) Regulation 2018","6(1)(b)","93214","Driver stand/park where no sign permitting parking etc","150","","","Revenue NSW penalty notice data set (DFOSF 001), FY2025-26","https://www.revenue.nsw.gov.au/help-centre/resources-library/statistics/penalty-notice-data-2025-2026-dfosf-001-2025.xlsx","FY2025-26","https://www.catoappeals.com/au/nsw/parking-fines/transport-administration-general-regulation-2018-cl-7-1"
"NSW","Transport Administration (General) Regulation 2018","6(1)(b)","93215","Owner stand/park where no sign permitting parking etc","150","","","Revenue NSW penalty notice data set (DFOSF 001), FY2025-26","https://www.revenue.nsw.gov.au/help-centre/resources-library/statistics/penalty-notice-data-2025-2026-dfosf-001-2025.xlsx","FY2025-26","https://www.catoappeals.com/au/nsw/parking-fines/transport-administration-general-regulation-2018-cl-7-1"
"NSW","Transport Administration (General) Regulation 2018","6(1)(a)","93212","Driver stand/park where no traffic control device","150","","","Revenue NSW penalty notice data set (DFOSF 001), FY2025-26","https://www.revenue.nsw.gov.au/help-centre/resources-library/statistics/penalty-notice-data-2025-2026-dfosf-001-2025.xlsx","FY2025-26","https://www.catoappeals.com/au/nsw/parking-fines/transport-administration-general-regulation-2018-cl-7-1"
"NSW","Road Rules 2014","211(2)","93879","Not park wholly within parking bay","140","","","Revenue NSW penalty notice data set (DFOSF 001), FY2025-26","https://www.revenue.nsw.gov.au/help-centre/resources-library/statistics/penalty-notice-data-2025-2026-dfosf-001-2025.xlsx","FY2025-26","https://www.catoappeals.com/au/nsw/parking-fines/road-rules-2014-r-211-2"
"NSW","Road Rules 2014","211(2)","93880","Not park wholly within parking bay","100","","","Revenue NSW penalty notice data set (DFOSF 001), FY2025-26","https://www.revenue.nsw.gov.au/help-centre/resources-library/statistics/penalty-notice-data-2025-2026-dfosf-001-2025.xlsx","FY2025-26","https://www.catoappeals.com/au/nsw/parking-fines/road-rules-2014-r-211-2"
"NSW","Road Rules 2014","211(3)","93881","Use more parking bays than necessary","140","","","Revenue NSW penalty notice data set (DFOSF 001), FY2025-26","https://www.revenue.nsw.gov.au/help-centre/resources-library/statistics/penalty-notice-data-2025-2026-dfosf-001-2025.xlsx","FY2025-26","https://www.catoappeals.com/au/nsw/parking-fines/road-rules-2014-r-211-2"
"NSW","Road Rules 2014","211(3)","93882","Use more parking bays than necessary","100","","","Revenue NSW penalty notice data set (DFOSF 001), FY2025-26","https://www.revenue.nsw.gov.au/help-centre/resources-library/statistics/penalty-notice-data-2025-2026-dfosf-001-2025.xlsx","FY2025-26","https://www.catoappeals.com/au/nsw/parking-fines/road-rules-2014-r-211-2"
"NSW","Road Rules 2014","187(1)","82892","Stop in/on bus/transit/truck lane (clearway)","330","","","Revenue NSW penalty notice data set (DFOSF 001), FY2025-26","https://www.revenue.nsw.gov.au/help-centre/resources-library/statistics/penalty-notice-data-2025-2026-dfosf-001-2025.xlsx","FY2025-26","https://www.catoappeals.com/au/nsw/parking-fines/road-rules-2014-r-187-1"
"NSW","Road Rules 2014","187(1)","82891","Stop in/on bus/transit/truck lane (not clearway)","330","","","Revenue NSW penalty notice data set (DFOSF 001), FY2025-26","https://www.revenue.nsw.gov.au/help-centre/resources-library/statistics/penalty-notice-data-2025-2026-dfosf-001-2025.xlsx","FY2025-26","https://www.catoappeals.com/au/nsw/parking-fines/road-rules-2014-r-187-1"
"NSW","Road Rules 2014","187(2)","83420","Stop in/on bicycle lane (not clearway/bus/transit lane)","330","","","Revenue NSW penalty notice data set (DFOSF 001), FY2025-26","https://www.revenue.nsw.gov.au/help-centre/resources-library/statistics/penalty-notice-data-2025-2026-dfosf-001-2025.xlsx","FY2025-26","https://www.catoappeals.com/au/nsw/parking-fines/road-rules-2014-r-187-1"
"NSW","Road Rules 2014","187(2)","83421","Stop in/on bicycle lane (clearway/bus/transit lane)","330","","","Revenue NSW penalty notice data set (DFOSF 001), FY2025-26","https://www.revenue.nsw.gov.au/help-centre/resources-library/statistics/penalty-notice-data-2025-2026-dfosf-001-2025.xlsx","FY2025-26","https://www.catoappeals.com/au/nsw/parking-fines/road-rules-2014-r-187-1"
"NSW","Road Rules 2014","187(3)","82783","Stop in/on tram tracks (not clearway/bus/transit lane)","330","","","Revenue NSW penalty notice data set (DFOSF 001), FY2025-26","https://www.revenue.nsw.gov.au/help-centre/resources-library/statistics/penalty-notice-data-2025-2026-dfosf-001-2025.xlsx","FY2025-26","https://www.catoappeals.com/au/nsw/parking-fines/road-rules-2014-r-187-1"
"NSW","Road Rules 2014","187(3)","82784","Stop in/on tram tracks (clearway/bus/transit lane)","330","","","Revenue NSW penalty notice data set (DFOSF 001), FY2025-26","https://www.revenue.nsw.gov.au/help-centre/resources-library/statistics/penalty-notice-data-2025-2026-dfosf-001-2025.xlsx","FY2025-26","https://www.catoappeals.com/au/nsw/parking-fines/road-rules-2014-r-187-1"
"NSW","Road Rules 2014","187(4)","100922","Stop in bus only lane","330","","","Revenue NSW penalty notice data set (DFOSF 001), FY2025-26","https://www.revenue.nsw.gov.au/help-centre/resources-library/statistics/penalty-notice-data-2025-2026-dfosf-001-2025.xlsx","FY2025-26","https://www.catoappeals.com/au/nsw/parking-fines/road-rules-2014-r-187-1"
"NSW","Road Rules 2014","172(1)","82661","Stop on/near pedestrian crossing","423","","","Revenue NSW penalty notice data set (DFOSF 001), FY2025-26","https://www.revenue.nsw.gov.au/help-centre/resources-library/statistics/penalty-notice-data-2025-2026-dfosf-001-2025.xlsx","FY2025-26","https://www.catoappeals.com/au/nsw/parking-fines/road-rules-2014-r-172-1"
"NSW","Road Rules 2014","172(1)","82660","Stop on/near pedestrian crossing (in school zone)","562","","","Revenue NSW penalty notice data set (DFOSF 001), FY2025-26","https://www.revenue.nsw.gov.au/help-centre/resources-library/statistics/penalty-notice-data-2025-2026-dfosf-001-2025.xlsx","FY2025-26","https://www.catoappeals.com/au/nsw/parking-fines/road-rules-2014-r-172-1"
"NSW","Road Rules 2014","195(1)","83346","Stop at/near bus stop","330","","","Revenue NSW penalty notice data set (DFOSF 001), FY2025-26","https://www.revenue.nsw.gov.au/help-centre/resources-library/statistics/penalty-notice-data-2025-2026-dfosf-001-2025.xlsx","FY2025-26","https://www.catoappeals.com/au/nsw/parking-fines/road-rules-2014-r-195-1"
"NSW","Road Rules 2014","195(1)","83347","Stop at/near bus stop (in school zone)","423","","","Revenue NSW penalty notice data set (DFOSF 001), FY2025-26","https://www.revenue.nsw.gov.au/help-centre/resources-library/statistics/penalty-notice-data-2025-2026-dfosf-001-2025.xlsx","FY2025-26","https://www.catoappeals.com/au/nsw/parking-fines/road-rules-2014-r-195-1"
"NSW","Road Rules 2014","195(1-1)","82686","Public bus driver stop at bus stop when not permitted","330","","","Revenue NSW penalty notice data set (DFOSF 001), FY2025-26","https://www.revenue.nsw.gov.au/help-centre/resources-library/statistics/penalty-notice-data-2025-2026-dfosf-001-2025.xlsx","FY2025-26","https://www.catoappeals.com/au/nsw/parking-fines/road-rules-2014-r-195-1"
"NSW","Road Rules 2014","171(1)","82684","Stop on/near childrens crossing (in school zone)","562","","","Revenue NSW penalty notice data set (DFOSF 001), FY2025-26","https://www.revenue.nsw.gov.au/help-centre/resources-library/statistics/penalty-notice-data-2025-2026-dfosf-001-2025.xlsx","FY2025-26","https://www.catoappeals.com/au/nsw/parking-fines/road-rules-2014-r-171-1"
"NSW","Road Rules 2014","171(1)","82683","Stop on/near childrens crossing","423","","","Revenue NSW penalty notice data set (DFOSF 001), FY2025-26","https://www.revenue.nsw.gov.au/help-centre/resources-library/statistics/penalty-notice-data-2025-2026-dfosf-001-2025.xlsx","FY2025-26","https://www.catoappeals.com/au/nsw/parking-fines/road-rules-2014-r-171-1"
"NSW","Road Rules 2014","173(1)","82663","Stop on/near marked foot crossing","423","","","Revenue NSW penalty notice data set (DFOSF 001), FY2025-26","https://www.revenue.nsw.gov.au/help-centre/resources-library/statistics/penalty-notice-data-2025-2026-dfosf-001-2025.xlsx","FY2025-26","https://www.catoappeals.com/au/nsw/parking-fines/road-rules-2014-r-173-1"
"NSW","Road Rules 2014","173(1)","82664","Stop on/near marked foot crossing (in school zone)","562","","","Revenue NSW penalty notice data set (DFOSF 001), FY2025-26","https://www.revenue.nsw.gov.au/help-centre/resources-library/statistics/penalty-notice-data-2025-2026-dfosf-001-2025.xlsx","FY2025-26","https://www.catoappeals.com/au/nsw/parking-fines/road-rules-2014-r-173-1"
"NSW","Point to Point Transport (Taxis and Hire Vehicles) Regulation 2017","75","91429","Driver stand taxi otherwise than in taxi zone","150","","","Revenue NSW penalty notice data set (DFOSF 001), FY2025-26","https://www.revenue.nsw.gov.au/help-centre/resources-library/statistics/penalty-notice-data-2025-2026-dfosf-001-2025.xlsx","FY2025-26","https://www.catoappeals.com/au/nsw/parking-fines/point-to-point-transport-taxis-and-hire-vehicles-regulation-2017-cl-75"
"NSW","Point to Point Transport (Taxis and Hire Vehicles) Regulation 2017","75","96502","Driver stand taxi on road etc adjacent to tram tracks in George St Sydney CBD","850","","","Revenue NSW penalty notice data set (DFOSF 001), FY2025-26","https://www.revenue.nsw.gov.au/help-centre/resources-library/statistics/penalty-notice-data-2025-2026-dfosf-001-2025.xlsx","FY2025-26","https://www.catoappeals.com/au/nsw/parking-fines/point-to-point-transport-taxis-and-hire-vehicles-regulation-2017-cl-75"
"NSW","Point to Point Transport (Taxis and Hire Vehicles) Regulation 2017","76","91430","Driver cause or allow taxi to stand in taxi zone when hired or not available for hire","150","","","Revenue NSW penalty notice data set (DFOSF 001), FY2025-26","https://www.revenue.nsw.gov.au/help-centre/resources-library/statistics/penalty-notice-data-2025-2026-dfosf-001-2025.xlsx","FY2025-26","https://www.catoappeals.com/au/nsw/parking-fines/point-to-point-transport-taxis-and-hire-vehicles-regulation-2017-cl-75"
"NSW","Point to Point Transport (Taxis and Hire Vehicles) Regulation 2017","84(c)","91440","Driver of hire vehicle stop/stand or queue in taxi zone","850","","","Revenue NSW penalty notice data set (DFOSF 001), FY2025-26","https://www.revenue.nsw.gov.au/help-centre/resources-library/statistics/penalty-notice-data-2025-2026-dfosf-001-2025.xlsx","FY2025-26","https://www.catoappeals.com/au/nsw/parking-fines/point-to-point-transport-taxis-and-hire-vehicles-regulation-2017-cl-75"
"NSW","Point to Point Transport (Taxis and Hire Vehicles) Regulation 2017","84(a)","91438","Driver ply/stand etc hire vehicle on road etc","850","","","Revenue NSW penalty notice data set (DFOSF 001), FY2025-26","https://www.revenue.nsw.gov.au/help-centre/resources-library/statistics/penalty-notice-data-2025-2026-dfosf-001-2025.xlsx","FY2025-26","https://www.catoappeals.com/au/nsw/parking-fines/point-to-point-transport-taxis-and-hire-vehicles-regulation-2017-cl-75"
"NSW","Road Rules 2014","169","83632","Stop at side of road with continuous yellow edge line","330","","","Revenue NSW penalty notice data set (DFOSF 001), FY2025-26","https://www.revenue.nsw.gov.au/help-centre/resources-library/statistics/penalty-notice-data-2025-2026-dfosf-001-2025.xlsx","FY2025-26","https://www.catoappeals.com/au/nsw/parking-fines/road-rules-2014-r-169"
"NSW","Road Rules 2014","200(2)","83618","Stop heavy/long vehicle longer than 1 hour","140","","","Revenue NSW penalty notice data set (DFOSF 001), FY2025-26","https://www.revenue.nsw.gov.au/help-centre/resources-library/statistics/penalty-notice-data-2025-2026-dfosf-001-2025.xlsx","FY2025-26","https://www.catoappeals.com/au/nsw/parking-fines/road-rules-2014-r-200-2"
"NSW","Road Rules 2014","200(1)","83541","Not stop heavy/long vehicle on road shoulder","140","","","Revenue NSW penalty notice data set (DFOSF 001), FY2025-26","https://www.revenue.nsw.gov.au/help-centre/resources-library/statistics/penalty-notice-data-2025-2026-dfosf-001-2025.xlsx","FY2025-26","https://www.catoappeals.com/au/nsw/parking-fines/road-rules-2014-r-200-2"
"NSW","Road Rules 2014","203(1)","83517","Stop in disabled parking area without current permit displayed","704","","","Revenue NSW penalty notice data set (DFOSF 001), FY2025-26","https://www.revenue.nsw.gov.au/help-centre/resources-library/statistics/penalty-notice-data-2025-2026-dfosf-001-2025.xlsx","FY2025-26","https://www.catoappeals.com/au/nsw/parking-fines/road-rules-2014-r-203-1"
"NSW","Road Rules 2014","176(1)","82682","Stop on clearway","330","","","Revenue NSW penalty notice data set (DFOSF 001), FY2025-26","https://www.revenue.nsw.gov.au/help-centre/resources-library/statistics/penalty-notice-data-2025-2026-dfosf-001-2025.xlsx","FY2025-26","https://www.catoappeals.com/au/nsw/parking-fines/road-rules-2014-r-176-1"
"NSW","Road Rules 2014","182(1)","83518","Stop in taxi zone","235","","","Revenue NSW penalty notice data set (DFOSF 001), FY2025-26","https://www.revenue.nsw.gov.au/help-centre/resources-library/statistics/penalty-notice-data-2025-2026-dfosf-001-2025.xlsx","FY2025-26","https://www.catoappeals.com/au/nsw/parking-fines/road-rules-2014-r-182-1"
"NSW","Road Rules 2014","186(1)","83631","Stop in mail zone","140","","","Revenue NSW penalty notice data set (DFOSF 001), FY2025-26","https://www.revenue.nsw.gov.au/help-centre/resources-library/statistics/penalty-notice-data-2025-2026-dfosf-001-2025.xlsx","FY2025-26","https://www.catoappeals.com/au/nsw/parking-fines/road-rules-2014-r-186-1"
"NSW","Road Rules 2014","202","83535","Disobey motor bike parking sign","140","","","Revenue NSW penalty notice data set (DFOSF 001), FY2025-26","https://www.revenue.nsw.gov.au/help-centre/resources-library/statistics/penalty-notice-data-2025-2026-dfosf-001-2025.xlsx","FY2025-26","https://www.catoappeals.com/au/nsw/parking-fines/road-rules-2014-r-202"
"NSW","Road Rules 2014","180(1)","83638","Stop in truck zone","235","","","Revenue NSW penalty notice data set (DFOSF 001), FY2025-26","https://www.revenue.nsw.gov.au/help-centre/resources-library/statistics/penalty-notice-data-2025-2026-dfosf-001-2025.xlsx","FY2025-26","https://www.catoappeals.com/au/nsw/parking-fines/road-rules-2014-r-180-1"
"NSW","Sydney Olympic Park Authority Regulation 2018","13(2)","93267","Park vehicle in contravention of sign in public domain","80","","","Revenue NSW penalty notice data set (DFOSF 001), FY2025-26","https://www.revenue.nsw.gov.au/help-centre/resources-library/statistics/penalty-notice-data-2025-2026-dfosf-001-2025.xlsx","FY2025-26","https://www.catoappeals.com/au/nsw/parking-fines/sydney-olympic-park-authority-regulation-2018-cl-13-2"
"NSW","Sydney Olympic Park Authority Regulation 2018","13(3)","93294","Park vehicle contravene no stopping sign in public domain","257","","","Revenue NSW penalty notice data set (DFOSF 001), FY2025-26","https://www.revenue.nsw.gov.au/help-centre/resources-library/statistics/penalty-notice-data-2025-2026-dfosf-001-2025.xlsx","FY2025-26","https://www.catoappeals.com/au/nsw/parking-fines/sydney-olympic-park-authority-regulation-2018-cl-13-2"
"NSW","Road Rules 2014","181(1)","83617","Stop in works zone","235","","","Revenue NSW penalty notice data set (DFOSF 001), FY2025-26","https://www.revenue.nsw.gov.au/help-centre/resources-library/statistics/penalty-notice-data-2025-2026-dfosf-001-2025.xlsx","FY2025-26","https://www.catoappeals.com/au/nsw/parking-fines/road-rules-2014-r-181-1"
"NSW","Road Transport Act 2013","68(1)","85252","Stand unregistered trailer not being a part of a combination","235","","","Revenue NSW penalty notice data set (DFOSF 001), FY2025-26","https://www.revenue.nsw.gov.au/help-centre/resources-library/statistics/penalty-notice-data-2025-2026-dfosf-001-2025.xlsx","FY2025-26","https://www.catoappeals.com/au/nsw/parking-fines/road-transport-act-2013-s-68-1"
"NSW","Royal Botanic Gardens and Domain Trust Regulation 2020","14(2)(c)","103743","Park vehicle contrary to sign displayed by Trust","275","","","Revenue NSW penalty notice data set (DFOSF 001), FY2025-26","https://www.revenue.nsw.gov.au/help-centre/resources-library/statistics/penalty-notice-data-2025-2026-dfosf-001-2025.xlsx","FY2025-26","https://www.catoappeals.com/au/nsw/parking-fines/royal-botanic-gardens-and-domain-trust-regulation-2020-cl-14-2-c"
"NSW","Royal Botanic Gardens and Domain Trust Regulation 2020","14(2)(a)","103744","Stand/park vehicle not on sealed road/designated area","275","","","Revenue NSW penalty notice data set (DFOSF 001), FY2025-26","https://www.revenue.nsw.gov.au/help-centre/resources-library/statistics/penalty-notice-data-2025-2026-dfosf-001-2025.xlsx","FY2025-26","https://www.catoappeals.com/au/nsw/parking-fines/royal-botanic-gardens-and-domain-trust-regulation-2020-cl-14-2-c"
"NSW","Royal Botanic Gardens and Domain Trust Regulation 2020","14(2)(f)","96204","Park etc on Trust lands outside designated gate opening times","275","","","Revenue NSW penalty notice data set (DFOSF 001), FY2025-26","https://www.revenue.nsw.gov.au/help-centre/resources-library/statistics/penalty-notice-data-2025-2026-dfosf-001-2025.xlsx","FY2025-26","https://www.catoappeals.com/au/nsw/parking-fines/royal-botanic-gardens-and-domain-trust-regulation-2020-cl-14-2-c"
"NSW","Royal Botanic Gardens and Domain Trust Regulation 2020","14(2)(b)","103752","Cause/permit vehicle to be stood/parked other than on sealed road or designated area","275","","","Revenue NSW penalty notice data set (DFOSF 001), FY2025-26","https://www.revenue.nsw.gov.au/help-centre/resources-library/statistics/penalty-notice-data-2025-2026-dfosf-001-2025.xlsx","FY2025-26","https://www.catoappeals.com/au/nsw/parking-fines/royal-botanic-gardens-and-domain-trust-regulation-2020-cl-14-2-c"
"NSW","Road Rules 2014","208A(1)(a)","82685","Not parallel park in direction of travel (road related area)","140","","","Revenue NSW penalty notice data set (DFOSF 001), FY2025-26","https://www.revenue.nsw.gov.au/help-centre/resources-library/statistics/penalty-notice-data-2025-2026-dfosf-001-2025.xlsx","FY2025-26","https://www.catoappeals.com/au/nsw/parking-fines/road-rules-2014-r-208a-1-a"
"NSW","Road Rules 2014","208A(1)(b)","82790","Not face direction of travel (road related area no traffic)","140","","","Revenue NSW penalty notice data set (DFOSF 001), FY2025-26","https://www.revenue.nsw.gov.au/help-centre/resources-library/statistics/penalty-notice-data-2025-2026-dfosf-001-2025.xlsx","FY2025-26","https://www.catoappeals.com/au/nsw/parking-fines/road-rules-2014-r-208a-1-a"
"NSW","Road Rules 2014","208A(1)(c)","83641","Not face direction of travel (road related area divides rd)","140","","","Revenue NSW penalty notice data set (DFOSF 001), FY2025-26","https://www.revenue.nsw.gov.au/help-centre/resources-library/statistics/penalty-notice-data-2025-2026-dfosf-001-2025.xlsx","FY2025-26","https://www.catoappeals.com/au/nsw/parking-fines/road-rules-2014-r-208a-1-a"
"NSW","Road Rules 2014","203B(1)","100923","Stop in electric-powered vehicle parking area when not an electric-powered vehicle","140","","","Revenue NSW penalty notice data set (DFOSF 001), FY2025-26","https://www.revenue.nsw.gov.au/help-centre/resources-library/statistics/penalty-notice-data-2025-2026-dfosf-001-2025.xlsx","FY2025-26","https://www.catoappeals.com/au/nsw/parking-fines/road-rules-2014-r-203b-1"
"NSW","Road Rules 2014","203C(1)","100924","Stop in electric-powered vehicle charging area not an electric-powered vehicle/plugged in","140","","","Revenue NSW penalty notice data set (DFOSF 001), FY2025-26","https://www.revenue.nsw.gov.au/help-centre/resources-library/statistics/penalty-notice-data-2025-2026-dfosf-001-2025.xlsx","FY2025-26","https://www.catoappeals.com/au/nsw/parking-fines/road-rules-2014-r-203c-1"
"NSW","Road Rules 2014","199(1)","83319","Stop near postbox","140","","","Revenue NSW penalty notice data set (DFOSF 001), FY2025-26","https://www.revenue.nsw.gov.au/help-centre/resources-library/statistics/penalty-notice-data-2025-2026-dfosf-001-2025.xlsx","FY2025-26","https://www.catoappeals.com/au/nsw/parking-fines/road-rules-2014-r-199-1"
"NSW","Road Rules 2014","188","83538","Stop in shared zone","140","","","Revenue NSW penalty notice data set (DFOSF 001), FY2025-26","https://www.revenue.nsw.gov.au/help-centre/resources-library/statistics/penalty-notice-data-2025-2026-dfosf-001-2025.xlsx","FY2025-26","https://www.catoappeals.com/au/nsw/parking-fines/road-rules-2014-r-188"
"NSW","Road Rules 2014","213(5)","82695","Not lock doors secure windows (vehicle unattended)","140","","","Revenue NSW penalty notice data set (DFOSF 001), FY2025-26","https://www.revenue.nsw.gov.au/help-centre/resources-library/statistics/penalty-notice-data-2025-2026-dfosf-001-2025.xlsx","FY2025-26","https://www.catoappeals.com/au/nsw/parking-fines/road-rules-2014-r-213-5"
"NSW","Road Rules 2014","213(4)","82697","Not remove ignition key (vehicle unattended)","140","","","Revenue NSW penalty notice data set (DFOSF 001), FY2025-26","https://www.revenue.nsw.gov.au/help-centre/resources-library/statistics/penalty-notice-data-2025-2026-dfosf-001-2025.xlsx","FY2025-26","https://www.catoappeals.com/au/nsw/parking-fines/road-rules-2014-r-213-5"
"NSW","Road Rules 2014","213(3)","82694","Leave vehicle leave engine on","140","","","Revenue NSW penalty notice data set (DFOSF 001), FY2025-26","https://www.revenue.nsw.gov.au/help-centre/resources-library/statistics/penalty-notice-data-2025-2026-dfosf-001-2025.xlsx","FY2025-26","https://www.catoappeals.com/au/nsw/parking-fines/road-rules-2014-r-213-5"
"NSW","Road Rules 2014","213(2)","82696","Not restrain vehicle properly","140","","","Revenue NSW penalty notice data set (DFOSF 001), FY2025-26","https://www.revenue.nsw.gov.au/help-centre/resources-library/statistics/penalty-notice-data-2025-2026-dfosf-001-2025.xlsx","FY2025-26","https://www.catoappeals.com/au/nsw/parking-fines/road-rules-2014-r-213-5"
"NSW","Road Rules 2014","121(a)","82788","Not stop at stop line/sign at level crossing","562","","","Revenue NSW penalty notice data set (DFOSF 001), FY2025-26","https://www.revenue.nsw.gov.au/help-centre/resources-library/statistics/penalty-notice-data-2025-2026-dfosf-001-2025.xlsx","FY2025-26","https://www.catoappeals.com/au/nsw/parking-fines/road-rules-2014-r-121-a"
"NSW","Road Rules 2014","125(1)","83400","Unreasonably obstruct the path of driver/pedestrian","330","","","Revenue NSW penalty notice data set (DFOSF 001), FY2025-26","https://www.revenue.nsw.gov.au/help-centre/resources-library/statistics/penalty-notice-data-2025-2026-dfosf-001-2025.xlsx","FY2025-26","https://www.catoappeals.com/au/nsw/parking-fines/road-rules-2014-r-125-1"
"NSW","Roads Regulation 2018","8(1)(b)","92798","Place thing on road likely restrict or endanger use of road or interfere with public convenience","694","","","Revenue NSW penalty notice data set (DFOSF 001), FY2025-26","https://www.revenue.nsw.gov.au/help-centre/resources-library/statistics/penalty-notice-data-2025-2026-dfosf-001-2025.xlsx","FY2025-26","https://www.catoappeals.com/au/nsw/parking-fines/roads-regulation-2018-cl-8-1-b"
"NSW","Roads Regulation 2018","8(1)(a)","92797","Place on road thing likely to injure person or damage vehicle","694","","","Revenue NSW penalty notice data set (DFOSF 001), FY2025-26","https://www.revenue.nsw.gov.au/help-centre/resources-library/statistics/penalty-notice-data-2025-2026-dfosf-001-2025.xlsx","FY2025-26","https://www.catoappeals.com/au/nsw/parking-fines/roads-regulation-2018-cl-8-1-b"
"NSW","Roads Regulation 2018","8(3)(d)","92804","Breakdown thing left on road not removed as soon as practicable","694","","","Revenue NSW penalty notice data set (DFOSF 001), FY2025-26","https://www.revenue.nsw.gov.au/help-centre/resources-library/statistics/penalty-notice-data-2025-2026-dfosf-001-2025.xlsx","FY2025-26","https://www.catoappeals.com/au/nsw/parking-fines/roads-regulation-2018-cl-8-1-b"
"NSW","Road Rules 2014","104(3)","83512","Disobey no trucks sign","235","","","Revenue NSW penalty notice data set (DFOSF 001), FY2025-26","https://www.revenue.nsw.gov.au/help-centre/resources-library/statistics/penalty-notice-data-2025-2026-dfosf-001-2025.xlsx","FY2025-26","https://www.catoappeals.com/au/nsw/parking-fines/road-rules-2014-r-104-3"
"NSW","Road Rules 2014","104(2)","83495","Disobey no trucks sign (length)","235","","","Revenue NSW penalty notice data set (DFOSF 001), FY2025-26","https://www.revenue.nsw.gov.au/help-centre/resources-library/statistics/penalty-notice-data-2025-2026-dfosf-001-2025.xlsx","FY2025-26","https://www.catoappeals.com/au/nsw/parking-fines/road-rules-2014-r-104-3"
"NSW","Road Rules 2014","201","83706","Disobey bicycle parking sign","140","","","Revenue NSW penalty notice data set (DFOSF 001), FY2025-26","https://www.revenue.nsw.gov.au/help-centre/resources-library/statistics/penalty-notice-data-2025-2026-dfosf-001-2025.xlsx","FY2025-26","https://www.catoappeals.com/au/nsw/parking-fines/road-rules-2014-r-201"
"NSW","Crown Land Management Act 2016","9.6(6)","92320","Contravene direction concerning entry/use/parking etc of vehicles","220","","","Revenue NSW penalty notice data set (DFOSF 001), FY2025-26","https://www.revenue.nsw.gov.au/help-centre/resources-library/statistics/penalty-notice-data-2025-2026-dfosf-001-2025.xlsx","FY2025-26","https://www.catoappeals.com/au/nsw/parking-fines/crown-land-management-act-2016-s-9-6-6"
"NSW","Parramatta Park Trust Regulation 2019","13(2)(d)","94598","Park vehicle on trust lands etc contrary to sign displayed","150","","","Revenue NSW penalty notice data set (DFOSF 001), FY2025-26","https://www.revenue.nsw.gov.au/help-centre/resources-library/statistics/penalty-notice-data-2025-2026-dfosf-001-2025.xlsx","FY2025-26","https://www.catoappeals.com/au/nsw/parking-fines/parramatta-park-trust-regulation-2019-cl-13-2-d"
"NSW","Road Rules 2014","96(1)","82582","Stop on area marked with keep clear marking","330","","","Revenue NSW penalty notice data set (DFOSF 001), FY2025-26","https://www.revenue.nsw.gov.au/help-centre/resources-library/statistics/penalty-notice-data-2025-2026-dfosf-001-2025.xlsx","FY2025-26","https://www.catoappeals.com/au/nsw/parking-fines/road-rules-2014-r-96-1"
"NSW","Road Rules 2014","191","82741","Stop near obstruction so as to obstruct traffic","235","","","Revenue NSW penalty notice data set (DFOSF 001), FY2025-26","https://www.revenue.nsw.gov.au/help-centre/resources-library/statistics/penalty-notice-data-2025-2026-dfosf-001-2025.xlsx","FY2025-26","https://www.catoappeals.com/au/nsw/parking-fines/road-rules-2014-r-191"
"NSW","Centennial Park and Moore Park Trust Regulation 2024","18(3)(f)","102980","Park/leave vehicle on Trust lands outside gate opening times","195","","","Revenue NSW penalty notice data set (DFOSF 001), FY2025-26","https://www.revenue.nsw.gov.au/help-centre/resources-library/statistics/penalty-notice-data-2025-2026-dfosf-001-2025.xlsx","FY2025-26","https://www.catoappeals.com/au/nsw/parking-fines/centennial-park-and-moore-park-trust-regulation-2024-cl-18-3-f"
"NSW","Centennial Park and Moore Park Trust Regulation 2024","18(3)(a)","103755","Stand/park vehicle other than on sealed road/designated area","195","","","Revenue NSW penalty notice data set (DFOSF 001), FY2025-26","https://www.revenue.nsw.gov.au/help-centre/resources-library/statistics/penalty-notice-data-2025-2026-dfosf-001-2025.xlsx","FY2025-26","https://www.catoappeals.com/au/nsw/parking-fines/centennial-park-and-moore-park-trust-regulation-2024-cl-18-3-f"
"NSW","Local Government Act 1993","633(1)(d)","9820","Fail to comply with terms of notice erected at public place","110","","","Revenue NSW penalty notice data set (DFOSF 001), FY2025-26","https://www.revenue.nsw.gov.au/help-centre/resources-library/statistics/penalty-notice-data-2025-2026-dfosf-001-2025.xlsx","FY2025-26","https://www.catoappeals.com/au/nsw/parking-fines/local-government-act-1993-s-633-1-d"
"NSW","Local Government Act 1993","626(3)","9309","Use vehicle/article for selling without approval","220","","","Revenue NSW penalty notice data set (DFOSF 001), FY2025-26","https://www.revenue.nsw.gov.au/help-centre/resources-library/statistics/penalty-notice-data-2025-2026-dfosf-001-2025.xlsx","FY2025-26","https://www.catoappeals.com/au/nsw/parking-fines/local-government-act-1993-s-626-3"
"NSW","Road Rules 2014","99(1)","83515","Disobey keep left sign-motor vehicle","330","","","Revenue NSW penalty notice data set (DFOSF 001), FY2025-26","https://www.revenue.nsw.gov.au/help-centre/resources-library/statistics/penalty-notice-data-2025-2026-dfosf-001-2025.xlsx","FY2025-26","https://www.catoappeals.com/au/nsw/parking-fines/road-rules-2014-r-99-1"
"NSW","Road Rules 2014","68(1)","83482","Not give way to vehicle/pedestrian (stop sign)","423","","","Revenue NSW penalty notice data set (DFOSF 001), FY2025-26","https://www.revenue.nsw.gov.au/help-centre/resources-library/statistics/penalty-notice-data-2025-2026-dfosf-001-2025.xlsx","FY2025-26","https://www.catoappeals.com/au/nsw/parking-fines/road-rules-2014-r-68-1"
"NSW","Road Rules 2014","194(1)","83269","Stop near fire hydrant/indicator/plug indicator","140","","","Revenue NSW penalty notice data set (DFOSF 001), FY2025-26","https://www.revenue.nsw.gov.au/help-centre/resources-library/statistics/penalty-notice-data-2025-2026-dfosf-001-2025.xlsx","FY2025-26","https://www.catoappeals.com/au/nsw/parking-fines/road-rules-2014-r-194-1"
"NSW","Road Rules 2014","209(2)(a)","83525","Not parallel park in direction of travel (median strip)","140","","","Revenue NSW penalty notice data set (DFOSF 001), FY2025-26","https://www.revenue.nsw.gov.au/help-centre/resources-library/statistics/penalty-notice-data-2025-2026-dfosf-001-2025.xlsx","FY2025-26","https://www.catoappeals.com/au/nsw/parking-fines/road-rules-2014-r-209-2-a"
"NSW","Road Rules 2014","209(2)(c)","83519","Parallel park close to front/back of vehicle","140","","","Revenue NSW penalty notice data set (DFOSF 001), FY2025-26","https://www.revenue.nsw.gov.au/help-centre/resources-library/statistics/penalty-notice-data-2025-2026-dfosf-001-2025.xlsx","FY2025-26","https://www.catoappeals.com/au/nsw/parking-fines/road-rules-2014-r-209-2-a"
"NSW","Road Rules 2014","209(2)(b)","83530","Not parallel park near centre of median strip","140","","","Revenue NSW penalty notice data set (DFOSF 001), FY2025-26","https://www.revenue.nsw.gov.au/help-centre/resources-library/statistics/penalty-notice-data-2025-2026-dfosf-001-2025.xlsx","FY2025-26","https://www.catoappeals.com/au/nsw/parking-fines/road-rules-2014-r-209-2-a"
"NSW","Road Rules 2014","177(1)","83542","Stop on freeway","330","","","Revenue NSW penalty notice data set (DFOSF 001), FY2025-26","https://www.revenue.nsw.gov.au/help-centre/resources-library/statistics/penalty-notice-data-2025-2026-dfosf-001-2025.xlsx","FY2025-26","https://www.catoappeals.com/au/nsw/parking-fines/road-rules-2014-r-177-1"
"NSW","Road Rules 2014","203A","83599","Stop in slip lane","235","","","Revenue NSW penalty notice data set (DFOSF 001), FY2025-26","https://www.revenue.nsw.gov.au/help-centre/resources-library/statistics/penalty-notice-data-2025-2026-dfosf-001-2025.xlsx","FY2025-26","https://www.catoappeals.com/au/nsw/parking-fines/road-rules-2014-r-203a"
"NSW","Road Rules 2014","178","83330","Stop in emergency stopping lane","330","","","Revenue NSW penalty notice data set (DFOSF 001), FY2025-26","https://www.revenue.nsw.gov.au/help-centre/resources-library/statistics/penalty-notice-data-2025-2026-dfosf-001-2025.xlsx","FY2025-26","https://www.catoappeals.com/au/nsw/parking-fines/road-rules-2014-r-178"
"NSW","Road Rules 2014","193(1)","82574","Stop on crest/curve in non-built-up area","140","","","Revenue NSW penalty notice data set (DFOSF 001), FY2025-26","https://www.revenue.nsw.gov.au/help-centre/resources-library/statistics/penalty-notice-data-2025-2026-dfosf-001-2025.xlsx","FY2025-26","https://www.catoappeals.com/au/nsw/parking-fines/road-rules-2014-r-193-1"
"NSW","Road Rules 2014","157-1(2)","82584","Stop in T-Way lane when not authorised","423","","","Revenue NSW penalty notice data set (DFOSF 001), FY2025-26","https://www.revenue.nsw.gov.au/help-centre/resources-library/statistics/penalty-notice-data-2025-2026-dfosf-001-2025.xlsx","FY2025-26","https://www.catoappeals.com/au/nsw/parking-fines/road-rules-2014-r-157-1-2"
"NSW","Road Rules 2014","175(1)","82868","Stop on/near level crossing","423","","","Revenue NSW penalty notice data set (DFOSF 001), FY2025-26","https://www.revenue.nsw.gov.au/help-centre/resources-library/statistics/penalty-notice-data-2025-2026-dfosf-001-2025.xlsx","FY2025-26","https://www.catoappeals.com/au/nsw/parking-fines/road-rules-2014-r-175-1"
"NSW","Road Rules 2014","192(1)","82679","Stop on bridge/causeway/ramp or similar structure","235","","","Revenue NSW penalty notice data set (DFOSF 001), FY2025-26","https://www.revenue.nsw.gov.au/help-centre/resources-library/statistics/penalty-notice-data-2025-2026-dfosf-001-2025.xlsx","FY2025-26","https://www.catoappeals.com/au/nsw/parking-fines/road-rules-2014-r-192-1"
"NSW","Forestry Regulation 2022","6(4)(b)(ii)","103746","Park vehicle with covered or obscured number-plate in forestry area","200","","","Revenue NSW penalty notice data set (DFOSF 001), FY2025-26","https://www.revenue.nsw.gov.au/help-centre/resources-library/statistics/penalty-notice-data-2025-2026-dfosf-001-2025.xlsx","FY2025-26","https://www.catoappeals.com/au/nsw/parking-fines/forestry-regulation-2022-cl-6-4-b-ii"
"NSW","Road Rules 2014","128A(1)","82757","Enter blocked childrens crossing/marked foot crossing etc","330","","","Revenue NSW penalty notice data set (DFOSF 001), FY2025-26","https://www.revenue.nsw.gov.au/help-centre/resources-library/statistics/penalty-notice-data-2025-2026-dfosf-001-2025.xlsx","FY2025-26","https://www.catoappeals.com/au/nsw/parking-fines/road-rules-2014-r-128a-1"
"NSW","Road Rules 2014","205A-1(1)","83583","Park in special event parking area longer than permitted","330","","","Revenue NSW penalty notice data set (DFOSF 001), FY2025-26","https://www.revenue.nsw.gov.au/help-centre/resources-library/statistics/penalty-notice-data-2025-2026-dfosf-001-2025.xlsx","FY2025-26","https://www.catoappeals.com/au/nsw/parking-fines/road-rules-2014-r-205a-1-1"
"NSW","Roads Act 1993","115(4)(a)","54127","Wilfully contravene/disregard notice/barrier","140","","","Revenue NSW penalty notice data set (DFOSF 001), FY2025-26","https://www.revenue.nsw.gov.au/help-centre/resources-library/statistics/penalty-notice-data-2025-2026-dfosf-001-2025.xlsx","FY2025-26","https://www.catoappeals.com/au/nsw/parking-fines/roads-act-1993-s-115-4-a"
"VIC","Road Safety Road Rules 2017 (Vic)","208","625","Parked less than 3 metres from continuous dividing line or dividing strip","122","0.6","Workbook ""Infringement Penalty from 01-Jul-2025"" column: penalty_units × $203.51 (2025-2026 penalty unit, Monetary Units Act 2004 (Vic)), rounded to the nearest dollar by the workbook itself.","Department of Transport and Planning Fees and Penalties 2025 - 2026 (Road Safety Penalties sheet)","https://edge.sitecorecloud.io/stategovernc45d-cftw-production-c9ca/media/Project/TransportWebsite/Forms/dtp-fees-and-penalties-2025-2026.xlsx","2025-2026 financial year — infringement penalties from 2025-07-01 (penalty unit $203.51)","https://www.catoappeals.com/au/vic/parking-fines/parked-not-facing-direction-of-travel"
"VIC","Road Safety Road Rules 2017 (Vic)","208","745","Parked not facing direction of travel","122","0.6","Workbook ""Infringement Penalty from 01-Jul-2025"" column: penalty_units × $203.51 (2025-2026 penalty unit, Monetary Units Act 2004 (Vic)), rounded to the nearest dollar by the workbook itself.","Department of Transport and Planning Fees and Penalties 2025 - 2026 (Road Safety Penalties sheet)","https://edge.sitecorecloud.io/stategovernc45d-cftw-production-c9ca/media/Project/TransportWebsite/Forms/dtp-fees-and-penalties-2025-2026.xlsx","2025-2026 financial year — infringement penalties from 2025-07-01 (penalty unit $203.51)","https://www.catoappeals.com/au/vic/parking-fines/parked-not-facing-direction-of-travel"
"VIC","Road Safety Road Rules 2017 (Vic)","208","746","Parked not parallel to far left side of two-way road","122","0.6","Workbook ""Infringement Penalty from 01-Jul-2025"" column: penalty_units × $203.51 (2025-2026 penalty unit, Monetary Units Act 2004 (Vic)), rounded to the nearest dollar by the workbook itself.","Department of Transport and Planning Fees and Penalties 2025 - 2026 (Road Safety Penalties sheet)","https://edge.sitecorecloud.io/stategovernc45d-cftw-production-c9ca/media/Project/TransportWebsite/Forms/dtp-fees-and-penalties-2025-2026.xlsx","2025-2026 financial year — infringement penalties from 2025-07-01 (penalty unit $203.51)","https://www.catoappeals.com/au/vic/parking-fines/parked-not-facing-direction-of-travel"
"VIC","Road Safety Road Rules 2017 (Vic)","208","747","Parked not as near as practicable to far left side of two-way road","122","0.6","Workbook ""Infringement Penalty from 01-Jul-2025"" column: penalty_units × $203.51 (2025-2026 penalty unit, Monetary Units Act 2004 (Vic)), rounded to the nearest dollar by the workbook itself.","Department of Transport and Planning Fees and Penalties 2025 - 2026 (Road Safety Penalties sheet)","https://edge.sitecorecloud.io/stategovernc45d-cftw-production-c9ca/media/Project/TransportWebsite/Forms/dtp-fees-and-penalties-2025-2026.xlsx","2025-2026 financial year — infringement penalties from 2025-07-01 (penalty unit $203.51)","https://www.catoappeals.com/au/vic/parking-fines/parked-not-facing-direction-of-travel"
"VIC","Road Safety Road Rules 2017 (Vic)","208","748","Parked not parallel to far left side of one-way road","122","0.6","Workbook ""Infringement Penalty from 01-Jul-2025"" column: penalty_units × $203.51 (2025-2026 penalty unit, Monetary Units Act 2004 (Vic)), rounded to the nearest dollar by the workbook itself.","Department of Transport and Planning Fees and Penalties 2025 - 2026 (Road Safety Penalties sheet)","https://edge.sitecorecloud.io/stategovernc45d-cftw-production-c9ca/media/Project/TransportWebsite/Forms/dtp-fees-and-penalties-2025-2026.xlsx","2025-2026 financial year — infringement penalties from 2025-07-01 (penalty unit $203.51)","https://www.catoappeals.com/au/vic/parking-fines/parked-not-facing-direction-of-travel"
"VIC","Road Safety Road Rules 2017 (Vic)","208","749","Parked not parallel to far right side of one-way road","122","0.6","Workbook ""Infringement Penalty from 01-Jul-2025"" column: penalty_units × $203.51 (2025-2026 penalty unit, Monetary Units Act 2004 (Vic)), rounded to the nearest dollar by the workbook itself.","Department of Transport and Planning Fees and Penalties 2025 - 2026 (Road Safety Penalties sheet)","https://edge.sitecorecloud.io/stategovernc45d-cftw-production-c9ca/media/Project/TransportWebsite/Forms/dtp-fees-and-penalties-2025-2026.xlsx","2025-2026 financial year — infringement penalties from 2025-07-01 (penalty unit $203.51)","https://www.catoappeals.com/au/vic/parking-fines/parked-not-facing-direction-of-travel"
"VIC","Road Safety Road Rules 2017 (Vic)","208","750","Parked not as near as practicable to far left side of one-way road","122","0.6","Workbook ""Infringement Penalty from 01-Jul-2025"" column: penalty_units × $203.51 (2025-2026 penalty unit, Monetary Units Act 2004 (Vic)), rounded to the nearest dollar by the workbook itself.","Department of Transport and Planning Fees and Penalties 2025 - 2026 (Road Safety Penalties sheet)","https://edge.sitecorecloud.io/stategovernc45d-cftw-production-c9ca/media/Project/TransportWebsite/Forms/dtp-fees-and-penalties-2025-2026.xlsx","2025-2026 financial year — infringement penalties from 2025-07-01 (penalty unit $203.51)","https://www.catoappeals.com/au/vic/parking-fines/parked-not-facing-direction-of-travel"
"VIC","Road Safety Road Rules 2017 (Vic)","208","751","Parked not as near as practicable to far right side of one-way road","122","0.6","Workbook ""Infringement Penalty from 01-Jul-2025"" column: penalty_units × $203.51 (2025-2026 penalty unit, Monetary Units Act 2004 (Vic)), rounded to the nearest dollar by the workbook itself.","Department of Transport and Planning Fees and Penalties 2025 - 2026 (Road Safety Penalties sheet)","https://edge.sitecorecloud.io/stategovernc45d-cftw-production-c9ca/media/Project/TransportWebsite/Forms/dtp-fees-and-penalties-2025-2026.xlsx","2025-2026 financial year — infringement penalties from 2025-07-01 (penalty unit $203.51)","https://www.catoappeals.com/au/vic/parking-fines/parked-not-facing-direction-of-travel"
"VIC","Road Safety Road Rules 2017 (Vic)","208","752","Parked less than 1 metre from other vehicle","122","0.6","Workbook ""Infringement Penalty from 01-Jul-2025"" column: penalty_units × $203.51 (2025-2026 penalty unit, Monetary Units Act 2004 (Vic)), rounded to the nearest dollar by the workbook itself.","Department of Transport and Planning Fees and Penalties 2025 - 2026 (Road Safety Penalties sheet)","https://edge.sitecorecloud.io/stategovernc45d-cftw-production-c9ca/media/Project/TransportWebsite/Forms/dtp-fees-and-penalties-2025-2026.xlsx","2025-2026 financial year — infringement penalties from 2025-07-01 (penalty unit $203.51)","https://www.catoappeals.com/au/vic/parking-fines/parked-not-facing-direction-of-travel"
"VIC","Road Safety Road Rules 2017 (Vic)","208","754","Parked - fail to leave 3 metres of road for other vehicle to pass","122","0.6","Workbook ""Infringement Penalty from 01-Jul-2025"" column: penalty_units × $203.51 (2025-2026 penalty unit, Monetary Units Act 2004 (Vic)), rounded to the nearest dollar by the workbook itself.","Department of Transport and Planning Fees and Penalties 2025 - 2026 (Road Safety Penalties sheet)","https://edge.sitecorecloud.io/stategovernc45d-cftw-production-c9ca/media/Project/TransportWebsite/Forms/dtp-fees-and-penalties-2025-2026.xlsx","2025-2026 financial year — infringement penalties from 2025-07-01 (penalty unit $203.51)","https://www.catoappeals.com/au/vic/parking-fines/parked-not-facing-direction-of-travel"
"VIC","Road Safety Road Rules 2017 (Vic)","208","755","Parked unreasonably obstructing the path of vehicles","122","0.6","Workbook ""Infringement Penalty from 01-Jul-2025"" column: penalty_units × $203.51 (2025-2026 penalty unit, Monetary Units Act 2004 (Vic)), rounded to the nearest dollar by the workbook itself.","Department of Transport and Planning Fees and Penalties 2025 - 2026 (Road Safety Penalties sheet)","https://edge.sitecorecloud.io/stategovernc45d-cftw-production-c9ca/media/Project/TransportWebsite/Forms/dtp-fees-and-penalties-2025-2026.xlsx","2025-2026 financial year — infringement penalties from 2025-07-01 (penalty unit $203.51)","https://www.catoappeals.com/au/vic/parking-fines/parked-not-facing-direction-of-travel"
"VIC","Road Safety Road Rules 2017 (Vic)","208","756","Parked unreasonably obstructing the path of pedestrians","122","0.6","Workbook ""Infringement Penalty from 01-Jul-2025"" column: penalty_units × $203.51 (2025-2026 penalty unit, Monetary Units Act 2004 (Vic)), rounded to the nearest dollar by the workbook itself.","Department of Transport and Planning Fees and Penalties 2025 - 2026 (Road Safety Penalties sheet)","https://edge.sitecorecloud.io/stategovernc45d-cftw-production-c9ca/media/Project/TransportWebsite/Forms/dtp-fees-and-penalties-2025-2026.xlsx","2025-2026 financial year — infringement penalties from 2025-07-01 (penalty unit $203.51)","https://www.catoappeals.com/au/vic/parking-fines/parked-not-facing-direction-of-travel"
"VIC","Road Safety Road Rules 2017 (Vic)","187","764","Stopped in a bus lane","122","0.6","Workbook ""Infringement Penalty from 01-Jul-2025"" column: penalty_units × $203.51 (2025-2026 penalty unit, Monetary Units Act 2004 (Vic)), rounded to the nearest dollar by the workbook itself.","Department of Transport and Planning Fees and Penalties 2025 - 2026 (Road Safety Penalties sheet)","https://edge.sitecorecloud.io/stategovernc45d-cftw-production-c9ca/media/Project/TransportWebsite/Forms/dtp-fees-and-penalties-2025-2026.xlsx","2025-2026 financial year — infringement penalties from 2025-07-01 (penalty unit $203.51)","https://www.catoappeals.com/au/vic/parking-fines/stopped-in-a-bus-lane"
"VIC","Road Safety Road Rules 2017 (Vic)","187","765","Stopped in a transit lane","122","0.6","Workbook ""Infringement Penalty from 01-Jul-2025"" column: penalty_units × $203.51 (2025-2026 penalty unit, Monetary Units Act 2004 (Vic)), rounded to the nearest dollar by the workbook itself.","Department of Transport and Planning Fees and Penalties 2025 - 2026 (Road Safety Penalties sheet)","https://edge.sitecorecloud.io/stategovernc45d-cftw-production-c9ca/media/Project/TransportWebsite/Forms/dtp-fees-and-penalties-2025-2026.xlsx","2025-2026 financial year — infringement penalties from 2025-07-01 (penalty unit $203.51)","https://www.catoappeals.com/au/vic/parking-fines/stopped-in-a-bus-lane"
"VIC","Road Safety Road Rules 2017 (Vic)","187","766","Stopped in a truck lane","122","0.6","Workbook ""Infringement Penalty from 01-Jul-2025"" column: penalty_units × $203.51 (2025-2026 penalty unit, Monetary Units Act 2004 (Vic)), rounded to the nearest dollar by the workbook itself.","Department of Transport and Planning Fees and Penalties 2025 - 2026 (Road Safety Penalties sheet)","https://edge.sitecorecloud.io/stategovernc45d-cftw-production-c9ca/media/Project/TransportWebsite/Forms/dtp-fees-and-penalties-2025-2026.xlsx","2025-2026 financial year — infringement penalties from 2025-07-01 (penalty unit $203.51)","https://www.catoappeals.com/au/vic/parking-fines/stopped-in-a-bus-lane"
"VIC","Road Safety Road Rules 2017 (Vic)","187","767","Stopped in a tram lane","122","0.6","Workbook ""Infringement Penalty from 01-Jul-2025"" column: penalty_units × $203.51 (2025-2026 penalty unit, Monetary Units Act 2004 (Vic)), rounded to the nearest dollar by the workbook itself.","Department of Transport and Planning Fees and Penalties 2025 - 2026 (Road Safety Penalties sheet)","https://edge.sitecorecloud.io/stategovernc45d-cftw-production-c9ca/media/Project/TransportWebsite/Forms/dtp-fees-and-penalties-2025-2026.xlsx","2025-2026 financial year — infringement penalties from 2025-07-01 (penalty unit $203.51)","https://www.catoappeals.com/au/vic/parking-fines/stopped-in-a-bus-lane"
"VIC","Road Safety Road Rules 2017 (Vic)","187","768","Stopped on a tram track","122","0.6","Workbook ""Infringement Penalty from 01-Jul-2025"" column: penalty_units × $203.51 (2025-2026 penalty unit, Monetary Units Act 2004 (Vic)), rounded to the nearest dollar by the workbook itself.","Department of Transport and Planning Fees and Penalties 2025 - 2026 (Road Safety Penalties sheet)","https://edge.sitecorecloud.io/stategovernc45d-cftw-production-c9ca/media/Project/TransportWebsite/Forms/dtp-fees-and-penalties-2025-2026.xlsx","2025-2026 financial year — infringement penalties from 2025-07-01 (penalty unit $203.51)","https://www.catoappeals.com/au/vic/parking-fines/stopped-in-a-bus-lane"
"VIC","Road Safety Road Rules 2017 (Vic)","187","2180","No stopping in bus lane","122","0.6","Workbook ""Infringement Penalty from 01-Jul-2025"" column: penalty_units × $203.51 (2025-2026 penalty unit, Monetary Units Act 2004 (Vic)), rounded to the nearest dollar by the workbook itself.","Department of Transport and Planning Fees and Penalties 2025 - 2026 (Road Safety Penalties sheet)","https://edge.sitecorecloud.io/stategovernc45d-cftw-production-c9ca/media/Project/TransportWebsite/Forms/dtp-fees-and-penalties-2025-2026.xlsx","2025-2026 financial year — infringement penalties from 2025-07-01 (penalty unit $203.51)","https://www.catoappeals.com/au/vic/parking-fines/stopped-in-a-bus-lane"
"VIC","Road Safety Road Rules 2017 (Vic)","187","948","Stopped in a bus only lane","122","0.6","Workbook ""Infringement Penalty from 01-Jul-2025"" column: penalty_units × $203.51 (2025-2026 penalty unit, Monetary Units Act 2004 (Vic)), rounded to the nearest dollar by the workbook itself.","Department of Transport and Planning Fees and Penalties 2025 - 2026 (Road Safety Penalties sheet)","https://edge.sitecorecloud.io/stategovernc45d-cftw-production-c9ca/media/Project/TransportWebsite/Forms/dtp-fees-and-penalties-2025-2026.xlsx","2025-2026 financial year — infringement penalties from 2025-07-01 (penalty unit $203.51)","https://www.catoappeals.com/au/vic/parking-fines/stopped-in-a-bus-lane"
"VIC","Road Safety Road Rules 2017 (Vic)","198","626","Stopped on or across a driveway or other way of access","122","0.6","Workbook ""Infringement Penalty from 01-Jul-2025"" column: penalty_units × $203.51 (2025-2026 penalty unit, Monetary Units Act 2004 (Vic)), rounded to the nearest dollar by the workbook itself.","Department of Transport and Planning Fees and Penalties 2025 - 2026 (Road Safety Penalties sheet)","https://edge.sitecorecloud.io/stategovernc45d-cftw-production-c9ca/media/Project/TransportWebsite/Forms/dtp-fees-and-penalties-2025-2026.xlsx","2025-2026 financial year — infringement penalties from 2025-07-01 (penalty unit $203.51)","https://www.catoappeals.com/au/vic/parking-fines/stopped-obstruct-access-to-a-footpath"
"VIC","Road Safety Road Rules 2017 (Vic)","198","781","Stopped - obstruct access to a footpath","122","0.6","Workbook ""Infringement Penalty from 01-Jul-2025"" column: penalty_units × $203.51 (2025-2026 penalty unit, Monetary Units Act 2004 (Vic)), rounded to the nearest dollar by the workbook itself.","Department of Transport and Planning Fees and Penalties 2025 - 2026 (Road Safety Penalties sheet)","https://edge.sitecorecloud.io/stategovernc45d-cftw-production-c9ca/media/Project/TransportWebsite/Forms/dtp-fees-and-penalties-2025-2026.xlsx","2025-2026 financial year — infringement penalties from 2025-07-01 (penalty unit $203.51)","https://www.catoappeals.com/au/vic/parking-fines/stopped-obstruct-access-to-a-footpath"
"VIC","Road Safety Road Rules 2017 (Vic)","198","782","Stopped - obstruct access to a bicycle path","122","0.6","Workbook ""Infringement Penalty from 01-Jul-2025"" column: penalty_units × $203.51 (2025-2026 penalty unit, Monetary Units Act 2004 (Vic)), rounded to the nearest dollar by the workbook itself.","Department of Transport and Planning Fees and Penalties 2025 - 2026 (Road Safety Penalties sheet)","https://edge.sitecorecloud.io/stategovernc45d-cftw-production-c9ca/media/Project/TransportWebsite/Forms/dtp-fees-and-penalties-2025-2026.xlsx","2025-2026 financial year — infringement penalties from 2025-07-01 (penalty unit $203.51)","https://www.catoappeals.com/au/vic/parking-fines/stopped-obstruct-access-to-a-footpath"
"VIC","Road Safety Road Rules 2017 (Vic)","198","783","Stopped - obstruct access to a passageway","122","0.6","Workbook ""Infringement Penalty from 01-Jul-2025"" column: penalty_units × $203.51 (2025-2026 penalty unit, Monetary Units Act 2004 (Vic)), rounded to the nearest dollar by the workbook itself.","Department of Transport and Planning Fees and Penalties 2025 - 2026 (Road Safety Penalties sheet)","https://edge.sitecorecloud.io/stategovernc45d-cftw-production-c9ca/media/Project/TransportWebsite/Forms/dtp-fees-and-penalties-2025-2026.xlsx","2025-2026 financial year — infringement penalties from 2025-07-01 (penalty unit $203.51)","https://www.catoappeals.com/au/vic/parking-fines/stopped-obstruct-access-to-a-footpath"
"VIC","Road Safety Road Rules 2017 (Vic)","198","784","Stopped - obstruct access from a footpath","122","0.6","Workbook ""Infringement Penalty from 01-Jul-2025"" column: penalty_units × $203.51 (2025-2026 penalty unit, Monetary Units Act 2004 (Vic)), rounded to the nearest dollar by the workbook itself.","Department of Transport and Planning Fees and Penalties 2025 - 2026 (Road Safety Penalties sheet)","https://edge.sitecorecloud.io/stategovernc45d-cftw-production-c9ca/media/Project/TransportWebsite/Forms/dtp-fees-and-penalties-2025-2026.xlsx","2025-2026 financial year — infringement penalties from 2025-07-01 (penalty unit $203.51)","https://www.catoappeals.com/au/vic/parking-fines/stopped-obstruct-access-to-a-footpath"
"VIC","Road Safety Road Rules 2017 (Vic)","198","785","Stopped - obstruct access from a bicycle path","122","0.6","Workbook ""Infringement Penalty from 01-Jul-2025"" column: penalty_units × $203.51 (2025-2026 penalty unit, Monetary Units Act 2004 (Vic)), rounded to the nearest dollar by the workbook itself.","Department of Transport and Planning Fees and Penalties 2025 - 2026 (Road Safety Penalties sheet)","https://edge.sitecorecloud.io/stategovernc45d-cftw-production-c9ca/media/Project/TransportWebsite/Forms/dtp-fees-and-penalties-2025-2026.xlsx","2025-2026 financial year — infringement penalties from 2025-07-01 (penalty unit $203.51)","https://www.catoappeals.com/au/vic/parking-fines/stopped-obstruct-access-to-a-footpath"
"VIC","Road Safety Road Rules 2017 (Vic)","198","786","Stopped - obstruct access from a passageway","122","0.6","Workbook ""Infringement Penalty from 01-Jul-2025"" column: penalty_units × $203.51 (2025-2026 penalty unit, Monetary Units Act 2004 (Vic)), rounded to the nearest dollar by the workbook itself.","Department of Transport and Planning Fees and Penalties 2025 - 2026 (Road Safety Penalties sheet)","https://edge.sitecorecloud.io/stategovernc45d-cftw-production-c9ca/media/Project/TransportWebsite/Forms/dtp-fees-and-penalties-2025-2026.xlsx","2025-2026 financial year — infringement penalties from 2025-07-01 (penalty unit $203.51)","https://www.catoappeals.com/au/vic/parking-fines/stopped-obstruct-access-to-a-footpath"
"VIC","Road Safety Road Rules 2017 (Vic)","197","623","Stopped on a painted island","122","0.6","Workbook ""Infringement Penalty from 01-Jul-2025"" column: penalty_units × $203.51 (2025-2026 penalty unit, Monetary Units Act 2004 (Vic)), rounded to the nearest dollar by the workbook itself.","Department of Transport and Planning Fees and Penalties 2025 - 2026 (Road Safety Penalties sheet)","https://edge.sitecorecloud.io/stategovernc45d-cftw-production-c9ca/media/Project/TransportWebsite/Forms/dtp-fees-and-penalties-2025-2026.xlsx","2025-2026 financial year — infringement penalties from 2025-07-01 (penalty unit $203.51)","https://www.catoappeals.com/au/vic/parking-fines/stopped-on-a-footpath"
"VIC","Road Safety Road Rules 2017 (Vic)","197","2575","Stopped on a traffic island","122","0.6","Workbook ""Infringement Penalty from 01-Jul-2025"" column: penalty_units × $203.51 (2025-2026 penalty unit, Monetary Units Act 2004 (Vic)), rounded to the nearest dollar by the workbook itself.","Department of Transport and Planning Fees and Penalties 2025 - 2026 (Road Safety Penalties sheet)","https://edge.sitecorecloud.io/stategovernc45d-cftw-production-c9ca/media/Project/TransportWebsite/Forms/dtp-fees-and-penalties-2025-2026.xlsx","2025-2026 financial year — infringement penalties from 2025-07-01 (penalty unit $203.51)","https://www.catoappeals.com/au/vic/parking-fines/stopped-on-a-footpath"
"VIC","Road Safety Road Rules 2017 (Vic)","197","736","Stopped on a bicycle path","122","0.6","Workbook ""Infringement Penalty from 01-Jul-2025"" column: penalty_units × $203.51 (2025-2026 penalty unit, Monetary Units Act 2004 (Vic)), rounded to the nearest dollar by the workbook itself.","Department of Transport and Planning Fees and Penalties 2025 - 2026 (Road Safety Penalties sheet)","https://edge.sitecorecloud.io/stategovernc45d-cftw-production-c9ca/media/Project/TransportWebsite/Forms/dtp-fees-and-penalties-2025-2026.xlsx","2025-2026 financial year — infringement penalties from 2025-07-01 (penalty unit $203.51)","https://www.catoappeals.com/au/vic/parking-fines/stopped-on-a-footpath"
"VIC","Road Safety Road Rules 2017 (Vic)","197","737","Stopped on a footpath","122","0.6","Workbook ""Infringement Penalty from 01-Jul-2025"" column: penalty_units × $203.51 (2025-2026 penalty unit, Monetary Units Act 2004 (Vic)), rounded to the nearest dollar by the workbook itself.","Department of Transport and Planning Fees and Penalties 2025 - 2026 (Road Safety Penalties sheet)","https://edge.sitecorecloud.io/stategovernc45d-cftw-production-c9ca/media/Project/TransportWebsite/Forms/dtp-fees-and-penalties-2025-2026.xlsx","2025-2026 financial year — infringement penalties from 2025-07-01 (penalty unit $203.51)","https://www.catoappeals.com/au/vic/parking-fines/stopped-on-a-footpath"
"VIC","Road Safety Road Rules 2017 (Vic)","197","738","Stopped on a shared path","122","0.6","Workbook ""Infringement Penalty from 01-Jul-2025"" column: penalty_units × $203.51 (2025-2026 penalty unit, Monetary Units Act 2004 (Vic)), rounded to the nearest dollar by the workbook itself.","Department of Transport and Planning Fees and Penalties 2025 - 2026 (Road Safety Penalties sheet)","https://edge.sitecorecloud.io/stategovernc45d-cftw-production-c9ca/media/Project/TransportWebsite/Forms/dtp-fees-and-penalties-2025-2026.xlsx","2025-2026 financial year — infringement penalties from 2025-07-01 (penalty unit $203.51)","https://www.catoappeals.com/au/vic/parking-fines/stopped-on-a-footpath"
"VIC","Road Safety Road Rules 2017 (Vic)","197","739","Stopped on a dividing strip","122","0.6","Workbook ""Infringement Penalty from 01-Jul-2025"" column: penalty_units × $203.51 (2025-2026 penalty unit, Monetary Units Act 2004 (Vic)), rounded to the nearest dollar by the workbook itself.","Department of Transport and Planning Fees and Penalties 2025 - 2026 (Road Safety Penalties sheet)","https://edge.sitecorecloud.io/stategovernc45d-cftw-production-c9ca/media/Project/TransportWebsite/Forms/dtp-fees-and-penalties-2025-2026.xlsx","2025-2026 financial year — infringement penalties from 2025-07-01 (penalty unit $203.51)","https://www.catoappeals.com/au/vic/parking-fines/stopped-on-a-footpath"
"VIC","Road Safety Road Rules 2017 (Vic)","197","740","Stopped on a nature strip","122","0.6","Workbook ""Infringement Penalty from 01-Jul-2025"" column: penalty_units × $203.51 (2025-2026 penalty unit, Monetary Units Act 2004 (Vic)), rounded to the nearest dollar by the workbook itself.","Department of Transport and Planning Fees and Penalties 2025 - 2026 (Road Safety Penalties sheet)","https://edge.sitecorecloud.io/stategovernc45d-cftw-production-c9ca/media/Project/TransportWebsite/Forms/dtp-fees-and-penalties-2025-2026.xlsx","2025-2026 financial year — infringement penalties from 2025-07-01 (penalty unit $203.51)","https://www.catoappeals.com/au/vic/parking-fines/stopped-on-a-footpath"
"VIC","Road Safety Road Rules 2017 (Vic)","190","627","Stopped on a road within 10 metres before or after a safety zone","122","0.6","Workbook ""Infringement Penalty from 01-Jul-2025"" column: penalty_units × $203.51 (2025-2026 penalty unit, Monetary Units Act 2004 (Vic)), rounded to the nearest dollar by the workbook itself.","Department of Transport and Planning Fees and Penalties 2025 - 2026 (Road Safety Penalties sheet)","https://edge.sitecorecloud.io/stategovernc45d-cftw-production-c9ca/media/Project/TransportWebsite/Forms/dtp-fees-and-penalties-2025-2026.xlsx","2025-2026 financial year — infringement penalties from 2025-07-01 (penalty unit $203.51)","https://www.catoappeals.com/au/vic/parking-fines/stopped-in-a-safety-zone"
"VIC","Road Safety Road Rules 2017 (Vic)","190","770","Stopped in a safety zone","122","0.6","Workbook ""Infringement Penalty from 01-Jul-2025"" column: penalty_units × $203.51 (2025-2026 penalty unit, Monetary Units Act 2004 (Vic)), rounded to the nearest dollar by the workbook itself.","Department of Transport and Planning Fees and Penalties 2025 - 2026 (Road Safety Penalties sheet)","https://edge.sitecorecloud.io/stategovernc45d-cftw-production-c9ca/media/Project/TransportWebsite/Forms/dtp-fees-and-penalties-2025-2026.xlsx","2025-2026 financial year — infringement penalties from 2025-07-01 (penalty unit $203.51)","https://www.catoappeals.com/au/vic/parking-fines/stopped-in-a-safety-zone"
"VIC","Road Safety Road Rules 2017 (Vic)","190","771","Stopped within 10 metres before a safety zone","122","0.6","Workbook ""Infringement Penalty from 01-Jul-2025"" column: penalty_units × $203.51 (2025-2026 penalty unit, Monetary Units Act 2004 (Vic)), rounded to the nearest dollar by the workbook itself.","Department of Transport and Planning Fees and Penalties 2025 - 2026 (Road Safety Penalties sheet)","https://edge.sitecorecloud.io/stategovernc45d-cftw-production-c9ca/media/Project/TransportWebsite/Forms/dtp-fees-and-penalties-2025-2026.xlsx","2025-2026 financial year — infringement penalties from 2025-07-01 (penalty unit $203.51)","https://www.catoappeals.com/au/vic/parking-fines/stopped-in-a-safety-zone"
"VIC","Road Safety Road Rules 2017 (Vic)","190","772","Stopped within 10 metres after a safety zone","122","0.6","Workbook ""Infringement Penalty from 01-Jul-2025"" column: penalty_units × $203.51 (2025-2026 penalty unit, Monetary Units Act 2004 (Vic)), rounded to the nearest dollar by the workbook itself.","Department of Transport and Planning Fees and Penalties 2025 - 2026 (Road Safety Penalties sheet)","https://edge.sitecorecloud.io/stategovernc45d-cftw-production-c9ca/media/Project/TransportWebsite/Forms/dtp-fees-and-penalties-2025-2026.xlsx","2025-2026 financial year — infringement penalties from 2025-07-01 (penalty unit $203.51)","https://www.catoappeals.com/au/vic/parking-fines/stopped-in-a-safety-zone"
"VIC","Road Safety Road Rules 2017 (Vic)","200","787","Stopped heavy vehicle not on shoulder of road","122","0.6","Workbook ""Infringement Penalty from 01-Jul-2025"" column: penalty_units × $203.51 (2025-2026 penalty unit, Monetary Units Act 2004 (Vic)), rounded to the nearest dollar by the workbook itself.","Department of Transport and Planning Fees and Penalties 2025 - 2026 (Road Safety Penalties sheet)","https://edge.sitecorecloud.io/stategovernc45d-cftw-production-c9ca/media/Project/TransportWebsite/Forms/dtp-fees-and-penalties-2025-2026.xlsx","2025-2026 financial year — infringement penalties from 2025-07-01 (penalty unit $203.51)","https://www.catoappeals.com/au/vic/parking-fines/stopped-long-vehicle-not-on-shoulder-of-road"
"VIC","Road Safety Road Rules 2017 (Vic)","200","788","Stopped long vehicle not on shoulder of road","122","0.6","Workbook ""Infringement Penalty from 01-Jul-2025"" column: penalty_units × $203.51 (2025-2026 penalty unit, Monetary Units Act 2004 (Vic)), rounded to the nearest dollar by the workbook itself.","Department of Transport and Planning Fees and Penalties 2025 - 2026 (Road Safety Penalties sheet)","https://edge.sitecorecloud.io/stategovernc45d-cftw-production-c9ca/media/Project/TransportWebsite/Forms/dtp-fees-and-penalties-2025-2026.xlsx","2025-2026 financial year — infringement penalties from 2025-07-01 (penalty unit $203.51)","https://www.catoappeals.com/au/vic/parking-fines/stopped-long-vehicle-not-on-shoulder-of-road"
"VIC","Road Safety Road Rules 2017 (Vic)","200","789","Stopped heavy vehicle in built-up area longer than 1 hour","122","0.6","Workbook ""Infringement Penalty from 01-Jul-2025"" column: penalty_units × $203.51 (2025-2026 penalty unit, Monetary Units Act 2004 (Vic)), rounded to the nearest dollar by the workbook itself.","Department of Transport and Planning Fees and Penalties 2025 - 2026 (Road Safety Penalties sheet)","https://edge.sitecorecloud.io/stategovernc45d-cftw-production-c9ca/media/Project/TransportWebsite/Forms/dtp-fees-and-penalties-2025-2026.xlsx","2025-2026 financial year — infringement penalties from 2025-07-01 (penalty unit $203.51)","https://www.catoappeals.com/au/vic/parking-fines/stopped-long-vehicle-not-on-shoulder-of-road"
"VIC","Road Safety Road Rules 2017 (Vic)","200","790","Stopped long vehicle in built-up area longer than 1 hour","122","0.6","Workbook ""Infringement Penalty from 01-Jul-2025"" column: penalty_units × $203.51 (2025-2026 penalty unit, Monetary Units Act 2004 (Vic)), rounded to the nearest dollar by the workbook itself.","Department of Transport and Planning Fees and Penalties 2025 - 2026 (Road Safety Penalties sheet)","https://edge.sitecorecloud.io/stategovernc45d-cftw-production-c9ca/media/Project/TransportWebsite/Forms/dtp-fees-and-penalties-2025-2026.xlsx","2025-2026 financial year — infringement penalties from 2025-07-01 (penalty unit $203.51)","https://www.catoappeals.com/au/vic/parking-fines/stopped-long-vehicle-not-on-shoulder-of-road"
"VIC","Road Safety Road Rules 2017 (Vic)","193","777","Stopped on a crest not in a built-up area","122","0.6","Workbook ""Infringement Penalty from 01-Jul-2025"" column: penalty_units × $203.51 (2025-2026 penalty unit, Monetary Units Act 2004 (Vic)), rounded to the nearest dollar by the workbook itself.","Department of Transport and Planning Fees and Penalties 2025 - 2026 (Road Safety Penalties sheet)","https://edge.sitecorecloud.io/stategovernc45d-cftw-production-c9ca/media/Project/TransportWebsite/Forms/dtp-fees-and-penalties-2025-2026.xlsx","2025-2026 financial year — infringement penalties from 2025-07-01 (penalty unit $203.51)","https://www.catoappeals.com/au/vic/parking-fines/stopped-on-a-crest-not-in-a-built"
"VIC","Road Safety Road Rules 2017 (Vic)","193","778","Stopped near a crest not in a built-up area","122","0.6","Workbook ""Infringement Penalty from 01-Jul-2025"" column: penalty_units × $203.51 (2025-2026 penalty unit, Monetary Units Act 2004 (Vic)), rounded to the nearest dollar by the workbook itself.","Department of Transport and Planning Fees and Penalties 2025 - 2026 (Road Safety Penalties sheet)","https://edge.sitecorecloud.io/stategovernc45d-cftw-production-c9ca/media/Project/TransportWebsite/Forms/dtp-fees-and-penalties-2025-2026.xlsx","2025-2026 financial year — infringement penalties from 2025-07-01 (penalty unit $203.51)","https://www.catoappeals.com/au/vic/parking-fines/stopped-on-a-crest-not-in-a-built"
"VIC","Road Safety Road Rules 2017 (Vic)","193","779","Stopped on a curve not in a built-up area","122","0.6","Workbook ""Infringement Penalty from 01-Jul-2025"" column: penalty_units × $203.51 (2025-2026 penalty unit, Monetary Units Act 2004 (Vic)), rounded to the nearest dollar by the workbook itself.","Department of Transport and Planning Fees and Penalties 2025 - 2026 (Road Safety Penalties sheet)","https://edge.sitecorecloud.io/stategovernc45d-cftw-production-c9ca/media/Project/TransportWebsite/Forms/dtp-fees-and-penalties-2025-2026.xlsx","2025-2026 financial year — infringement penalties from 2025-07-01 (penalty unit $203.51)","https://www.catoappeals.com/au/vic/parking-fines/stopped-on-a-crest-not-in-a-built"
"VIC","Road Safety Road Rules 2017 (Vic)","193","780","Stopped near a curve not in a built-up area","122","0.6","Workbook ""Infringement Penalty from 01-Jul-2025"" column: penalty_units × $203.51 (2025-2026 penalty unit, Monetary Units Act 2004 (Vic)), rounded to the nearest dollar by the workbook itself.","Department of Transport and Planning Fees and Penalties 2025 - 2026 (Road Safety Penalties sheet)","https://edge.sitecorecloud.io/stategovernc45d-cftw-production-c9ca/media/Project/TransportWebsite/Forms/dtp-fees-and-penalties-2025-2026.xlsx","2025-2026 financial year — infringement penalties from 2025-07-01 (penalty unit $203.51)","https://www.catoappeals.com/au/vic/parking-fines/stopped-on-a-crest-not-in-a-built"
"VIC","Road Safety Road Rules 2017 (Vic)","211","711","Parked not completely within a parking bay","41","0.2","Workbook ""Infringement Penalty from 01-Jul-2025"" column: penalty_units × $203.51 (2025-2026 penalty unit, Monetary Units Act 2004 (Vic)), rounded to the nearest dollar by the workbook itself.","Department of Transport and Planning Fees and Penalties 2025 - 2026 (Road Safety Penalties sheet)","https://edge.sitecorecloud.io/stategovernc45d-cftw-production-c9ca/media/Project/TransportWebsite/Forms/dtp-fees-and-penalties-2025-2026.xlsx","2025-2026 financial year — infringement penalties from 2025-07-01 (penalty unit $203.51)","https://www.catoappeals.com/au/vic/parking-fines/parked-not-completely-within-a-parking-bay"
"VIC","Road Safety Road Rules 2017 (Vic)","211","712","Parked - long vehicle exceeding minimum number of bays","41","0.2","Workbook ""Infringement Penalty from 01-Jul-2025"" column: penalty_units × $203.51 (2025-2026 penalty unit, Monetary Units Act 2004 (Vic)), rounded to the nearest dollar by the workbook itself.","Department of Transport and Planning Fees and Penalties 2025 - 2026 (Road Safety Penalties sheet)","https://edge.sitecorecloud.io/stategovernc45d-cftw-production-c9ca/media/Project/TransportWebsite/Forms/dtp-fees-and-penalties-2025-2026.xlsx","2025-2026 financial year — infringement penalties from 2025-07-01 (penalty unit $203.51)","https://www.catoappeals.com/au/vic/parking-fines/parked-not-completely-within-a-parking-bay"
"VIC","Road Safety Road Rules 2017 (Vic)","211","713","Parked - wide vehicle exceeding minimum number of bays","41","0.2","Workbook ""Infringement Penalty from 01-Jul-2025"" column: penalty_units × $203.51 (2025-2026 penalty unit, Monetary Units Act 2004 (Vic)), rounded to the nearest dollar by the workbook itself.","Department of Transport and Planning Fees and Penalties 2025 - 2026 (Road Safety Penalties sheet)","https://edge.sitecorecloud.io/stategovernc45d-cftw-production-c9ca/media/Project/TransportWebsite/Forms/dtp-fees-and-penalties-2025-2026.xlsx","2025-2026 financial year — infringement penalties from 2025-07-01 (penalty unit $203.51)","https://www.catoappeals.com/au/vic/parking-fines/parked-not-completely-within-a-parking-bay"
"VIC","Road Safety Road Rules 2017 (Vic)","179","720","Stopped in a loading zone","204","1","Workbook ""Infringement Penalty from 01-Jul-2025"" column: penalty_units × $203.51 (2025-2026 penalty unit, Monetary Units Act 2004 (Vic)), rounded to the nearest dollar by the workbook itself.","Department of Transport and Planning Fees and Penalties 2025 - 2026 (Road Safety Penalties sheet)","https://edge.sitecorecloud.io/stategovernc45d-cftw-production-c9ca/media/Project/TransportWebsite/Forms/dtp-fees-and-penalties-2025-2026.xlsx","2025-2026 financial year — infringement penalties from 2025-07-01 (penalty unit $203.51)","https://www.catoappeals.com/au/vic/parking-fines/stopped-in-a-loading-zone"
"VIC","Road Safety Road Rules 2017 (Vic)","179","721","Stopped in a loading zone longer than 30 minutes","204","1","Workbook ""Infringement Penalty from 01-Jul-2025"" column: penalty_units × $203.51 (2025-2026 penalty unit, Monetary Units Act 2004 (Vic)), rounded to the nearest dollar by the workbook itself.","Department of Transport and Planning Fees and Penalties 2025 - 2026 (Road Safety Penalties sheet)","https://edge.sitecorecloud.io/stategovernc45d-cftw-production-c9ca/media/Project/TransportWebsite/Forms/dtp-fees-and-penalties-2025-2026.xlsx","2025-2026 financial year — infringement penalties from 2025-07-01 (penalty unit $203.51)","https://www.catoappeals.com/au/vic/parking-fines/stopped-in-a-loading-zone"
"VIC","Road Safety Road Rules 2017 (Vic)","179","722","Stopped in a loading zone longer than indicated time","204","1","Workbook ""Infringement Penalty from 01-Jul-2025"" column: penalty_units × $203.51 (2025-2026 penalty unit, Monetary Units Act 2004 (Vic)), rounded to the nearest dollar by the workbook itself.","Department of Transport and Planning Fees and Penalties 2025 - 2026 (Road Safety Penalties sheet)","https://edge.sitecorecloud.io/stategovernc45d-cftw-production-c9ca/media/Project/TransportWebsite/Forms/dtp-fees-and-penalties-2025-2026.xlsx","2025-2026 financial year — infringement penalties from 2025-07-01 (penalty unit $203.51)","https://www.catoappeals.com/au/vic/parking-fines/stopped-in-a-loading-zone"
"VIC","Road Safety Road Rules 2017 (Vic)","170","742","Stopped within 20 metres of intersection with traffic lights","122","0.6","Workbook ""Infringement Penalty from 01-Jul-2025"" column: penalty_units × $203.51 (2025-2026 penalty unit, Monetary Units Act 2004 (Vic)), rounded to the nearest dollar by the workbook itself.","Department of Transport and Planning Fees and Penalties 2025 - 2026 (Road Safety Penalties sheet)","https://edge.sitecorecloud.io/stategovernc45d-cftw-production-c9ca/media/Project/TransportWebsite/Forms/dtp-fees-and-penalties-2025-2026.xlsx","2025-2026 financial year — infringement penalties from 2025-07-01 (penalty unit $203.51)","https://www.catoappeals.com/au/vic/parking-fines/stopped-in-an-intersection"
"VIC","Road Safety Road Rules 2017 (Vic)","170","804","Stopped within 10 metres of intersection","204","1","Workbook ""Infringement Penalty from 01-Jul-2025"" column: penalty_units × $203.51 (2025-2026 penalty unit, Monetary Units Act 2004 (Vic)), rounded to the nearest dollar by the workbook itself.","Department of Transport and Planning Fees and Penalties 2025 - 2026 (Road Safety Penalties sheet)","https://edge.sitecorecloud.io/stategovernc45d-cftw-production-c9ca/media/Project/TransportWebsite/Forms/dtp-fees-and-penalties-2025-2026.xlsx","2025-2026 financial year — infringement penalties from 2025-07-01 (penalty unit $203.51)","https://www.catoappeals.com/au/vic/parking-fines/stopped-in-an-intersection"
"VIC","Road Safety Road Rules 2017 (Vic)","170","805","Stopped in an intersection","204","1","Workbook ""Infringement Penalty from 01-Jul-2025"" column: penalty_units × $203.51 (2025-2026 penalty unit, Monetary Units Act 2004 (Vic)), rounded to the nearest dollar by the workbook itself.","Department of Transport and Planning Fees and Penalties 2025 - 2026 (Road Safety Penalties sheet)","https://edge.sitecorecloud.io/stategovernc45d-cftw-production-c9ca/media/Project/TransportWebsite/Forms/dtp-fees-and-penalties-2025-2026.xlsx","2025-2026 financial year — infringement penalties from 2025-07-01 (penalty unit $203.51)","https://www.catoappeals.com/au/vic/parking-fines/stopped-in-an-intersection"
"VIC","Road Safety Road Rules 2017 (Vic)","192","774","Stopped on a bridge, causeway, ramp or similar structure with width less than approach road","122","0.6","Workbook ""Infringement Penalty from 01-Jul-2025"" column: penalty_units × $203.51 (2025-2026 penalty unit, Monetary Units Act 2004 (Vic)), rounded to the nearest dollar by the workbook itself.","Department of Transport and Planning Fees and Penalties 2025 - 2026 (Road Safety Penalties sheet)","https://edge.sitecorecloud.io/stategovernc45d-cftw-production-c9ca/media/Project/TransportWebsite/Forms/dtp-fees-and-penalties-2025-2026.xlsx","2025-2026 financial year — infringement penalties from 2025-07-01 (penalty unit $203.51)","https://www.catoappeals.com/au/vic/parking-fines/stopped-on-a-bridge-causeway-ramp-or-similar"
"VIC","Road Safety Road Rules 2017 (Vic)","192","775","Stopped in a tunnel with width less than approach road","122","0.6","Workbook ""Infringement Penalty from 01-Jul-2025"" column: penalty_units × $203.51 (2025-2026 penalty unit, Monetary Units Act 2004 (Vic)), rounded to the nearest dollar by the workbook itself.","Department of Transport and Planning Fees and Penalties 2025 - 2026 (Road Safety Penalties sheet)","https://edge.sitecorecloud.io/stategovernc45d-cftw-production-c9ca/media/Project/TransportWebsite/Forms/dtp-fees-and-penalties-2025-2026.xlsx","2025-2026 financial year — infringement penalties from 2025-07-01 (penalty unit $203.51)","https://www.catoappeals.com/au/vic/parking-fines/stopped-on-a-bridge-causeway-ramp-or-similar"
"VIC","Road Safety Road Rules 2017 (Vic)","192","776","Stopped in an underpass with width less than approach road","122","0.6","Workbook ""Infringement Penalty from 01-Jul-2025"" column: penalty_units × $203.51 (2025-2026 penalty unit, Monetary Units Act 2004 (Vic)), rounded to the nearest dollar by the workbook itself.","Department of Transport and Planning Fees and Penalties 2025 - 2026 (Road Safety Penalties sheet)","https://edge.sitecorecloud.io/stategovernc45d-cftw-production-c9ca/media/Project/TransportWebsite/Forms/dtp-fees-and-penalties-2025-2026.xlsx","2025-2026 financial year — infringement penalties from 2025-07-01 (penalty unit $203.51)","https://www.catoappeals.com/au/vic/parking-fines/stopped-on-a-bridge-causeway-ramp-or-similar"
"VIC","Road Safety Road Rules 2017 (Vic)","195","733","Stopped on a bus stop","122","0.6","Workbook ""Infringement Penalty from 01-Jul-2025"" column: penalty_units × $203.51 (2025-2026 penalty unit, Monetary Units Act 2004 (Vic)), rounded to the nearest dollar by the workbook itself.","Department of Transport and Planning Fees and Penalties 2025 - 2026 (Road Safety Penalties sheet)","https://edge.sitecorecloud.io/stategovernc45d-cftw-production-c9ca/media/Project/TransportWebsite/Forms/dtp-fees-and-penalties-2025-2026.xlsx","2025-2026 financial year — infringement penalties from 2025-07-01 (penalty unit $203.51)","https://www.catoappeals.com/au/vic/parking-fines/stopped-on-a-bus-stop"
"VIC","Road Safety Road Rules 2017 (Vic)","195","734","Stopped within 20 metres before a sign indicating a bus stop","122","0.6","Workbook ""Infringement Penalty from 01-Jul-2025"" column: penalty_units × $203.51 (2025-2026 penalty unit, Monetary Units Act 2004 (Vic)), rounded to the nearest dollar by the workbook itself.","Department of Transport and Planning Fees and Penalties 2025 - 2026 (Road Safety Penalties sheet)","https://edge.sitecorecloud.io/stategovernc45d-cftw-production-c9ca/media/Project/TransportWebsite/Forms/dtp-fees-and-penalties-2025-2026.xlsx","2025-2026 financial year — infringement penalties from 2025-07-01 (penalty unit $203.51)","https://www.catoappeals.com/au/vic/parking-fines/stopped-on-a-bus-stop"
"VIC","Road Safety Road Rules 2017 (Vic)","195","735","Stopped within 10 metres after a sign indicating a bus stop","122","0.6","Workbook ""Infringement Penalty from 01-Jul-2025"" column: penalty_units × $203.51 (2025-2026 penalty unit, Monetary Units Act 2004 (Vic)), rounded to the nearest dollar by the workbook itself.","Department of Transport and Planning Fees and Penalties 2025 - 2026 (Road Safety Penalties sheet)","https://edge.sitecorecloud.io/stategovernc45d-cftw-production-c9ca/media/Project/TransportWebsite/Forms/dtp-fees-and-penalties-2025-2026.xlsx","2025-2026 financial year — infringement penalties from 2025-07-01 (penalty unit $203.51)","https://www.catoappeals.com/au/vic/parking-fines/stopped-on-a-bus-stop"
"VIC","Road Safety Road Rules 2017 (Vic)","175","759","Stopped on a level crossing","122","0.6","Workbook ""Infringement Penalty from 01-Jul-2025"" column: penalty_units × $203.51 (2025-2026 penalty unit, Monetary Units Act 2004 (Vic)), rounded to the nearest dollar by the workbook itself.","Department of Transport and Planning Fees and Penalties 2025 - 2026 (Road Safety Penalties sheet)","https://edge.sitecorecloud.io/stategovernc45d-cftw-production-c9ca/media/Project/TransportWebsite/Forms/dtp-fees-and-penalties-2025-2026.xlsx","2025-2026 financial year — infringement penalties from 2025-07-01 (penalty unit $203.51)","https://www.catoappeals.com/au/vic/parking-fines/stopped-on-a-level-crossing"
"VIC","Road Safety Road Rules 2017 (Vic)","175","760","Stopped within 20 metres before level crossing","122","0.6","Workbook ""Infringement Penalty from 01-Jul-2025"" column: penalty_units × $203.51 (2025-2026 penalty unit, Monetary Units Act 2004 (Vic)), rounded to the nearest dollar by the workbook itself.","Department of Transport and Planning Fees and Penalties 2025 - 2026 (Road Safety Penalties sheet)","https://edge.sitecorecloud.io/stategovernc45d-cftw-production-c9ca/media/Project/TransportWebsite/Forms/dtp-fees-and-penalties-2025-2026.xlsx","2025-2026 financial year — infringement penalties from 2025-07-01 (penalty unit $203.51)","https://www.catoappeals.com/au/vic/parking-fines/stopped-on-a-level-crossing"
"VIC","Road Safety Road Rules 2017 (Vic)","175","761","Stopped within 20 metres after level crossing","122","0.6","Workbook ""Infringement Penalty from 01-Jul-2025"" column: penalty_units × $203.51 (2025-2026 penalty unit, Monetary Units Act 2004 (Vic)), rounded to the nearest dollar by the workbook itself.","Department of Transport and Planning Fees and Penalties 2025 - 2026 (Road Safety Penalties sheet)","https://edge.sitecorecloud.io/stategovernc45d-cftw-production-c9ca/media/Project/TransportWebsite/Forms/dtp-fees-and-penalties-2025-2026.xlsx","2025-2026 financial year — infringement penalties from 2025-07-01 (penalty unit $203.51)","https://www.catoappeals.com/au/vic/parking-fines/stopped-on-a-level-crossing"
"VIC","Road Safety Road Rules 2017 (Vic)","173","715","Stopped on a marked foot crossing","122","0.6","Workbook ""Infringement Penalty from 01-Jul-2025"" column: penalty_units × $203.51 (2025-2026 penalty unit, Monetary Units Act 2004 (Vic)), rounded to the nearest dollar by the workbook itself.","Department of Transport and Planning Fees and Penalties 2025 - 2026 (Road Safety Penalties sheet)","https://edge.sitecorecloud.io/stategovernc45d-cftw-production-c9ca/media/Project/TransportWebsite/Forms/dtp-fees-and-penalties-2025-2026.xlsx","2025-2026 financial year — infringement penalties from 2025-07-01 (penalty unit $203.51)","https://www.catoappeals.com/au/vic/parking-fines/stopped-on-a-marked-foot-crossing"
"VIC","Road Safety Road Rules 2017 (Vic)","173","716","Stopped within 10 metres before marked foot crossing","122","0.6","Workbook ""Infringement Penalty from 01-Jul-2025"" column: penalty_units × $203.51 (2025-2026 penalty unit, Monetary Units Act 2004 (Vic)), rounded to the nearest dollar by the workbook itself.","Department of Transport and Planning Fees and Penalties 2025 - 2026 (Road Safety Penalties sheet)","https://edge.sitecorecloud.io/stategovernc45d-cftw-production-c9ca/media/Project/TransportWebsite/Forms/dtp-fees-and-penalties-2025-2026.xlsx","2025-2026 financial year — infringement penalties from 2025-07-01 (penalty unit $203.51)","https://www.catoappeals.com/au/vic/parking-fines/stopped-on-a-marked-foot-crossing"
"VIC","Road Safety Road Rules 2017 (Vic)","173","717","Stopped within 3 metres after marked foot crossing","122","0.6","Workbook ""Infringement Penalty from 01-Jul-2025"" column: penalty_units × $203.51 (2025-2026 penalty unit, Monetary Units Act 2004 (Vic)), rounded to the nearest dollar by the workbook itself.","Department of Transport and Planning Fees and Penalties 2025 - 2026 (Road Safety Penalties sheet)","https://edge.sitecorecloud.io/stategovernc45d-cftw-production-c9ca/media/Project/TransportWebsite/Forms/dtp-fees-and-penalties-2025-2026.xlsx","2025-2026 financial year — infringement penalties from 2025-07-01 (penalty unit $203.51)","https://www.catoappeals.com/au/vic/parking-fines/stopped-on-a-marked-foot-crossing"
"VIC","Road Safety Road Rules 2017 (Vic)","172","797","Stopped on a pedestrian crossing","204","1","Workbook ""Infringement Penalty from 01-Jul-2025"" column: penalty_units × $203.51 (2025-2026 penalty unit, Monetary Units Act 2004 (Vic)), rounded to the nearest dollar by the workbook itself.","Department of Transport and Planning Fees and Penalties 2025 - 2026 (Road Safety Penalties sheet)","https://edge.sitecorecloud.io/stategovernc45d-cftw-production-c9ca/media/Project/TransportWebsite/Forms/dtp-fees-and-penalties-2025-2026.xlsx","2025-2026 financial year — infringement penalties from 2025-07-01 (penalty unit $203.51)","https://www.catoappeals.com/au/vic/parking-fines/stopped-on-a-pedestrian-crossing"
"VIC","Road Safety Road Rules 2017 (Vic)","172","798","Stopped within 20 metres before pedestrian crossing","204","1","Workbook ""Infringement Penalty from 01-Jul-2025"" column: penalty_units × $203.51 (2025-2026 penalty unit, Monetary Units Act 2004 (Vic)), rounded to the nearest dollar by the workbook itself.","Department of Transport and Planning Fees and Penalties 2025 - 2026 (Road Safety Penalties sheet)","https://edge.sitecorecloud.io/stategovernc45d-cftw-production-c9ca/media/Project/TransportWebsite/Forms/dtp-fees-and-penalties-2025-2026.xlsx","2025-2026 financial year — infringement penalties from 2025-07-01 (penalty unit $203.51)","https://www.catoappeals.com/au/vic/parking-fines/stopped-on-a-pedestrian-crossing"
"VIC","Road Safety Road Rules 2017 (Vic)","172","799","Stopped within 10 metres after pedestrian crossing","204","1","Workbook ""Infringement Penalty from 01-Jul-2025"" column: penalty_units × $203.51 (2025-2026 penalty unit, Monetary Units Act 2004 (Vic)), rounded to the nearest dollar by the workbook itself.","Department of Transport and Planning Fees and Penalties 2025 - 2026 (Road Safety Penalties sheet)","https://edge.sitecorecloud.io/stategovernc45d-cftw-production-c9ca/media/Project/TransportWebsite/Forms/dtp-fees-and-penalties-2025-2026.xlsx","2025-2026 financial year — infringement penalties from 2025-07-01 (penalty unit $203.51)","https://www.catoappeals.com/au/vic/parking-fines/stopped-on-a-pedestrian-crossing"
"VIC","Road Safety Road Rules 2017 (Vic)","194","730","Stopped within 1 metre of fire hydrant","122","0.6","Workbook ""Infringement Penalty from 01-Jul-2025"" column: penalty_units × $203.51 (2025-2026 penalty unit, Monetary Units Act 2004 (Vic)), rounded to the nearest dollar by the workbook itself.","Department of Transport and Planning Fees and Penalties 2025 - 2026 (Road Safety Penalties sheet)","https://edge.sitecorecloud.io/stategovernc45d-cftw-production-c9ca/media/Project/TransportWebsite/Forms/dtp-fees-and-penalties-2025-2026.xlsx","2025-2026 financial year — infringement penalties from 2025-07-01 (penalty unit $203.51)","https://www.catoappeals.com/au/vic/parking-fines/stopped-within-1-metre-of-fire-hydrant"
"VIC","Road Safety Road Rules 2017 (Vic)","194","731","Stopped within 1 metre of fire hydrant indicator","122","0.6","Workbook ""Infringement Penalty from 01-Jul-2025"" column: penalty_units × $203.51 (2025-2026 penalty unit, Monetary Units Act 2004 (Vic)), rounded to the nearest dollar by the workbook itself.","Department of Transport and Planning Fees and Penalties 2025 - 2026 (Road Safety Penalties sheet)","https://edge.sitecorecloud.io/stategovernc45d-cftw-production-c9ca/media/Project/TransportWebsite/Forms/dtp-fees-and-penalties-2025-2026.xlsx","2025-2026 financial year — infringement penalties from 2025-07-01 (penalty unit $203.51)","https://www.catoappeals.com/au/vic/parking-fines/stopped-within-1-metre-of-fire-hydrant"
"VIC","Road Safety Road Rules 2017 (Vic)","194","732","Stopped within 1 metre of fire plug indicator","122","0.6","Workbook ""Infringement Penalty from 01-Jul-2025"" column: penalty_units × $203.51 (2025-2026 penalty unit, Monetary Units Act 2004 (Vic)), rounded to the nearest dollar by the workbook itself.","Department of Transport and Planning Fees and Penalties 2025 - 2026 (Road Safety Penalties sheet)","https://edge.sitecorecloud.io/stategovernc45d-cftw-production-c9ca/media/Project/TransportWebsite/Forms/dtp-fees-and-penalties-2025-2026.xlsx","2025-2026 financial year — infringement penalties from 2025-07-01 (penalty unit $203.51)","https://www.catoappeals.com/au/vic/parking-fines/stopped-within-1-metre-of-fire-hydrant"
"VIC","Road Safety Road Rules 2017 (Vic)","171","794","Stopping on a children's crossing","204","1","Workbook ""Infringement Penalty from 01-Jul-2025"" column: penalty_units × $203.51 (2025-2026 penalty unit, Monetary Units Act 2004 (Vic)), rounded to the nearest dollar by the workbook itself.","Department of Transport and Planning Fees and Penalties 2025 - 2026 (Road Safety Penalties sheet)","https://edge.sitecorecloud.io/stategovernc45d-cftw-production-c9ca/media/Project/TransportWebsite/Forms/dtp-fees-and-penalties-2025-2026.xlsx","2025-2026 financial year — infringement penalties from 2025-07-01 (penalty unit $203.51)","https://www.catoappeals.com/au/vic/parking-fines/stopping-on-a-childrens-crossing"
"VIC","Road Safety Road Rules 2017 (Vic)","171","795","Stopping within 20 metres before a children's crossing","204","1","Workbook ""Infringement Penalty from 01-Jul-2025"" column: penalty_units × $203.51 (2025-2026 penalty unit, Monetary Units Act 2004 (Vic)), rounded to the nearest dollar by the workbook itself.","Department of Transport and Planning Fees and Penalties 2025 - 2026 (Road Safety Penalties sheet)","https://edge.sitecorecloud.io/stategovernc45d-cftw-production-c9ca/media/Project/TransportWebsite/Forms/dtp-fees-and-penalties-2025-2026.xlsx","2025-2026 financial year — infringement penalties from 2025-07-01 (penalty unit $203.51)","https://www.catoappeals.com/au/vic/parking-fines/stopping-on-a-childrens-crossing"
"VIC","Road Safety Road Rules 2017 (Vic)","171","796","Stopping within 10 metres after a children's crossing","204","1","Workbook ""Infringement Penalty from 01-Jul-2025"" column: penalty_units × $203.51 (2025-2026 penalty unit, Monetary Units Act 2004 (Vic)), rounded to the nearest dollar by the workbook itself.","Department of Transport and Planning Fees and Penalties 2025 - 2026 (Road Safety Penalties sheet)","https://edge.sitecorecloud.io/stategovernc45d-cftw-production-c9ca/media/Project/TransportWebsite/Forms/dtp-fees-and-penalties-2025-2026.xlsx","2025-2026 financial year — infringement penalties from 2025-07-01 (penalty unit $203.51)","https://www.catoappeals.com/au/vic/parking-fines/stopping-on-a-childrens-crossing"
"VIC","Road Safety Road Rules 2017 (Vic)","210","707","Parked - fail to comply with angle parking requirement","41","0.2","Workbook ""Infringement Penalty from 01-Jul-2025"" column: penalty_units × $203.51 (2025-2026 penalty unit, Monetary Units Act 2004 (Vic)), rounded to the nearest dollar by the workbook itself.","Department of Transport and Planning Fees and Penalties 2025 - 2026 (Road Safety Penalties sheet)","https://edge.sitecorecloud.io/stategovernc45d-cftw-production-c9ca/media/Project/TransportWebsite/Forms/dtp-fees-and-penalties-2025-2026.xlsx","2025-2026 financial year — infringement penalties from 2025-07-01 (penalty unit $203.51)","https://www.catoappeals.com/au/vic/parking-fines/parked-fail-to-comply-with-angle-parking-requirement"
"VIC","Road Safety Road Rules 2017 (Vic)","210","708","Parked - fail to comply with 90° angle parking requirement","41","0.2","Workbook ""Infringement Penalty from 01-Jul-2025"" column: penalty_units × $203.51 (2025-2026 penalty unit, Monetary Units Act 2004 (Vic)), rounded to the nearest dollar by the workbook itself.","Department of Transport and Planning Fees and Penalties 2025 - 2026 (Road Safety Penalties sheet)","https://edge.sitecorecloud.io/stategovernc45d-cftw-production-c9ca/media/Project/TransportWebsite/Forms/dtp-fees-and-penalties-2025-2026.xlsx","2025-2026 financial year — infringement penalties from 2025-07-01 (penalty unit $203.51)","https://www.catoappeals.com/au/vic/parking-fines/parked-fail-to-comply-with-angle-parking-requirement"
"VIC","Road Safety Road Rules 2017 (Vic)","203","803","Stopped in a parking area for people with disabilities either - (a) without a current parking permit for people with disabilities clearly displayed in the vehicle; or (b) not in accordance with the permit conditions","204","1","Workbook ""Infringement Penalty from 01-Jul-2025"" column: penalty_units × $203.51 (2025-2026 penalty unit, Monetary Units Act 2004 (Vic)), rounded to the nearest dollar by the workbook itself.","Department of Transport and Planning Fees and Penalties 2025 - 2026 (Road Safety Penalties sheet)","https://edge.sitecorecloud.io/stategovernc45d-cftw-production-c9ca/media/Project/TransportWebsite/Forms/dtp-fees-and-penalties-2025-2026.xlsx","2025-2026 financial year — infringement penalties from 2025-07-01 (penalty unit $203.51)","https://www.catoappeals.com/au/vic/parking-fines/stopped-in-a-parking-area-for-people-with"
"VIC","Road Safety Road Rules 2017 (Vic)","203","807","Disobey direction to move vehicle from parking area for people with disabilities","204","1","Workbook ""Infringement Penalty from 01-Jul-2025"" column: penalty_units × $203.51 (2025-2026 penalty unit, Monetary Units Act 2004 (Vic)), rounded to the nearest dollar by the workbook itself.","Department of Transport and Planning Fees and Penalties 2025 - 2026 (Road Safety Penalties sheet)","https://edge.sitecorecloud.io/stategovernc45d-cftw-production-c9ca/media/Project/TransportWebsite/Forms/dtp-fees-and-penalties-2025-2026.xlsx","2025-2026 financial year — infringement penalties from 2025-07-01 (penalty unit $203.51)","https://www.catoappeals.com/au/vic/parking-fines/stopped-in-a-parking-area-for-people-with"
"VIC","Road Safety Road Rules 2017 (Vic)","220","791","Stopped - clearance and side marker lights not operating effectively and visible","122","0.6","Workbook ""Infringement Penalty from 01-Jul-2025"" column: penalty_units × $203.51 (2025-2026 penalty unit, Monetary Units Act 2004 (Vic)), rounded to the nearest dollar by the workbook itself.","Department of Transport and Planning Fees and Penalties 2025 - 2026 (Road Safety Penalties sheet)","https://edge.sitecorecloud.io/stategovernc45d-cftw-production-c9ca/media/Project/TransportWebsite/Forms/dtp-fees-and-penalties-2025-2026.xlsx","2025-2026 financial year — infringement penalties from 2025-07-01 (penalty unit $203.51)","https://www.catoappeals.com/au/vic/parking-fines/stopped-parking-lights-not-operating-effectively-and-visible"
"VIC","Road Safety Road Rules 2017 (Vic)","220","792","Stopped - parking lights not operating effectively and visible","122","0.6","Workbook ""Infringement Penalty from 01-Jul-2025"" column: penalty_units × $203.51 (2025-2026 penalty unit, Monetary Units Act 2004 (Vic)), rounded to the nearest dollar by the workbook itself.","Department of Transport and Planning Fees and Penalties 2025 - 2026 (Road Safety Penalties sheet)","https://edge.sitecorecloud.io/stategovernc45d-cftw-production-c9ca/media/Project/TransportWebsite/Forms/dtp-fees-and-penalties-2025-2026.xlsx","2025-2026 financial year — infringement penalties from 2025-07-01 (penalty unit $203.51)","https://www.catoappeals.com/au/vic/parking-fines/stopped-parking-lights-not-operating-effectively-and-visible"
"VIC","Road Safety Road Rules 2017 (Vic)","174","718","Stopped within 10 metres before bicycle crossing lights","122","0.6","Workbook ""Infringement Penalty from 01-Jul-2025"" column: penalty_units × $203.51 (2025-2026 penalty unit, Monetary Units Act 2004 (Vic)), rounded to the nearest dollar by the workbook itself.","Department of Transport and Planning Fees and Penalties 2025 - 2026 (Road Safety Penalties sheet)","https://edge.sitecorecloud.io/stategovernc45d-cftw-production-c9ca/media/Project/TransportWebsite/Forms/dtp-fees-and-penalties-2025-2026.xlsx","2025-2026 financial year — infringement penalties from 2025-07-01 (penalty unit $203.51)","https://www.catoappeals.com/au/vic/parking-fines/stopped-within-3-metres-after-bicycle-crossing-lights"
"VIC","Road Safety Road Rules 2017 (Vic)","174","719","Stopped within 3 metres after bicycle crossing lights","122","0.6","Workbook ""Infringement Penalty from 01-Jul-2025"" column: penalty_units × $203.51 (2025-2026 penalty unit, Monetary Units Act 2004 (Vic)), rounded to the nearest dollar by the workbook itself.","Department of Transport and Planning Fees and Penalties 2025 - 2026 (Road Safety Penalties sheet)","https://edge.sitecorecloud.io/stategovernc45d-cftw-production-c9ca/media/Project/TransportWebsite/Forms/dtp-fees-and-penalties-2025-2026.xlsx","2025-2026 financial year — infringement penalties from 2025-07-01 (penalty unit $203.51)","https://www.catoappeals.com/au/vic/parking-fines/stopped-within-3-metres-after-bicycle-crossing-lights"
"VIC","Road Safety Road Rules 2017 (Vic)","209","706","Parked contrary to requirement of parking area","41","0.2","Workbook ""Infringement Penalty from 01-Jul-2025"" column: penalty_units × $203.51 (2025-2026 penalty unit, Monetary Units Act 2004 (Vic)), rounded to the nearest dollar by the workbook itself.","Department of Transport and Planning Fees and Penalties 2025 - 2026 (Road Safety Penalties sheet)","https://edge.sitecorecloud.io/stategovernc45d-cftw-production-c9ca/media/Project/TransportWebsite/Forms/dtp-fees-and-penalties-2025-2026.xlsx","2025-2026 financial year — infringement penalties from 2025-07-01 (penalty unit $203.51)","https://www.catoappeals.com/au/vic/parking-fines/parked-contrary-to-requirement-of-parking-area"
"VIC","Road Safety Road Rules 2017 (Vic)","207","702","Parked - fail to pay fee and obey instructions on sign, meter, ticket or ticket-vending machine","41","0.2","Workbook ""Infringement Penalty from 01-Jul-2025"" column: penalty_units × $203.51 (2025-2026 penalty unit, Monetary Units Act 2004 (Vic)), rounded to the nearest dollar by the workbook itself.","Department of Transport and Planning Fees and Penalties 2025 - 2026 (Road Safety Penalties sheet)","https://edge.sitecorecloud.io/stategovernc45d-cftw-production-c9ca/media/Project/TransportWebsite/Forms/dtp-fees-and-penalties-2025-2026.xlsx","2025-2026 financial year — infringement penalties from 2025-07-01 (penalty unit $203.51)","https://www.catoappeals.com/au/vic/parking-fines/parked-fail-to-pay-fee-and-obey-instructions"
"VIC","Road Safety Road Rules 2017 (Vic)","208A","622","Parked in a road related area (except in a median strip parking area) where vehicle not facing direction of adjacent traffic","122","0.6","Workbook ""Infringement Penalty from 01-Jul-2025"" column: penalty_units × $203.51 (2025-2026 penalty unit, Monetary Units Act 2004 (Vic)), rounded to the nearest dollar by the workbook itself.","Department of Transport and Planning Fees and Penalties 2025 - 2026 (Road Safety Penalties sheet)","https://edge.sitecorecloud.io/stategovernc45d-cftw-production-c9ca/media/Project/TransportWebsite/Forms/dtp-fees-and-penalties-2025-2026.xlsx","2025-2026 financial year — infringement penalties from 2025-07-01 (penalty unit $203.51)","https://www.catoappeals.com/au/vic/parking-fines/parked-in-a-road-related-area-except-in"
"VIC","Road Safety Act 1986 (Vic)","s 90E","618","Parked or standing in a council controlled area contrary to a parking sign","204","1","Workbook ""Infringement Penalty from 01-Jul-2025"" column: penalty_units × $203.51 (2025-2026 penalty unit, Monetary Units Act 2004 (Vic)), rounded to the nearest dollar by the workbook itself.","Department of Transport and Planning Fees and Penalties 2025 - 2026 (Road Safety Penalties sheet)","https://edge.sitecorecloud.io/stategovernc45d-cftw-production-c9ca/media/Project/TransportWebsite/Forms/dtp-fees-and-penalties-2025-2026.xlsx","2025-2026 financial year — infringement penalties from 2025-07-01 (penalty unit $203.51)","https://www.catoappeals.com/au/vic/parking-fines/parked-or-standing-in-a-council-controlled-area"
"VIC","Melbourne Parks & Gardens (Joint Trustee Reserves) Regulations 1994 (Vic)","GG1 of 12 January 1995","806","Parked or stopped on a reserve without consent","122","0.6","Workbook ""Infringement Penalty from 01-Jul-2025"" column: penalty_units × $203.51 (2025-2026 penalty unit, Monetary Units Act 2004 (Vic)), rounded to the nearest dollar by the workbook itself.","Department of Transport and Planning Fees and Penalties 2025 - 2026 (Road Safety Penalties sheet)","https://edge.sitecorecloud.io/stategovernc45d-cftw-production-c9ca/media/Project/TransportWebsite/Forms/dtp-fees-and-penalties-2025-2026.xlsx","2025-2026 financial year — infringement penalties from 2025-07-01 (penalty unit $203.51)","https://www.catoappeals.com/au/vic/parking-fines/parked-or-stopped-on-a-reserve-without-consent"
"VIC","Road Safety Road Rules 2017 (Vic)","205","701","Parking for longer than indicated","41","0.2","Workbook ""Infringement Penalty from 01-Jul-2025"" column: penalty_units × $203.51 (2025-2026 penalty unit, Monetary Units Act 2004 (Vic)), rounded to the nearest dollar by the workbook itself.","Department of Transport and Planning Fees and Penalties 2025 - 2026 (Road Safety Penalties sheet)","https://edge.sitecorecloud.io/stategovernc45d-cftw-production-c9ca/media/Project/TransportWebsite/Forms/dtp-fees-and-penalties-2025-2026.xlsx","2025-2026 financial year — infringement penalties from 2025-07-01 (penalty unit $203.51)","https://www.catoappeals.com/au/vic/parking-fines/parking-for-longer-than-indicated"
"VIC","Road Safety Road Rules 2017 (Vic)","168","621","Stopped contrary to a no parking sign","41","0.2","Workbook ""Infringement Penalty from 01-Jul-2025"" column: penalty_units × $203.51 (2025-2026 penalty unit, Monetary Units Act 2004 (Vic)), rounded to the nearest dollar by the workbook itself.","Department of Transport and Planning Fees and Penalties 2025 - 2026 (Road Safety Penalties sheet)","https://edge.sitecorecloud.io/stategovernc45d-cftw-production-c9ca/media/Project/TransportWebsite/Forms/dtp-fees-and-penalties-2025-2026.xlsx","2025-2026 financial year — infringement penalties from 2025-07-01 (penalty unit $203.51)","https://www.catoappeals.com/au/vic/parking-fines/stopped-contrary-to-a-no-parking-sign"
"VIC","Road Safety Road Rules 2017 (Vic)","189","729","Stopped - double parked","122","0.6","Workbook ""Infringement Penalty from 01-Jul-2025"" column: penalty_units × $203.51 (2025-2026 penalty unit, Monetary Units Act 2004 (Vic)), rounded to the nearest dollar by the workbook itself.","Department of Transport and Planning Fees and Penalties 2025 - 2026 (Road Safety Penalties sheet)","https://edge.sitecorecloud.io/stategovernc45d-cftw-production-c9ca/media/Project/TransportWebsite/Forms/dtp-fees-and-penalties-2025-2026.xlsx","2025-2026 financial year — infringement penalties from 2025-07-01 (penalty unit $203.51)","https://www.catoappeals.com/au/vic/parking-fines/stopped-double-parked"
"VIC","Road Safety Road Rules 2017 (Vic)","183","727","Stopped in a bus zone","122","0.6","Workbook ""Infringement Penalty from 01-Jul-2025"" column: penalty_units × $203.51 (2025-2026 penalty unit, Monetary Units Act 2004 (Vic)), rounded to the nearest dollar by the workbook itself.","Department of Transport and Planning Fees and Penalties 2025 - 2026 (Road Safety Penalties sheet)","https://edge.sitecorecloud.io/stategovernc45d-cftw-production-c9ca/media/Project/TransportWebsite/Forms/dtp-fees-and-penalties-2025-2026.xlsx","2025-2026 financial year — infringement penalties from 2025-07-01 (penalty unit $203.51)","https://www.catoappeals.com/au/vic/parking-fines/stopped-in-a-bus-zone"
"VIC","Road Safety Road Rules 2017 (Vic)","186","724","Stopped in a mail zone","122","0.6","Workbook ""Infringement Penalty from 01-Jul-2025"" column: penalty_units × $203.51 (2025-2026 penalty unit, Monetary Units Act 2004 (Vic)), rounded to the nearest dollar by the workbook itself.","Department of Transport and Planning Fees and Penalties 2025 - 2026 (Road Safety Penalties sheet)","https://edge.sitecorecloud.io/stategovernc45d-cftw-production-c9ca/media/Project/TransportWebsite/Forms/dtp-fees-and-penalties-2025-2026.xlsx","2025-2026 financial year — infringement penalties from 2025-07-01 (penalty unit $203.51)","https://www.catoappeals.com/au/vic/parking-fines/stopped-in-a-mail-zone"
"VIC","Road Safety Road Rules 2017 (Vic)","203B","949","Stopped in a parking area for electric-powered vehicles","122","0.6","Workbook ""Infringement Penalty from 01-Jul-2025"" column: penalty_units × $203.51 (2025-2026 penalty unit, Monetary Units Act 2004 (Vic)), rounded to the nearest dollar by the workbook itself.","Department of Transport and Planning Fees and Penalties 2025 - 2026 (Road Safety Penalties sheet)","https://edge.sitecorecloud.io/stategovernc45d-cftw-production-c9ca/media/Project/TransportWebsite/Forms/dtp-fees-and-penalties-2025-2026.xlsx","2025-2026 financial year — infringement penalties from 2025-07-01 (penalty unit $203.51)","https://www.catoappeals.com/au/vic/parking-fines/stopped-in-a-parking-area-for-electric-powered"
"VIC","Road Safety Road Rules 2017 (Vic)","203C","950","Stopped in a parking area for the charging of electric-powered vehicles","122","0.6","Workbook ""Infringement Penalty from 01-Jul-2025"" column: penalty_units × $203.51 (2025-2026 penalty unit, Monetary Units Act 2004 (Vic)), rounded to the nearest dollar by the workbook itself.","Department of Transport and Planning Fees and Penalties 2025 - 2026 (Road Safety Penalties sheet)","https://edge.sitecorecloud.io/stategovernc45d-cftw-production-c9ca/media/Project/TransportWebsite/Forms/dtp-fees-and-penalties-2025-2026.xlsx","2025-2026 financial year — infringement penalties from 2025-07-01 (penalty unit $203.51)","https://www.catoappeals.com/au/vic/parking-fines/stopped-in-a-parking-area-for-the-charging"
"VIC","Road Safety Road Rules 2017 (Vic)","185","728","Stopped in a permit zone","122","0.6","Workbook ""Infringement Penalty from 01-Jul-2025"" column: penalty_units × $203.51 (2025-2026 penalty unit, Monetary Units Act 2004 (Vic)), rounded to the nearest dollar by the workbook itself.","Department of Transport and Planning Fees and Penalties 2025 - 2026 (Road Safety Penalties sheet)","https://edge.sitecorecloud.io/stategovernc45d-cftw-production-c9ca/media/Project/TransportWebsite/Forms/dtp-fees-and-penalties-2025-2026.xlsx","2025-2026 financial year — infringement penalties from 2025-07-01 (penalty unit $203.51)","https://www.catoappeals.com/au/vic/parking-fines/stopped-in-a-permit-zone"
"VIC","Road Safety Road Rules 2017 (Vic)","188","769","Stopped in a shared zone","122","0.6","Workbook ""Infringement Penalty from 01-Jul-2025"" column: penalty_units × $203.51 (2025-2026 penalty unit, Monetary Units Act 2004 (Vic)), rounded to the nearest dollar by the workbook itself.","Department of Transport and Planning Fees and Penalties 2025 - 2026 (Road Safety Penalties sheet)","https://edge.sitecorecloud.io/stategovernc45d-cftw-production-c9ca/media/Project/TransportWebsite/Forms/dtp-fees-and-penalties-2025-2026.xlsx","2025-2026 financial year — infringement penalties from 2025-07-01 (penalty unit $203.51)","https://www.catoappeals.com/au/vic/parking-fines/stopped-in-a-shared-zone"
"VIC","Road Safety Road Rules 2017 (Vic)","203A","620","Stopped in a slip lane","204","1","Workbook ""Infringement Penalty from 01-Jul-2025"" column: penalty_units × $203.51 (2025-2026 penalty unit, Monetary Units Act 2004 (Vic)), rounded to the nearest dollar by the workbook itself.","Department of Transport and Planning Fees and Penalties 2025 - 2026 (Road Safety Penalties sheet)","https://edge.sitecorecloud.io/stategovernc45d-cftw-production-c9ca/media/Project/TransportWebsite/Forms/dtp-fees-and-penalties-2025-2026.xlsx","2025-2026 financial year — infringement penalties from 2025-07-01 (penalty unit $203.51)","https://www.catoappeals.com/au/vic/parking-fines/stopped-in-a-slip-lane"
"VIC","Road Safety Road Rules 2017 (Vic)","182","726","Stopped in a taxi zone","122","0.6","Workbook ""Infringement Penalty from 01-Jul-2025"" column: penalty_units × $203.51 (2025-2026 penalty unit, Monetary Units Act 2004 (Vic)), rounded to the nearest dollar by the workbook itself.","Department of Transport and Planning Fees and Penalties 2025 - 2026 (Road Safety Penalties sheet)","https://edge.sitecorecloud.io/stategovernc45d-cftw-production-c9ca/media/Project/TransportWebsite/Forms/dtp-fees-and-penalties-2025-2026.xlsx","2025-2026 financial year — infringement penalties from 2025-07-01 (penalty unit $203.51)","https://www.catoappeals.com/au/vic/parking-fines/stopped-in-a-taxi-zone"
"VIC","Road Safety Road Rules 2017 (Vic)","180","723","Stopped in a truck zone","122","0.6","Workbook ""Infringement Penalty from 01-Jul-2025"" column: penalty_units × $203.51 (2025-2026 penalty unit, Monetary Units Act 2004 (Vic)), rounded to the nearest dollar by the workbook itself.","Department of Transport and Planning Fees and Penalties 2025 - 2026 (Road Safety Penalties sheet)","https://edge.sitecorecloud.io/stategovernc45d-cftw-production-c9ca/media/Project/TransportWebsite/Forms/dtp-fees-and-penalties-2025-2026.xlsx","2025-2026 financial year — infringement penalties from 2025-07-01 (penalty unit $203.51)","https://www.catoappeals.com/au/vic/parking-fines/stopped-in-a-truck-zone"
"VIC","Road Safety Road Rules 2017 (Vic)","181","725","Stopped in a works zone","122","0.6","Workbook ""Infringement Penalty from 01-Jul-2025"" column: penalty_units × $203.51 (2025-2026 penalty unit, Monetary Units Act 2004 (Vic)), rounded to the nearest dollar by the workbook itself.","Department of Transport and Planning Fees and Penalties 2025 - 2026 (Road Safety Penalties sheet)","https://edge.sitecorecloud.io/stategovernc45d-cftw-production-c9ca/media/Project/TransportWebsite/Forms/dtp-fees-and-penalties-2025-2026.xlsx","2025-2026 financial year — infringement penalties from 2025-07-01 (penalty unit $203.51)","https://www.catoappeals.com/au/vic/parking-fines/stopped-in-a-works-zone"
"VIC","Road Safety Road Rules 2017 (Vic)","178","763","Stopped in an emergency stopping lane","122","0.6","Workbook ""Infringement Penalty from 01-Jul-2025"" column: penalty_units × $203.51 (2025-2026 penalty unit, Monetary Units Act 2004 (Vic)), rounded to the nearest dollar by the workbook itself.","Department of Transport and Planning Fees and Penalties 2025 - 2026 (Road Safety Penalties sheet)","https://edge.sitecorecloud.io/stategovernc45d-cftw-production-c9ca/media/Project/TransportWebsite/Forms/dtp-fees-and-penalties-2025-2026.xlsx","2025-2026 financial year — infringement penalties from 2025-07-01 (penalty unit $203.51)","https://www.catoappeals.com/au/vic/parking-fines/stopped-in-an-emergency-stopping-lane"
"VIC","Road Safety Road Rules 2017 (Vic)","191","773","Stopped near an obstruction","122","0.6","Workbook ""Infringement Penalty from 01-Jul-2025"" column: penalty_units × $203.51 (2025-2026 penalty unit, Monetary Units Act 2004 (Vic)), rounded to the nearest dollar by the workbook itself.","Department of Transport and Planning Fees and Penalties 2025 - 2026 (Road Safety Penalties sheet)","https://edge.sitecorecloud.io/stategovernc45d-cftw-production-c9ca/media/Project/TransportWebsite/Forms/dtp-fees-and-penalties-2025-2026.xlsx","2025-2026 financial year — infringement penalties from 2025-07-01 (penalty unit $203.51)","https://www.catoappeals.com/au/vic/parking-fines/stopped-near-an-obstruction"
"VIC","Road Safety Road Rules 2017 (Vic)","169","758","Stopped next to a yellow edge line","122","0.6","Workbook ""Infringement Penalty from 01-Jul-2025"" column: penalty_units × $203.51 (2025-2026 penalty unit, Monetary Units Act 2004 (Vic)), rounded to the nearest dollar by the workbook itself.","Department of Transport and Planning Fees and Penalties 2025 - 2026 (Road Safety Penalties sheet)","https://edge.sitecorecloud.io/stategovernc45d-cftw-production-c9ca/media/Project/TransportWebsite/Forms/dtp-fees-and-penalties-2025-2026.xlsx","2025-2026 financial year — infringement penalties from 2025-07-01 (penalty unit $203.51)","https://www.catoappeals.com/au/vic/parking-fines/stopped-next-to-a-yellow-edge-line"
"VIC","Road Safety Road Rules 2017 (Vic)","201","704","Stopped on a bicycle parking area","41","0.2","Workbook ""Infringement Penalty from 01-Jul-2025"" column: penalty_units × $203.51 (2025-2026 penalty unit, Monetary Units Act 2004 (Vic)), rounded to the nearest dollar by the workbook itself.","Department of Transport and Planning Fees and Penalties 2025 - 2026 (Road Safety Penalties sheet)","https://edge.sitecorecloud.io/stategovernc45d-cftw-production-c9ca/media/Project/TransportWebsite/Forms/dtp-fees-and-penalties-2025-2026.xlsx","2025-2026 financial year — infringement penalties from 2025-07-01 (penalty unit $203.51)","https://www.catoappeals.com/au/vic/parking-fines/stopped-on-a-bicycle-parking-area"
"VIC","Road Safety Road Rules 2017 (Vic)","176","800","Stopped on a clearway","204","1","Workbook ""Infringement Penalty from 01-Jul-2025"" column: penalty_units × $203.51 (2025-2026 penalty unit, Monetary Units Act 2004 (Vic)), rounded to the nearest dollar by the workbook itself.","Department of Transport and Planning Fees and Penalties 2025 - 2026 (Road Safety Penalties sheet)","https://edge.sitecorecloud.io/stategovernc45d-cftw-production-c9ca/media/Project/TransportWebsite/Forms/dtp-fees-and-penalties-2025-2026.xlsx","2025-2026 financial year — infringement penalties from 2025-07-01 (penalty unit $203.51)","https://www.catoappeals.com/au/vic/parking-fines/stopped-on-a-clearway"
"VIC","Road Safety Road Rules 2017 (Vic)","177","762","Stopped on a freeway","122","0.6","Workbook ""Infringement Penalty from 01-Jul-2025"" column: penalty_units × $203.51 (2025-2026 penalty unit, Monetary Units Act 2004 (Vic)), rounded to the nearest dollar by the workbook itself.","Department of Transport and Planning Fees and Penalties 2025 - 2026 (Road Safety Penalties sheet)","https://edge.sitecorecloud.io/stategovernc45d-cftw-production-c9ca/media/Project/TransportWebsite/Forms/dtp-fees-and-penalties-2025-2026.xlsx","2025-2026 financial year — infringement penalties from 2025-07-01 (penalty unit $203.51)","https://www.catoappeals.com/au/vic/parking-fines/stopped-on-a-freeway"
"VIC","Road Safety Road Rules 2017 (Vic)","202","705","Stopped on a motor bike parking area","41","0.2","Workbook ""Infringement Penalty from 01-Jul-2025"" column: penalty_units × $203.51 (2025-2026 penalty unit, Monetary Units Act 2004 (Vic)), rounded to the nearest dollar by the workbook itself.","Department of Transport and Planning Fees and Penalties 2025 - 2026 (Road Safety Penalties sheet)","https://edge.sitecorecloud.io/stategovernc45d-cftw-production-c9ca/media/Project/TransportWebsite/Forms/dtp-fees-and-penalties-2025-2026.xlsx","2025-2026 financial year — infringement penalties from 2025-07-01 (penalty unit $203.51)","https://www.catoappeals.com/au/vic/parking-fines/stopped-on-a-motor-bike-parking-area"
"VIC","Road Safety Road Rules 2017 (Vic)","196","624","Stopped within 20 metres before a sign displaying the words ""tram stop"" or ""tram stop request""","204","1","Workbook ""Infringement Penalty from 01-Jul-2025"" column: penalty_units × $203.51 (2025-2026 penalty unit, Monetary Units Act 2004 (Vic)), rounded to the nearest dollar by the workbook itself.","Department of Transport and Planning Fees and Penalties 2025 - 2026 (Road Safety Penalties sheet)","https://edge.sitecorecloud.io/stategovernc45d-cftw-production-c9ca/media/Project/TransportWebsite/Forms/dtp-fees-and-penalties-2025-2026.xlsx","2025-2026 financial year — infringement penalties from 2025-07-01 (penalty unit $203.51)","https://www.catoappeals.com/au/vic/parking-fines/stopped-within-20-metres-before-a-sign-displaying"
"VIC","Road Safety Road Rules 2017 (Vic)","199","741","Stopped within 3 metres of a public post box","122","0.6","Workbook ""Infringement Penalty from 01-Jul-2025"" column: penalty_units × $203.51 (2025-2026 penalty unit, Monetary Units Act 2004 (Vic)), rounded to the nearest dollar by the workbook itself.","Department of Transport and Planning Fees and Penalties 2025 - 2026 (Road Safety Penalties sheet)","https://edge.sitecorecloud.io/stategovernc45d-cftw-production-c9ca/media/Project/TransportWebsite/Forms/dtp-fees-and-penalties-2025-2026.xlsx","2025-2026 financial year — infringement penalties from 2025-07-01 (penalty unit $203.51)","https://www.catoappeals.com/au/vic/parking-fines/stopped-within-3-metres-of-a-public-post"
"VIC","Road Safety Road Rules 2017 (Vic)","167","793","Stopping contrary to a no stopping sign","204","1","Workbook ""Infringement Penalty from 01-Jul-2025"" column: penalty_units × $203.51 (2025-2026 penalty unit, Monetary Units Act 2004 (Vic)), rounded to the nearest dollar by the workbook itself.","Department of Transport and Planning Fees and Penalties 2025 - 2026 (Road Safety Penalties sheet)","https://edge.sitecorecloud.io/stategovernc45d-cftw-production-c9ca/media/Project/TransportWebsite/Forms/dtp-fees-and-penalties-2025-2026.xlsx","2025-2026 financial year — infringement penalties from 2025-07-01 (penalty unit $203.51)","https://www.catoappeals.com/au/vic/parking-fines/stopping-contrary-to-a-no-stopping-sign"
"QLD","James Cook University Act 1997","sch 1, s 6(2)","sch 1, s 6(2)","if the notice restricts or prohibits parking on— (a) a pedestrian crossing; or (b) a pathway for pedestrians; or (c) a way that is exclusively for bicycles","172","1","1 PU × $172.70 (2026–27), rounded down","State Penalties Enforcement Regulation 2014 (Qld), Schedule 1 — Infringement notice offences and fines","https://www.legislation.qld.gov.au/view/xml/inforce/current/sl-2014-0177","current as at 2026-08-01 (amounts derived: penalty units × $172.70, the 2026–27 penalty-unit value, rounded down to the whole dollar)","https://www.catoappeals.com/au/qld/parking-fines/jcu-act-sch-1-s-62"
"QLD","James Cook University Act 1997","sch 1, s 6(2)","sch 1, s 6(2)","if the notice has any of the following words on it, and the contravention does not involve a failure to display a permit— (a) ‘entry prohibited’; (b) ‘loading zone’; (c) ‘no entry’; (d) ‘no parking’; (e) ‘no standing’","172","1","1 PU × $172.70 (2026–27), rounded down","State Penalties Enforcement Regulation 2014 (Qld), Schedule 1 — Infringement notice offences and fines","https://www.legislation.qld.gov.au/view/xml/inforce/current/sl-2014-0177","current as at 2026-08-01 (amounts derived: penalty units × $172.70, the 2026–27 penalty-unit value, rounded down to the whole dollar)","https://www.catoappeals.com/au/qld/parking-fines/jcu-act-sch-1-s-62"
"QLD","James Cook University Act 1997","sch 1, s 6(2)","sch 1, s 6(2)","if the notice restricts or prohibits driving, parking or standing and the contravention involves a failure to display a permit","86","0.5","1/2 PU × $172.70 (2026–27), rounded down","State Penalties Enforcement Regulation 2014 (Qld), Schedule 1 — Infringement notice offences and fines","https://www.legislation.qld.gov.au/view/xml/inforce/current/sl-2014-0177","current as at 2026-08-01 (amounts derived: penalty units × $172.70, the 2026–27 penalty-unit value, rounded down to the whole dollar)","https://www.catoappeals.com/au/qld/parking-fines/jcu-act-sch-1-s-62"
"QLD","James Cook University Act 1997","sch 1, s 6(2)","sch 1, s 6(2)","if the notice prohibits or restricts any other parking or standing","86","0.5","1/2 PU × $172.70 (2026–27), rounded down","State Penalties Enforcement Regulation 2014 (Qld), Schedule 1 — Infringement notice offences and fines","https://www.legislation.qld.gov.au/view/xml/inforce/current/sl-2014-0177","current as at 2026-08-01 (amounts derived: penalty units × $172.70, the 2026–27 penalty-unit value, rounded down to the whole dollar)","https://www.catoappeals.com/au/qld/parking-fines/jcu-act-sch-1-s-62"
"QLD","Transport Operations (Road Use Management—Road Rules) Regulation 2009","s 179","s 179(1)","Stopping in a loading zone","69","0.4","2/5 PU × $172.70 (2026–27), rounded down","State Penalties Enforcement Regulation 2014 (Qld), Schedule 1 — Infringement notice offences and fines","https://www.legislation.qld.gov.au/view/xml/inforce/current/sl-2014-0177","current as at 2026-08-01 (amounts derived: penalty units × $172.70, the 2026–27 penalty-unit value, rounded down to the whole dollar)","https://www.catoappeals.com/au/qld/parking-fines/road-rules-s-179"
"QLD","Transport Operations (Road Use Management—Road Rules) Regulation 2009","s 179","s 179(2)","Stopping in a loading zone","69","0.4","2/5 PU × $172.70 (2026–27), rounded down","State Penalties Enforcement Regulation 2014 (Qld), Schedule 1 — Infringement notice offences and fines","https://www.legislation.qld.gov.au/view/xml/inforce/current/sl-2014-0177","current as at 2026-08-01 (amounts derived: penalty units × $172.70, the 2026–27 penalty-unit value, rounded down to the whole dollar)","https://www.catoappeals.com/au/qld/parking-fines/road-rules-s-179"
"QLD","Transport Operations (Road Use Management—Road Rules) Regulation 2009","s 179","s 179(2A)","Stopping in a loading zone","69","0.4","2/5 PU × $172.70 (2026–27), rounded down","State Penalties Enforcement Regulation 2014 (Qld), Schedule 1 — Infringement notice offences and fines","https://www.legislation.qld.gov.au/view/xml/inforce/current/sl-2014-0177","current as at 2026-08-01 (amounts derived: penalty units × $172.70, the 2026–27 penalty-unit value, rounded down to the whole dollar)","https://www.catoappeals.com/au/qld/parking-fines/road-rules-s-179"
"QLD","Transport Operations (Road Use Management—Road Rules) Regulation 2009","s 179","s 179(2B)","Stopping in a loading zone","69","0.4","2/5 PU × $172.70 (2026–27), rounded down","State Penalties Enforcement Regulation 2014 (Qld), Schedule 1 — Infringement notice offences and fines","https://www.legislation.qld.gov.au/view/xml/inforce/current/sl-2014-0177","current as at 2026-08-01 (amounts derived: penalty units × $172.70, the 2026–27 penalty-unit value, rounded down to the whole dollar)","https://www.catoappeals.com/au/qld/parking-fines/road-rules-s-179"
"QLD","Transport Operations (Road Use Management—Road Rules) Regulation 2009","s 213","s 213(2)","Making a motor vehicle secure","69","0.4","2/5 PU × $172.70 (2026–27), rounded down","State Penalties Enforcement Regulation 2014 (Qld), Schedule 1 — Infringement notice offences and fines","https://www.legislation.qld.gov.au/view/xml/inforce/current/sl-2014-0177","current as at 2026-08-01 (amounts derived: penalty units × $172.70, the 2026–27 penalty-unit value, rounded down to the whole dollar)","https://www.catoappeals.com/au/qld/parking-fines/road-rules-s-213"
"QLD","Transport Operations (Road Use Management—Road Rules) Regulation 2009","s 213","s 213(3)","Making a motor vehicle secure","69","0.4","2/5 PU × $172.70 (2026–27), rounded down","State Penalties Enforcement Regulation 2014 (Qld), Schedule 1 — Infringement notice offences and fines","https://www.legislation.qld.gov.au/view/xml/inforce/current/sl-2014-0177","current as at 2026-08-01 (amounts derived: penalty units × $172.70, the 2026–27 penalty-unit value, rounded down to the whole dollar)","https://www.catoappeals.com/au/qld/parking-fines/road-rules-s-213"
"QLD","Transport Operations (Road Use Management—Road Rules) Regulation 2009","s 213","s 213(4)","Making a motor vehicle secure","69","0.4","2/5 PU × $172.70 (2026–27), rounded down","State Penalties Enforcement Regulation 2014 (Qld), Schedule 1 — Infringement notice offences and fines","https://www.legislation.qld.gov.au/view/xml/inforce/current/sl-2014-0177","current as at 2026-08-01 (amounts derived: penalty units × $172.70, the 2026–27 penalty-unit value, rounded down to the whole dollar)","https://www.catoappeals.com/au/qld/parking-fines/road-rules-s-213"
"QLD","Transport Operations (Road Use Management—Road Rules) Regulation 2009","s 213","s 213(5)","Making a motor vehicle secure","69","0.4","2/5 PU × $172.70 (2026–27), rounded down","State Penalties Enforcement Regulation 2014 (Qld), Schedule 1 — Infringement notice offences and fines","https://www.legislation.qld.gov.au/view/xml/inforce/current/sl-2014-0177","current as at 2026-08-01 (amounts derived: penalty units × $172.70, the 2026–27 penalty-unit value, rounded down to the whole dollar)","https://www.catoappeals.com/au/qld/parking-fines/road-rules-s-213"
"QLD","Queensland University of Technology Act 1998","sch 1, s 7(2)","sch 1, s 7(2)","If a regulatory notice restricts or prohibits driving, parking or standing of vehicles, including restricting parking unless a fee is paid, and the contravention involves— (a) parking in a way that obstructs emergency vehicle access or traffic flow","172","1","1 PU × $172.70 (2026–27), rounded down","State Penalties Enforcement Regulation 2014 (Qld), Schedule 1 — Infringement notice offences and fines","https://www.legislation.qld.gov.au/view/xml/inforce/current/sl-2014-0177","current as at 2026-08-01 (amounts derived: penalty units × $172.70, the 2026–27 penalty-unit value, rounded down to the whole dollar)","https://www.catoappeals.com/au/qld/parking-fines/qut-act-sch-1-s-72"
"QLD","Queensland University of Technology Act 1998","sch 1, s 7(2)","sch 1, s 7(2)","If a regulatory notice restricts or prohibits driving, parking or standing of vehicles, including restricting parking unless a fee is paid, and the contravention involves— (b) any other driving, parking or standing","86","0.5","1/2 PU × $172.70 (2026–27), rounded down","State Penalties Enforcement Regulation 2014 (Qld), Schedule 1 — Infringement notice offences and fines","https://www.legislation.qld.gov.au/view/xml/inforce/current/sl-2014-0177","current as at 2026-08-01 (amounts derived: penalty units × $172.70, the 2026–27 penalty-unit value, rounded down to the whole dollar)","https://www.catoappeals.com/au/qld/parking-fines/qut-act-sch-1-s-72"
"QLD","Queensland University of Technology Act 1998","sch 1, s 7(2)","sch 1, s 7(2)","If a regulatory notice restricts or prohibits driving, parking or standing of vehicles, including restricting parking unless a fee is paid, and the contravention involves— (c) failing to pay the required fee for parking","86","0.5","1/2 PU × $172.70 (2026–27), rounded down","State Penalties Enforcement Regulation 2014 (Qld), Schedule 1 — Infringement notice offences and fines","https://www.legislation.qld.gov.au/view/xml/inforce/current/sl-2014-0177","current as at 2026-08-01 (amounts derived: penalty units × $172.70, the 2026–27 penalty-unit value, rounded down to the whole dollar)","https://www.catoappeals.com/au/qld/parking-fines/qut-act-sch-1-s-72"
"QLD","Transport Operations (Road Use Management—Road Rules) Regulation 2009","s 170","s 170(1)","Stopping in or near an intersection","69","0.4","2/5 PU × $172.70 (2026–27), rounded down","State Penalties Enforcement Regulation 2014 (Qld), Schedule 1 — Infringement notice offences and fines","https://www.legislation.qld.gov.au/view/xml/inforce/current/sl-2014-0177","current as at 2026-08-01 (amounts derived: penalty units × $172.70, the 2026–27 penalty-unit value, rounded down to the whole dollar)","https://www.catoappeals.com/au/qld/parking-fines/road-rules-s-170"
"QLD","Transport Operations (Road Use Management—Road Rules) Regulation 2009","s 170","s 170(2)","Stopping in or near an intersection","69","0.4","2/5 PU × $172.70 (2026–27), rounded down","State Penalties Enforcement Regulation 2014 (Qld), Schedule 1 — Infringement notice offences and fines","https://www.legislation.qld.gov.au/view/xml/inforce/current/sl-2014-0177","current as at 2026-08-01 (amounts derived: penalty units × $172.70, the 2026–27 penalty-unit value, rounded down to the whole dollar)","https://www.catoappeals.com/au/qld/parking-fines/road-rules-s-170"
"QLD","Transport Operations (Road Use Management—Road Rules) Regulation 2009","s 170","s 170(4)","Stopping in or near an intersection","69","0.4","2/5 PU × $172.70 (2026–27), rounded down","State Penalties Enforcement Regulation 2014 (Qld), Schedule 1 — Infringement notice offences and fines","https://www.legislation.qld.gov.au/view/xml/inforce/current/sl-2014-0177","current as at 2026-08-01 (amounts derived: penalty units × $172.70, the 2026–27 penalty-unit value, rounded down to the whole dollar)","https://www.catoappeals.com/au/qld/parking-fines/road-rules-s-170"
"QLD","Transport Operations (Road Use Management—Road Rules) Regulation 2009","s 187","s 187(1)","Stopping in a bus lane, bus only lane, tram lane, tramway, transit lane, truck lane or on tram tracks","69","0.4","2/5 PU × $172.70 (2026–27), rounded down","State Penalties Enforcement Regulation 2014 (Qld), Schedule 1 — Infringement notice offences and fines","https://www.legislation.qld.gov.au/view/xml/inforce/current/sl-2014-0177","current as at 2026-08-01 (amounts derived: penalty units × $172.70, the 2026–27 penalty-unit value, rounded down to the whole dollar)","https://www.catoappeals.com/au/qld/parking-fines/road-rules-s-187"
"QLD","Transport Operations (Road Use Management—Road Rules) Regulation 2009","s 187","s 187(2)","Stopping in a bus lane, bus only lane, tram lane, tramway, transit lane, truck lane or on tram tracks","69","0.4","2/5 PU × $172.70 (2026–27), rounded down","State Penalties Enforcement Regulation 2014 (Qld), Schedule 1 — Infringement notice offences and fines","https://www.legislation.qld.gov.au/view/xml/inforce/current/sl-2014-0177","current as at 2026-08-01 (amounts derived: penalty units × $172.70, the 2026–27 penalty-unit value, rounded down to the whole dollar)","https://www.catoappeals.com/au/qld/parking-fines/road-rules-s-187"
"QLD","Transport Operations (Road Use Management—Road Rules) Regulation 2009","s 187","s 187(3)","Stopping in a bus lane, bus only lane, tram lane, tramway, transit lane, truck lane or on tram tracks","69","0.4","2/5 PU × $172.70 (2026–27), rounded down","State Penalties Enforcement Regulation 2014 (Qld), Schedule 1 — Infringement notice offences and fines","https://www.legislation.qld.gov.au/view/xml/inforce/current/sl-2014-0177","current as at 2026-08-01 (amounts derived: penalty units × $172.70, the 2026–27 penalty-unit value, rounded down to the whole dollar)","https://www.catoappeals.com/au/qld/parking-fines/road-rules-s-187"
"QLD","Transport Operations (Road Use Management—Road Rules) Regulation 2009","s 197","s 197(1)","Stopping on a path, dividing strip, nature strip, painted island or traffic island","69","0.4","2/5 PU × $172.70 (2026–27), rounded down","State Penalties Enforcement Regulation 2014 (Qld), Schedule 1 — Infringement notice offences and fines","https://www.legislation.qld.gov.au/view/xml/inforce/current/sl-2014-0177","current as at 2026-08-01 (amounts derived: penalty units × $172.70, the 2026–27 penalty-unit value, rounded down to the whole dollar)","https://www.catoappeals.com/au/qld/parking-fines/road-rules-s-197"
"QLD","Transport Operations (Road Use Management—Road Rules) Regulation 2009","s 197","s 197(1A)","Stopping on a path, dividing strip, nature strip, painted island or traffic island","69","0.4","2/5 PU × $172.70 (2026–27), rounded down","State Penalties Enforcement Regulation 2014 (Qld), Schedule 1 — Infringement notice offences and fines","https://www.legislation.qld.gov.au/view/xml/inforce/current/sl-2014-0177","current as at 2026-08-01 (amounts derived: penalty units × $172.70, the 2026–27 penalty-unit value, rounded down to the whole dollar)","https://www.catoappeals.com/au/qld/parking-fines/road-rules-s-197"
"QLD","Transport Operations (Road Use Management—Road Rules) Regulation 2009","s 197","s 197(1B)","Stopping on a path, dividing strip, nature strip, painted island or traffic island","69","0.4","2/5 PU × $172.70 (2026–27), rounded down","State Penalties Enforcement Regulation 2014 (Qld), Schedule 1 — Infringement notice offences and fines","https://www.legislation.qld.gov.au/view/xml/inforce/current/sl-2014-0177","current as at 2026-08-01 (amounts derived: penalty units × $172.70, the 2026–27 penalty-unit value, rounded down to the whole dollar)","https://www.catoappeals.com/au/qld/parking-fines/road-rules-s-197"
"QLD","Transport Operations (Road Use Management) Act 1995","s 74(1)","s 74(1)","no parking sign","69","0.4","2/5 PU × $172.70 (2026–27), rounded down","State Penalties Enforcement Regulation 2014 (Qld), Schedule 1 — Infringement notice offences and fines","https://www.legislation.qld.gov.au/view/xml/inforce/current/sl-2014-0177","current as at 2026-08-01 (amounts derived: penalty units × $172.70, the 2026–27 penalty-unit value, rounded down to the whole dollar)","https://www.catoappeals.com/au/qld/parking-fines/torum-act-s-741"
"QLD","Transport Operations (Road Use Management) Act 1995","s 74(1)","s 74(1)","no stopping sign","69","0.4","2/5 PU × $172.70 (2026–27), rounded down","State Penalties Enforcement Regulation 2014 (Qld), Schedule 1 — Infringement notice offences and fines","https://www.legislation.qld.gov.au/view/xml/inforce/current/sl-2014-0177","current as at 2026-08-01 (amounts derived: penalty units × $172.70, the 2026–27 penalty-unit value, rounded down to the whole dollar)","https://www.catoappeals.com/au/qld/parking-fines/torum-act-s-741"
"QLD","Transport Operations (Road Use Management) Act 1995","s 74(1)","s 74(1)","E toll only no stopping sign","172","1","1 PU × $172.70 (2026–27), rounded down","State Penalties Enforcement Regulation 2014 (Qld), Schedule 1 — Infringement notice offences and fines","https://www.legislation.qld.gov.au/view/xml/inforce/current/sl-2014-0177","current as at 2026-08-01 (amounts derived: penalty units × $172.70, the 2026–27 penalty-unit value, rounded down to the whole dollar)","https://www.catoappeals.com/au/qld/parking-fines/torum-act-s-741"
"QLD","Central Queensland University Act 1998","sch 1, s 7(2)","sch 1, s 7(2)","If a regulatory notice restricts or prohibits driving, parking or standing of vehicles and the contravention involves— (a) parking in a metered space in contravention of the conditions applying to parking at the metered space; or (b) failing to display a parking permit; or (c) driving on a road contrary to the permitted direction","28","0.1667","1/6 PU × $172.70 (2026–27), rounded down","State Penalties Enforcement Regulation 2014 (Qld), Schedule 1 — Infringement notice offences and fines","https://www.legislation.qld.gov.au/view/xml/inforce/current/sl-2014-0177","current as at 2026-08-01 (amounts derived: penalty units × $172.70, the 2026–27 penalty-unit value, rounded down to the whole dollar)","https://www.catoappeals.com/au/qld/parking-fines/cqu-act-sch-1-s-72"
"QLD","Central Queensland University Act 1998","sch 1, s 7(2)","sch 1, s 7(2)","If a regulatory notice restricts or prohibits driving, parking or standing of vehicles and the contravention involves— (d) any other driving, parking or standing","57","0.3333","1/3 PU × $172.70 (2026–27), rounded down","State Penalties Enforcement Regulation 2014 (Qld), Schedule 1 — Infringement notice offences and fines","https://www.legislation.qld.gov.au/view/xml/inforce/current/sl-2014-0177","current as at 2026-08-01 (amounts derived: penalty units × $172.70, the 2026–27 penalty-unit value, rounded down to the whole dollar)","https://www.catoappeals.com/au/qld/parking-fines/cqu-act-sch-1-s-72"
"QLD","Griffith University Act 1998","sch 1, s 7(2)","sch 1, s 7(2)","if the regulatory notice restricts or prohibits the parking or standing of vehicles and the contravention involves— (a) failing to display a permit; or (b) parking in a marked space with any part of the vehicle outside the boundary of the space; or (c) parking in a metered space in contravention of the conditions applying to parking at the metered space","86","0.5","1/2 PU × $172.70 (2026–27), rounded down","State Penalties Enforcement Regulation 2014 (Qld), Schedule 1 — Infringement notice offences and fines","https://www.legislation.qld.gov.au/view/xml/inforce/current/sl-2014-0177","current as at 2026-08-01 (amounts derived: penalty units × $172.70, the 2026–27 penalty-unit value, rounded down to the whole dollar)","https://www.catoappeals.com/au/qld/parking-fines/griffith-act-sch-1-s-72"
"QLD","Griffith University Act 1998","sch 1, s 7(2)","sch 1, s 7(2)","if the contravention involves any other driving, parking or operating vehicles contrary to a regulatory notice","172","1","1 PU × $172.70 (2026–27), rounded down","State Penalties Enforcement Regulation 2014 (Qld), Schedule 1 — Infringement notice offences and fines","https://www.legislation.qld.gov.au/view/xml/inforce/current/sl-2014-0177","current as at 2026-08-01 (amounts derived: penalty units × $172.70, the 2026–27 penalty-unit value, rounded down to the whole dollar)","https://www.catoappeals.com/au/qld/parking-fines/griffith-act-sch-1-s-72"
"QLD","Transport Operations (Road Use Management—Road Rules) Regulation 2009","s 192","s 192(1)","Stopping on a bridge or in a tunnel etc.","69","0.4","2/5 PU × $172.70 (2026–27), rounded down","State Penalties Enforcement Regulation 2014 (Qld), Schedule 1 — Infringement notice offences and fines","https://www.legislation.qld.gov.au/view/xml/inforce/current/sl-2014-0177","current as at 2026-08-01 (amounts derived: penalty units × $172.70, the 2026–27 penalty-unit value, rounded down to the whole dollar)","https://www.catoappeals.com/au/qld/parking-fines/road-rules-s-192"
"QLD","Transport Operations (Road Use Management—Road Rules) Regulation 2009","s 192","s 192(2)","Stopping on a bridge or in a tunnel etc.","69","0.4","2/5 PU × $172.70 (2026–27), rounded down","State Penalties Enforcement Regulation 2014 (Qld), Schedule 1 — Infringement notice offences and fines","https://www.legislation.qld.gov.au/view/xml/inforce/current/sl-2014-0177","current as at 2026-08-01 (amounts derived: penalty units × $172.70, the 2026–27 penalty-unit value, rounded down to the whole dollar)","https://www.catoappeals.com/au/qld/parking-fines/road-rules-s-192"
"QLD","Transport Operations (Road Use Management—Road Rules) Regulation 2009","s 198","s 198(1)","Obstructing access to and from a footpath, driveway etc.","69","0.4","2/5 PU × $172.70 (2026–27), rounded down","State Penalties Enforcement Regulation 2014 (Qld), Schedule 1 — Infringement notice offences and fines","https://www.legislation.qld.gov.au/view/xml/inforce/current/sl-2014-0177","current as at 2026-08-01 (amounts derived: penalty units × $172.70, the 2026–27 penalty-unit value, rounded down to the whole dollar)","https://www.catoappeals.com/au/qld/parking-fines/road-rules-s-198"
"QLD","Transport Operations (Road Use Management—Road Rules) Regulation 2009","s 198","s 198(2)","Obstructing access to and from a footpath, driveway etc.","69","0.4","2/5 PU × $172.70 (2026–27), rounded down","State Penalties Enforcement Regulation 2014 (Qld), Schedule 1 — Infringement notice offences and fines","https://www.legislation.qld.gov.au/view/xml/inforce/current/sl-2014-0177","current as at 2026-08-01 (amounts derived: penalty units × $172.70, the 2026–27 penalty-unit value, rounded down to the whole dollar)","https://www.catoappeals.com/au/qld/parking-fines/road-rules-s-198"
"QLD","Transport Operations (Road Use Management—Road Rules) Regulation 2009","s 200","s 200(1)","Stopping on roads—heavy and long vehicles","69","0.4","2/5 PU × $172.70 (2026–27), rounded down","State Penalties Enforcement Regulation 2014 (Qld), Schedule 1 — Infringement notice offences and fines","https://www.legislation.qld.gov.au/view/xml/inforce/current/sl-2014-0177","current as at 2026-08-01 (amounts derived: penalty units × $172.70, the 2026–27 penalty-unit value, rounded down to the whole dollar)","https://www.catoappeals.com/au/qld/parking-fines/road-rules-s-200"
"QLD","Transport Operations (Road Use Management—Road Rules) Regulation 2009","s 200","s 200(2)","Stopping on roads—heavy and long vehicles","172","1","1 PU × $172.70 (2026–27), rounded down","State Penalties Enforcement Regulation 2014 (Qld), Schedule 1 — Infringement notice offences and fines","https://www.legislation.qld.gov.au/view/xml/inforce/current/sl-2014-0177","current as at 2026-08-01 (amounts derived: penalty units × $172.70, the 2026–27 penalty-unit value, rounded down to the whole dollar)","https://www.catoappeals.com/au/qld/parking-fines/road-rules-s-200"
"QLD","Transport Operations (Road Use Management—Road Rules) Regulation 2009","s 211","s 211(2)","Parking in parking bays","69","0.4","2/5 PU × $172.70 (2026–27), rounded down","State Penalties Enforcement Regulation 2014 (Qld), Schedule 1 — Infringement notice offences and fines","https://www.legislation.qld.gov.au/view/xml/inforce/current/sl-2014-0177","current as at 2026-08-01 (amounts derived: penalty units × $172.70, the 2026–27 penalty-unit value, rounded down to the whole dollar)","https://www.catoappeals.com/au/qld/parking-fines/road-rules-s-211"
"QLD","Transport Operations (Road Use Management—Road Rules) Regulation 2009","s 211","s 211(3)","Parking in parking bays","69","0.4","2/5 PU × $172.70 (2026–27), rounded down","State Penalties Enforcement Regulation 2014 (Qld), Schedule 1 — Infringement notice offences and fines","https://www.legislation.qld.gov.au/view/xml/inforce/current/sl-2014-0177","current as at 2026-08-01 (amounts derived: penalty units × $172.70, the 2026–27 penalty-unit value, rounded down to the whole dollar)","https://www.catoappeals.com/au/qld/parking-fines/road-rules-s-211"
"QLD","Transport Operations (Road Use Management—Road Rules) Regulation 2009","s 212","s 212(1)","Entering and leaving a median strip parking area","69","0.4","2/5 PU × $172.70 (2026–27), rounded down","State Penalties Enforcement Regulation 2014 (Qld), Schedule 1 — Infringement notice offences and fines","https://www.legislation.qld.gov.au/view/xml/inforce/current/sl-2014-0177","current as at 2026-08-01 (amounts derived: penalty units × $172.70, the 2026–27 penalty-unit value, rounded down to the whole dollar)","https://www.catoappeals.com/au/qld/parking-fines/road-rules-s-212"
"QLD","Transport Operations (Road Use Management—Road Rules) Regulation 2009","s 212","s 212(2)","Entering and leaving a median strip parking area","241","1.4","1 2/5 PU × $172.70 (2026–27), rounded down","State Penalties Enforcement Regulation 2014 (Qld), Schedule 1 — Infringement notice offences and fines","https://www.legislation.qld.gov.au/view/xml/inforce/current/sl-2014-0177","current as at 2026-08-01 (amounts derived: penalty units × $172.70, the 2026–27 penalty-unit value, rounded down to the whole dollar)","https://www.catoappeals.com/au/qld/parking-fines/road-rules-s-212"
"QLD","Transport Infrastructure Act 1994","s 282J","s 282J","for a contravention of a requirement of a port notice about— (d) parking or stopping of vehicles— (i) for a notice by the Far North Queensland Ports Corporation Limited","345","2","2 PU × $172.70 (2026–27), rounded down","State Penalties Enforcement Regulation 2014 (Qld), Schedule 1 — Infringement notice offences and fines","https://www.legislation.qld.gov.au/view/xml/inforce/current/sl-2014-0177","current as at 2026-08-01 (amounts derived: penalty units × $172.70, the 2026–27 penalty-unit value, rounded down to the whole dollar)","https://www.catoappeals.com/au/qld/parking-fines/transport-infrastructure-act-s-282j"
"QLD","Transport Infrastructure Act 1994","s 282J","s 282J","for a contravention of a requirement of a port notice about— (d) parking or stopping of vehicles— (ii) for another notice","345","2","2 PU × $172.70 (2026–27), rounded down","State Penalties Enforcement Regulation 2014 (Qld), Schedule 1 — Infringement notice offences and fines","https://www.legislation.qld.gov.au/view/xml/inforce/current/sl-2014-0177","current as at 2026-08-01 (amounts derived: penalty units × $172.70, the 2026–27 penalty-unit value, rounded down to the whole dollar)","https://www.catoappeals.com/au/qld/parking-fines/transport-infrastructure-act-s-282j"
"QLD","University of Queensland Act 1998","sch 1, s 7(2)","sch 1, s 7(2)","If a regulatory notice restricts or prohibits driving, parking or standing of vehicles and the contravention involves— (c) parking— (a) driving or parking on a site not set aside for that purpose by the vice-chancellor; or (b) failing to obey a traffic sign; or (i) on a pedestrian crossing; or (ii) in a disabled parking space without a valid permit; or (iii) adjacent to a yellow kerb line or railing; or (iv) in a way obstructing the free passage of other vehicles or pedestrians","172","1","1 PU × $172.70 (2026–27), rounded down","State Penalties Enforcement Regulation 2014 (Qld), Schedule 1 — Infringement notice offences and fines","https://www.legislation.qld.gov.au/view/xml/inforce/current/sl-2014-0177","current as at 2026-08-01 (amounts derived: penalty units × $172.70, the 2026–27 penalty-unit value, rounded down to the whole dollar)","https://www.catoappeals.com/au/qld/parking-fines/uq-act-sch-1-s-72"
"QLD","University of Queensland Act 1998","sch 1, s 7(2)","sch 1, s 7(2)","If a regulatory notice restricts or prohibits driving, parking or standing of vehicles and the contravention involves— (d) any other driving, parking or standing","86","0.5","1/2 PU × $172.70 (2026–27), rounded down","State Penalties Enforcement Regulation 2014 (Qld), Schedule 1 — Infringement notice offences and fines","https://www.legislation.qld.gov.au/view/xml/inforce/current/sl-2014-0177","current as at 2026-08-01 (amounts derived: penalty units × $172.70, the 2026–27 penalty-unit value, rounded down to the whole dollar)","https://www.catoappeals.com/au/qld/parking-fines/uq-act-sch-1-s-72"
"QLD","University of Southern Queensland Act 1998","sch 1, s 7(2)","sch 1, s 7(2)","If a regulatory notice restricts or prohibits driving, parking or standing of vehicles and the contravention involves— (a) parking in a metered space in contravention of the conditions applying to parking at the metered space; or (b) failing to display a parking permit; or (c) driving on a road contrary to the permitted direction","28","0.1667","1/6 PU × $172.70 (2026–27), rounded down","State Penalties Enforcement Regulation 2014 (Qld), Schedule 1 — Infringement notice offences and fines","https://www.legislation.qld.gov.au/view/xml/inforce/current/sl-2014-0177","current as at 2026-08-01 (amounts derived: penalty units × $172.70, the 2026–27 penalty-unit value, rounded down to the whole dollar)","https://www.catoappeals.com/au/qld/parking-fines/usq-act-sch-1-s-72"
"QLD","University of Southern Queensland Act 1998","sch 1, s 7(2)","sch 1, s 7(2)","If a regulatory notice restricts or prohibits driving, parking or standing of vehicles and the contravention involves— (d) any other driving, parking or standing","57","0.3333","1/3 PU × $172.70 (2026–27), rounded down","State Penalties Enforcement Regulation 2014 (Qld), Schedule 1 — Infringement notice offences and fines","https://www.legislation.qld.gov.au/view/xml/inforce/current/sl-2014-0177","current as at 2026-08-01 (amounts derived: penalty units × $172.70, the 2026–27 penalty-unit value, rounded down to the whole dollar)","https://www.catoappeals.com/au/qld/parking-fines/usq-act-sch-1-s-72"
"QLD","Airport Assets (Restructuring and Disposal) Act 2008","s 67","s 67","in the circumstances in paragraph (c) of the penalty— (a) if the requirement is about the parking or stopping of vehicles","86","0.5","1/2 PU × $172.70 (2026–27), rounded down","State Penalties Enforcement Regulation 2014 (Qld), Schedule 1 — Infringement notice offences and fines","https://www.legislation.qld.gov.au/view/xml/inforce/current/sl-2014-0177","current as at 2026-08-01 (amounts derived: penalty units × $172.70, the 2026–27 penalty-unit value, rounded down to the whole dollar)","https://www.catoappeals.com/au/qld/parking-fines/airport-assets-act-s-67"
"QLD","Transport Infrastructure (Rail) Regulation 2017","s 26(3)","s 26(3)","Driving and parking vehicles generally — A person must not park a vehicle on a railway other than in a designated parking space.","345","2","2 PU × $172.70 (2026–27), rounded down","State Penalties Enforcement Regulation 2014 (Qld), Schedule 1 — Infringement notice offences and fines","https://www.legislation.qld.gov.au/view/xml/inforce/current/sl-2014-0177","current as at 2026-08-01 (amounts derived: penalty units × $172.70, the 2026–27 penalty-unit value, rounded down to the whole dollar)","https://www.catoappeals.com/au/qld/parking-fines/rail-reg-2017-s-263"
"QLD","Transport Operations (Road Use Management—Road Rules) Regulation 2009","s 167","s 167","No stopping signs","69","0.4","2/5 PU × $172.70 (2026–27), rounded down","State Penalties Enforcement Regulation 2014 (Qld), Schedule 1 — Infringement notice offences and fines","https://www.legislation.qld.gov.au/view/xml/inforce/current/sl-2014-0177","current as at 2026-08-01 (amounts derived: penalty units × $172.70, the 2026–27 penalty-unit value, rounded down to the whole dollar)","https://www.catoappeals.com/au/qld/parking-fines/road-rules-s-167"
"QLD","Transport Operations (Road Use Management—Road Rules) Regulation 2009","s 168","s 168(1)","No parking signs","69","0.4","2/5 PU × $172.70 (2026–27), rounded down","State Penalties Enforcement Regulation 2014 (Qld), Schedule 1 — Infringement notice offences and fines","https://www.legislation.qld.gov.au/view/xml/inforce/current/sl-2014-0177","current as at 2026-08-01 (amounts derived: penalty units × $172.70, the 2026–27 penalty-unit value, rounded down to the whole dollar)","https://www.catoappeals.com/au/qld/parking-fines/road-rules-s-168"
"QLD","Transport Operations (Road Use Management—Road Rules) Regulation 2009","s 169","s 169","No stopping on a road with a yellow edge line","69","0.4","2/5 PU × $172.70 (2026–27), rounded down","State Penalties Enforcement Regulation 2014 (Qld), Schedule 1 — Infringement notice offences and fines","https://www.legislation.qld.gov.au/view/xml/inforce/current/sl-2014-0177","current as at 2026-08-01 (amounts derived: penalty units × $172.70, the 2026–27 penalty-unit value, rounded down to the whole dollar)","https://www.catoappeals.com/au/qld/parking-fines/road-rules-s-169"
"QLD","Transport Operations (Road Use Management—Road Rules) Regulation 2009","s 171","s 171(1)","Stopping on or near a children’s crossing","69","0.4","2/5 PU × $172.70 (2026–27), rounded down","State Penalties Enforcement Regulation 2014 (Qld), Schedule 1 — Infringement notice offences and fines","https://www.legislation.qld.gov.au/view/xml/inforce/current/sl-2014-0177","current as at 2026-08-01 (amounts derived: penalty units × $172.70, the 2026–27 penalty-unit value, rounded down to the whole dollar)","https://www.catoappeals.com/au/qld/parking-fines/road-rules-s-171"
"QLD","Transport Operations (Road Use Management—Road Rules) Regulation 2009","s 172","s 172(1)","Stopping on or near a pedestrian crossing (except at an intersection)","69","0.4","2/5 PU × $172.70 (2026–27), rounded down","State Penalties Enforcement Regulation 2014 (Qld), Schedule 1 — Infringement notice offences and fines","https://www.legislation.qld.gov.au/view/xml/inforce/current/sl-2014-0177","current as at 2026-08-01 (amounts derived: penalty units × $172.70, the 2026–27 penalty-unit value, rounded down to the whole dollar)","https://www.catoappeals.com/au/qld/parking-fines/road-rules-s-172"
"QLD","Transport Operations (Road Use Management—Road Rules) Regulation 2009","s 173","s 173(1)","Stopping on or near a marked foot crossing (except at an intersection)","69","0.4","2/5 PU × $172.70 (2026–27), rounded down","State Penalties Enforcement Regulation 2014 (Qld), Schedule 1 — Infringement notice offences and fines","https://www.legislation.qld.gov.au/view/xml/inforce/current/sl-2014-0177","current as at 2026-08-01 (amounts derived: penalty units × $172.70, the 2026–27 penalty-unit value, rounded down to the whole dollar)","https://www.catoappeals.com/au/qld/parking-fines/road-rules-s-173"
"QLD","Transport Operations (Road Use Management—Road Rules) Regulation 2009","s 174","s 174(2)","Stopping on or near a bicycle crossing (except at an intersection)","69","0.4","2/5 PU × $172.70 (2026–27), rounded down","State Penalties Enforcement Regulation 2014 (Qld), Schedule 1 — Infringement notice offences and fines","https://www.legislation.qld.gov.au/view/xml/inforce/current/sl-2014-0177","current as at 2026-08-01 (amounts derived: penalty units × $172.70, the 2026–27 penalty-unit value, rounded down to the whole dollar)","https://www.catoappeals.com/au/qld/parking-fines/road-rules-s-174"
"QLD","Transport Operations (Road Use Management—Road Rules) Regulation 2009","s 175","s 175(1)","Stopping on or near a level crossing","264","1.5333","1 8/15 PU × $172.70 (2026–27), rounded down","State Penalties Enforcement Regulation 2014 (Qld), Schedule 1 — Infringement notice offences and fines","https://www.legislation.qld.gov.au/view/xml/inforce/current/sl-2014-0177","current as at 2026-08-01 (amounts derived: penalty units × $172.70, the 2026–27 penalty-unit value, rounded down to the whole dollar)","https://www.catoappeals.com/au/qld/parking-fines/road-rules-s-175"
"QLD","Transport Operations (Road Use Management—Road Rules) Regulation 2009","s 176","s 176(1)","Stopping on a clearway","264","1.5333","1 8/15 PU × $172.70 (2026–27), rounded down","State Penalties Enforcement Regulation 2014 (Qld), Schedule 1 — Infringement notice offences and fines","https://www.legislation.qld.gov.au/view/xml/inforce/current/sl-2014-0177","current as at 2026-08-01 (amounts derived: penalty units × $172.70, the 2026–27 penalty-unit value, rounded down to the whole dollar)","https://www.catoappeals.com/au/qld/parking-fines/road-rules-s-176"
"QLD","Transport Operations (Road Use Management—Road Rules) Regulation 2009","s 177","s 177(1)","Stopping on a freeway","69","0.4","2/5 PU × $172.70 (2026–27), rounded down","State Penalties Enforcement Regulation 2014 (Qld), Schedule 1 — Infringement notice offences and fines","https://www.legislation.qld.gov.au/view/xml/inforce/current/sl-2014-0177","current as at 2026-08-01 (amounts derived: penalty units × $172.70, the 2026–27 penalty-unit value, rounded down to the whole dollar)","https://www.catoappeals.com/au/qld/parking-fines/road-rules-s-177"
"QLD","Transport Operations (Road Use Management—Road Rules) Regulation 2009","s 178","s 178","Stopping in an emergency stopping lane","69","0.4","2/5 PU × $172.70 (2026–27), rounded down","State Penalties Enforcement Regulation 2014 (Qld), Schedule 1 — Infringement notice offences and fines","https://www.legislation.qld.gov.au/view/xml/inforce/current/sl-2014-0177","current as at 2026-08-01 (amounts derived: penalty units × $172.70, the 2026–27 penalty-unit value, rounded down to the whole dollar)","https://www.catoappeals.com/au/qld/parking-fines/road-rules-s-178"
"QLD","Transport Operations (Road Use Management—Road Rules) Regulation 2009","s 180","s 180(1)","Stopping in a truck zone","69","0.4","2/5 PU × $172.70 (2026–27), rounded down","State Penalties Enforcement Regulation 2014 (Qld), Schedule 1 — Infringement notice offences and fines","https://www.legislation.qld.gov.au/view/xml/inforce/current/sl-2014-0177","current as at 2026-08-01 (amounts derived: penalty units × $172.70, the 2026–27 penalty-unit value, rounded down to the whole dollar)","https://www.catoappeals.com/au/qld/parking-fines/road-rules-s-180"
"QLD","Transport Operations (Road Use Management—Road Rules) Regulation 2009","s 181","s 181(1)","Stopping in a works zone","69","0.4","2/5 PU × $172.70 (2026–27), rounded down","State Penalties Enforcement Regulation 2014 (Qld), Schedule 1 — Infringement notice offences and fines","https://www.legislation.qld.gov.au/view/xml/inforce/current/sl-2014-0177","current as at 2026-08-01 (amounts derived: penalty units × $172.70, the 2026–27 penalty-unit value, rounded down to the whole dollar)","https://www.catoappeals.com/au/qld/parking-fines/road-rules-s-181"
"QLD","Transport Operations (Road Use Management—Road Rules) Regulation 2009","s 182","s 182(1)","Stopping in a taxi zone","345","2","2 PU × $172.70 (2026–27), rounded down","State Penalties Enforcement Regulation 2014 (Qld), Schedule 1 — Infringement notice offences and fines","https://www.legislation.qld.gov.au/view/xml/inforce/current/sl-2014-0177","current as at 2026-08-01 (amounts derived: penalty units × $172.70, the 2026–27 penalty-unit value, rounded down to the whole dollar)","https://www.catoappeals.com/au/qld/parking-fines/road-rules-s-182"
"QLD","Transport Operations (Road Use Management—Road Rules) Regulation 2009","s 183","s 183(1)","Stopping in a bus zone","69","0.4","2/5 PU × $172.70 (2026–27), rounded down","State Penalties Enforcement Regulation 2014 (Qld), Schedule 1 — Infringement notice offences and fines","https://www.legislation.qld.gov.au/view/xml/inforce/current/sl-2014-0177","current as at 2026-08-01 (amounts derived: penalty units × $172.70, the 2026–27 penalty-unit value, rounded down to the whole dollar)","https://www.catoappeals.com/au/qld/parking-fines/road-rules-s-183"
"QLD","Transport Operations (Road Use Management—Road Rules) Regulation 2009","s 185","s 185(1)","Stopping in a permit zone","69","0.4","2/5 PU × $172.70 (2026–27), rounded down","State Penalties Enforcement Regulation 2014 (Qld), Schedule 1 — Infringement notice offences and fines","https://www.legislation.qld.gov.au/view/xml/inforce/current/sl-2014-0177","current as at 2026-08-01 (amounts derived: penalty units × $172.70, the 2026–27 penalty-unit value, rounded down to the whole dollar)","https://www.catoappeals.com/au/qld/parking-fines/road-rules-s-185"
"QLD","Transport Operations (Road Use Management—Road Rules) Regulation 2009","s 186","s 186(1)","Stopping in a mail zone","69","0.4","2/5 PU × $172.70 (2026–27), rounded down","State Penalties Enforcement Regulation 2014 (Qld), Schedule 1 — Infringement notice offences and fines","https://www.legislation.qld.gov.au/view/xml/inforce/current/sl-2014-0177","current as at 2026-08-01 (amounts derived: penalty units × $172.70, the 2026–27 penalty-unit value, rounded down to the whole dollar)","https://www.catoappeals.com/au/qld/parking-fines/road-rules-s-186"
"QLD","Transport Operations (Road Use Management—Road Rules) Regulation 2009","s 188","s 188","Stopping in a shared zone","69","0.4","2/5 PU × $172.70 (2026–27), rounded down","State Penalties Enforcement Regulation 2014 (Qld), Schedule 1 — Infringement notice offences and fines","https://www.legislation.qld.gov.au/view/xml/inforce/current/sl-2014-0177","current as at 2026-08-01 (amounts derived: penalty units × $172.70, the 2026–27 penalty-unit value, rounded down to the whole dollar)","https://www.catoappeals.com/au/qld/parking-fines/road-rules-s-188"
"QLD","Transport Operations (Road Use Management—Road Rules) Regulation 2009","s 189","s 189(1)","Double parking","69","0.4","2/5 PU × $172.70 (2026–27), rounded down","State Penalties Enforcement Regulation 2014 (Qld), Schedule 1 — Infringement notice offences and fines","https://www.legislation.qld.gov.au/view/xml/inforce/current/sl-2014-0177","current as at 2026-08-01 (amounts derived: penalty units × $172.70, the 2026–27 penalty-unit value, rounded down to the whole dollar)","https://www.catoappeals.com/au/qld/parking-fines/road-rules-s-189"
"QLD","Transport Operations (Road Use Management—Road Rules) Regulation 2009","s 190","s 190(1)","Stopping in or near a safety zone","69","0.4","2/5 PU × $172.70 (2026–27), rounded down","State Penalties Enforcement Regulation 2014 (Qld), Schedule 1 — Infringement notice offences and fines","https://www.legislation.qld.gov.au/view/xml/inforce/current/sl-2014-0177","current as at 2026-08-01 (amounts derived: penalty units × $172.70, the 2026–27 penalty-unit value, rounded down to the whole dollar)","https://www.catoappeals.com/au/qld/parking-fines/road-rules-s-190"
"QLD","Transport Operations (Road Use Management—Road Rules) Regulation 2009","s 191","s 191","Stopping near an obstruction","69","0.4","2/5 PU × $172.70 (2026–27), rounded down","State Penalties Enforcement Regulation 2014 (Qld), Schedule 1 — Infringement notice offences and fines","https://www.legislation.qld.gov.au/view/xml/inforce/current/sl-2014-0177","current as at 2026-08-01 (amounts derived: penalty units × $172.70, the 2026–27 penalty-unit value, rounded down to the whole dollar)","https://www.catoappeals.com/au/qld/parking-fines/road-rules-s-191"
"QLD","Transport Operations (Road Use Management—Road Rules) Regulation 2009","s 193","s 193(1)","Stopping on a crest or curve outside a built-up area","69","0.4","2/5 PU × $172.70 (2026–27), rounded down","State Penalties Enforcement Regulation 2014 (Qld), Schedule 1 — Infringement notice offences and fines","https://www.legislation.qld.gov.au/view/xml/inforce/current/sl-2014-0177","current as at 2026-08-01 (amounts derived: penalty units × $172.70, the 2026–27 penalty-unit value, rounded down to the whole dollar)","https://www.catoappeals.com/au/qld/parking-fines/road-rules-s-193"
"QLD","Transport Operations (Road Use Management—Road Rules) Regulation 2009","s 194","s 194(1)","Stopping near a fire hydrant etc.","69","0.4","2/5 PU × $172.70 (2026–27), rounded down","State Penalties Enforcement Regulation 2014 (Qld), Schedule 1 — Infringement notice offences and fines","https://www.legislation.qld.gov.au/view/xml/inforce/current/sl-2014-0177","current as at 2026-08-01 (amounts derived: penalty units × $172.70, the 2026–27 penalty-unit value, rounded down to the whole dollar)","https://www.catoappeals.com/au/qld/parking-fines/road-rules-s-194"
"QLD","Transport Operations (Road Use Management—Road Rules) Regulation 2009","s 195","s 195(1)","Stopping at or near a bus stop","69","0.4","2/5 PU × $172.70 (2026–27), rounded down","State Penalties Enforcement Regulation 2014 (Qld), Schedule 1 — Infringement notice offences and fines","https://www.legislation.qld.gov.au/view/xml/inforce/current/sl-2014-0177","current as at 2026-08-01 (amounts derived: penalty units × $172.70, the 2026–27 penalty-unit value, rounded down to the whole dollar)","https://www.catoappeals.com/au/qld/parking-fines/road-rules-s-195"
"QLD","Transport Operations (Road Use Management—Road Rules) Regulation 2009","s 196","s 196(1)","Stopping at or near a tram stop","69","0.4","2/5 PU × $172.70 (2026–27), rounded down","State Penalties Enforcement Regulation 2014 (Qld), Schedule 1 — Infringement notice offences and fines","https://www.legislation.qld.gov.au/view/xml/inforce/current/sl-2014-0177","current as at 2026-08-01 (amounts derived: penalty units × $172.70, the 2026–27 penalty-unit value, rounded down to the whole dollar)","https://www.catoappeals.com/au/qld/parking-fines/road-rules-s-196"
"QLD","Transport Operations (Road Use Management—Road Rules) Regulation 2009","s 199","s 199","Stopping near a postbox","69","0.4","2/5 PU × $172.70 (2026–27), rounded down","State Penalties Enforcement Regulation 2014 (Qld), Schedule 1 — Infringement notice offences and fines","https://www.legislation.qld.gov.au/view/xml/inforce/current/sl-2014-0177","current as at 2026-08-01 (amounts derived: penalty units × $172.70, the 2026–27 penalty-unit value, rounded down to the whole dollar)","https://www.catoappeals.com/au/qld/parking-fines/road-rules-s-199"
"QLD","Transport Operations (Road Use Management—Road Rules) Regulation 2009","s 201","s 201","Stopping on a road with bicycle parking sign","69","0.4","2/5 PU × $172.70 (2026–27), rounded down","State Penalties Enforcement Regulation 2014 (Qld), Schedule 1 — Infringement notice offences and fines","https://www.legislation.qld.gov.au/view/xml/inforce/current/sl-2014-0177","current as at 2026-08-01 (amounts derived: penalty units × $172.70, the 2026–27 penalty-unit value, rounded down to the whole dollar)","https://www.catoappeals.com/au/qld/parking-fines/road-rules-s-201"
"QLD","Transport Operations (Road Use Management—Road Rules) Regulation 2009","s 202","s 202","Stopping on a road with motorbike parking sign","69","0.4","2/5 PU × $172.70 (2026–27), rounded down","State Penalties Enforcement Regulation 2014 (Qld), Schedule 1 — Infringement notice offences and fines","https://www.legislation.qld.gov.au/view/xml/inforce/current/sl-2014-0177","current as at 2026-08-01 (amounts derived: penalty units × $172.70, the 2026–27 penalty-unit value, rounded down to the whole dollar)","https://www.catoappeals.com/au/qld/parking-fines/road-rules-s-202"
"QLD","Transport Operations (Road Use Management—Road Rules) Regulation 2009","s 203","s 203(1)","Stopping in a parking area for people with disabilities","690","4","4 PU × $172.70 (2026–27), rounded down","State Penalties Enforcement Regulation 2014 (Qld), Schedule 1 — Infringement notice offences and fines","https://www.legislation.qld.gov.au/view/xml/inforce/current/sl-2014-0177","current as at 2026-08-01 (amounts derived: penalty units × $172.70, the 2026–27 penalty-unit value, rounded down to the whole dollar)","https://www.catoappeals.com/au/qld/parking-fines/road-rules-s-203"
"QLD","Transport Operations (Road Use Management—Road Rules) Regulation 2009","s 203A","s 203A","Stopping in a slip lane","69","0.4","2/5 PU × $172.70 (2026–27), rounded down","State Penalties Enforcement Regulation 2014 (Qld), Schedule 1 — Infringement notice offences and fines","https://www.legislation.qld.gov.au/view/xml/inforce/current/sl-2014-0177","current as at 2026-08-01 (amounts derived: penalty units × $172.70, the 2026–27 penalty-unit value, rounded down to the whole dollar)","https://www.catoappeals.com/au/qld/parking-fines/road-rules-s-203a"
"QLD","Transport Operations (Road Use Management—Road Rules) Regulation 2009","s 203C","s 203C(1)","Stopping in a parking area for the charging of electric-powered vehicles","69","0.4","2/5 PU × $172.70 (2026–27), rounded down","State Penalties Enforcement Regulation 2014 (Qld), Schedule 1 — Infringement notice offences and fines","https://www.legislation.qld.gov.au/view/xml/inforce/current/sl-2014-0177","current as at 2026-08-01 (amounts derived: penalty units × $172.70, the 2026–27 penalty-unit value, rounded down to the whole dollar)","https://www.catoappeals.com/au/qld/parking-fines/road-rules-s-203c"
"QLD","Transport Operations (Road Use Management—Road Rules) Regulation 2009","s 205","s 205(1)","Parking for longer than indicated","69","0.4","2/5 PU × $172.70 (2026–27), rounded down","State Penalties Enforcement Regulation 2014 (Qld), Schedule 1 — Infringement notice offences and fines","https://www.legislation.qld.gov.au/view/xml/inforce/current/sl-2014-0177","current as at 2026-08-01 (amounts derived: penalty units × $172.70, the 2026–27 penalty-unit value, rounded down to the whole dollar)","https://www.catoappeals.com/au/qld/parking-fines/road-rules-s-205"
"QLD","Transport Operations (Road Use Management—Road Rules) Regulation 2009","s 208","s 208(1)","Parallel parking on a road (except in a median strip parking area)","69","0.4","2/5 PU × $172.70 (2026–27), rounded down","State Penalties Enforcement Regulation 2014 (Qld), Schedule 1 — Infringement notice offences and fines","https://www.legislation.qld.gov.au/view/xml/inforce/current/sl-2014-0177","current as at 2026-08-01 (amounts derived: penalty units × $172.70, the 2026–27 penalty-unit value, rounded down to the whole dollar)","https://www.catoappeals.com/au/qld/parking-fines/road-rules-s-208"
"QLD","Transport Operations (Road Use Management—Road Rules) Regulation 2009","s 208A","s 208A(1)","Parallel parking in a road-related area (except in a median strip parking area)","69","0.4","2/5 PU × $172.70 (2026–27), rounded down","State Penalties Enforcement Regulation 2014 (Qld), Schedule 1 — Infringement notice offences and fines","https://www.legislation.qld.gov.au/view/xml/inforce/current/sl-2014-0177","current as at 2026-08-01 (amounts derived: penalty units × $172.70, the 2026–27 penalty-unit value, rounded down to the whole dollar)","https://www.catoappeals.com/au/qld/parking-fines/road-rules-s-208a"
"QLD","Transport Operations (Road Use Management—Road Rules) Regulation 2009","s 209","s 209(2)","Parallel parking in a median strip parking area","69","0.4","2/5 PU × $172.70 (2026–27), rounded down","State Penalties Enforcement Regulation 2014 (Qld), Schedule 1 — Infringement notice offences and fines","https://www.legislation.qld.gov.au/view/xml/inforce/current/sl-2014-0177","current as at 2026-08-01 (amounts derived: penalty units × $172.70, the 2026–27 penalty-unit value, rounded down to the whole dollar)","https://www.catoappeals.com/au/qld/parking-fines/road-rules-s-209"
"QLD","Transport Operations (Road Use Management—Road Rules) Regulation 2009","s 210","s 210(1)","Angle parking","69","0.4","2/5 PU × $172.70 (2026–27), rounded down","State Penalties Enforcement Regulation 2014 (Qld), Schedule 1 — Infringement notice offences and fines","https://www.legislation.qld.gov.au/view/xml/inforce/current/sl-2014-0177","current as at 2026-08-01 (amounts derived: penalty units × $172.70, the 2026–27 penalty-unit value, rounded down to the whole dollar)","https://www.catoappeals.com/au/qld/parking-fines/road-rules-s-210"
"QLD","Traffic Regulation 1962","s 69","s 69","Permit copied, damaged etc.","345","2","2 PU × $172.70 (2026–27), rounded down","State Penalties Enforcement Regulation 2014 (Qld), Schedule 1 — Infringement notice offences and fines","https://www.legislation.qld.gov.au/view/xml/inforce/current/sl-2014-0177","current as at 2026-08-01 (amounts derived: penalty units × $172.70, the 2026–27 penalty-unit value, rounded down to the whole dollar)","https://www.catoappeals.com/au/qld/parking-fines/traffic-reg-1962-s-69"
"QLD","University of the Sunshine Coast Act 1998","sch 1, s 7(2)","sch 1, s 7(2)","If the regulatory notice restricts or prohibits the driving, parking or standing of vehicles and the contravention involves— (a) failing to display a permit; or (b) parking in a marked space with any part of the vehicle outside the boundary of the space; or (c) parking in a metered space in contravention of the conditions applying to parking at the metered space; or (d) driving on a road contrary to the permitted direction; or (e) any other driving, parking or standing","86","0.5","1/2 PU × $172.70 (2026–27), rounded down","State Penalties Enforcement Regulation 2014 (Qld), Schedule 1 — Infringement notice offences and fines","https://www.legislation.qld.gov.au/view/xml/inforce/current/sl-2014-0177","current as at 2026-08-01 (amounts derived: penalty units × $172.70, the 2026–27 penalty-unit value, rounded down to the whole dollar)","https://www.catoappeals.com/au/qld/parking-fines/unisc-act-sch-1-s-72"
"SA","Australian Road Rules","208(1)","A379","Fail to park facing in the direction of travel of vehicles in the marked lane or line of traffic","87","","","SAPOL PD320A ""Expiable Offences & Fees – Traffic"" (Effective 1 July 2026)","https://www.police.sa.gov.au/__data/assets/pdf_file/0007/370573/PD320A-Expiable-Offences-and-Fees-Traffic.pdf","2026-07-01","https://www.catoappeals.com/au/sa/parking-fines/arr-208"
"SA","Australian Road Rules","208(1)","A387","Fail to park facing in the direction of travel of vehicles if there is not traffic on or next to road","87","","","SAPOL PD320A ""Expiable Offences & Fees – Traffic"" (Effective 1 July 2026)","https://www.police.sa.gov.au/__data/assets/pdf_file/0007/370573/PD320A-Expiable-Offences-and-Fees-Traffic.pdf","2026-07-01","https://www.catoappeals.com/au/sa/parking-fines/arr-208"
"SA","Australian Road Rules","208(1)","A380","Fail to park parallel & close to left of two-way road","87","","","SAPOL PD320A ""Expiable Offences & Fees – Traffic"" (Effective 1 July 2026)","https://www.police.sa.gov.au/__data/assets/pdf_file/0007/370573/PD320A-Expiable-Offences-and-Fees-Traffic.pdf","2026-07-01","https://www.catoappeals.com/au/sa/parking-fines/arr-208"
"SA","Australian Road Rules","208(1)","A381","Fail to park parallel to far left/right of one-way road","87","","","SAPOL PD320A ""Expiable Offences & Fees – Traffic"" (Effective 1 July 2026)","https://www.police.sa.gov.au/__data/assets/pdf_file/0007/370573/PD320A-Expiable-Offences-and-Fees-Traffic.pdf","2026-07-01","https://www.catoappeals.com/au/sa/parking-fines/arr-208"
"SA","Australian Road Rules","208(1)","A382","Park close to vehicle in front or behind","87","","","SAPOL PD320A ""Expiable Offences & Fees – Traffic"" (Effective 1 July 2026)","https://www.police.sa.gov.au/__data/assets/pdf_file/0007/370573/PD320A-Expiable-Offences-and-Fees-Traffic.pdf","2026-07-01","https://www.catoappeals.com/au/sa/parking-fines/arr-208"
"SA","Australian Road Rules","208(1)","A383","Park obstructing path of other vehicles or pedestrians","87","","","SAPOL PD320A ""Expiable Offences & Fees – Traffic"" (Effective 1 July 2026)","https://www.police.sa.gov.au/__data/assets/pdf_file/0007/370573/PD320A-Expiable-Offences-and-Fees-Traffic.pdf","2026-07-01","https://www.catoappeals.com/au/sa/parking-fines/arr-208"
"SA","Australian Road Rules","208(1)","A384","Park within 3 metres of a continuous dividing line/strip","87","","","SAPOL PD320A ""Expiable Offences & Fees – Traffic"" (Effective 1 July 2026)","https://www.police.sa.gov.au/__data/assets/pdf_file/0007/370573/PD320A-Expiable-Offences-and-Fees-Traffic.pdf","2026-07-01","https://www.catoappeals.com/au/sa/parking-fines/arr-208"
"SA","Australian Road Rules","208(1)","A385","Park < 3 metres clearance where no dividing line/strip","87","","","SAPOL PD320A ""Expiable Offences & Fees – Traffic"" (Effective 1 July 2026)","https://www.police.sa.gov.au/__data/assets/pdf_file/0007/370573/PD320A-Expiable-Offences-and-Fees-Traffic.pdf","2026-07-01","https://www.catoappeals.com/au/sa/parking-fines/arr-208"
"SA","Australian Road Rules","170(1)(a)","A390","Stop in or near an intersection","122","","","SAPOL PD320A ""Expiable Offences & Fees – Traffic"" (Effective 1 July 2026)","https://www.police.sa.gov.au/__data/assets/pdf_file/0007/370573/PD320A-Expiable-Offences-and-Fees-Traffic.pdf","2026-07-01","https://www.catoappeals.com/au/sa/parking-fines/arr-170"
"SA","Australian Road Rules","170(1)(b)","A388","Stop at T-intersection without traffic lights along the continuous side","122","","","SAPOL PD320A ""Expiable Offences & Fees – Traffic"" (Effective 1 July 2026)","https://www.police.sa.gov.au/__data/assets/pdf_file/0007/370573/PD320A-Expiable-Offences-and-Fees-Traffic.pdf","2026-07-01","https://www.catoappeals.com/au/sa/parking-fines/arr-170"
"SA","Australian Road Rules","170(2)","A391","Stop within 20 metres of intersection with traffic lights","122","","","SAPOL PD320A ""Expiable Offences & Fees – Traffic"" (Effective 1 July 2026)","https://www.police.sa.gov.au/__data/assets/pdf_file/0007/370573/PD320A-Expiable-Offences-and-Fees-Traffic.pdf","2026-07-01","https://www.catoappeals.com/au/sa/parking-fines/arr-170"
"SA","Australian Road Rules","170(3)","A392","Stop within 10 metres of intersection without traffic lights","124","","","SAPOL PD320A ""Expiable Offences & Fees – Traffic"" (Effective 1 July 2026)","https://www.police.sa.gov.au/__data/assets/pdf_file/0007/370573/PD320A-Expiable-Offences-and-Fees-Traffic.pdf","2026-07-01","https://www.catoappeals.com/au/sa/parking-fines/arr-170"
"SA","Australian Road Rules","187(1)","A427","Stop in bus/transit/truck lane","340","","","SAPOL PD320A ""Expiable Offences & Fees – Traffic"" (Effective 1 July 2026)","https://www.police.sa.gov.au/__data/assets/pdf_file/0007/370573/PD320A-Expiable-Offences-and-Fees-Traffic.pdf","2026-07-01","https://www.catoappeals.com/au/sa/parking-fines/arr-187"
"SA","Australian Road Rules","187(2)","A428","Stop in bike lane","342","","","SAPOL PD320A ""Expiable Offences & Fees – Traffic"" (Effective 1 July 2026)","https://www.police.sa.gov.au/__data/assets/pdf_file/0007/370573/PD320A-Expiable-Offences-and-Fees-Traffic.pdf","2026-07-01","https://www.catoappeals.com/au/sa/parking-fines/arr-187"
"SA","Australian Road Rules","187(3)","A429","Stop in tram lane, tramway or tram tracks","340","","","SAPOL PD320A ""Expiable Offences & Fees – Traffic"" (Effective 1 July 2026)","https://www.police.sa.gov.au/__data/assets/pdf_file/0007/370573/PD320A-Expiable-Offences-and-Fees-Traffic.pdf","2026-07-01","https://www.catoappeals.com/au/sa/parking-fines/arr-187"
"SA","Australian Road Rules","197(1)","A420","Stop on a path, dividing strip or nature strip","124","","","SAPOL PD320A ""Expiable Offences & Fees – Traffic"" (Effective 1 July 2026)","https://www.police.sa.gov.au/__data/assets/pdf_file/0007/370573/PD320A-Expiable-Offences-and-Fees-Traffic.pdf","2026-07-01","https://www.catoappeals.com/au/sa/parking-fines/arr-197"
"SA","Australian Road Rules","197(1A)","M812","Stop on painted island","122","","","SAPOL PD320A ""Expiable Offences & Fees – Traffic"" (Effective 1 July 2026)","https://www.police.sa.gov.au/__data/assets/pdf_file/0007/370573/PD320A-Expiable-Offences-and-Fees-Traffic.pdf","2026-07-01","https://www.catoappeals.com/au/sa/parking-fines/arr-197"
"SA","Australian Road Rules","197(1B)","A552","Stop on traffic island Offence Expiation Demerit Code Fee $ Points","122","","","SAPOL PD320A ""Expiable Offences & Fees – Traffic"" (Effective 1 July 2026)","https://www.police.sa.gov.au/__data/assets/pdf_file/0007/370573/PD320A-Expiable-Offences-and-Fees-Traffic.pdf","2026-07-01","https://www.catoappeals.com/au/sa/parking-fines/arr-197"
"SA","Australian Road Rules","179(1)","A400","Stop in a loading zone","87","","","SAPOL PD320A ""Expiable Offences & Fees – Traffic"" (Effective 1 July 2026)","https://www.police.sa.gov.au/__data/assets/pdf_file/0007/370573/PD320A-Expiable-Offences-and-Fees-Traffic.pdf","2026-07-01","https://www.catoappeals.com/au/sa/parking-fines/arr-179"
"SA","Australian Road Rules","179(2)","A401","Stay in loading zone longer than permitted time","87","","","SAPOL PD320A ""Expiable Offences & Fees – Traffic"" (Effective 1 July 2026)","https://www.police.sa.gov.au/__data/assets/pdf_file/0007/370573/PD320A-Expiable-Offences-and-Fees-Traffic.pdf","2026-07-01","https://www.catoappeals.com/au/sa/parking-fines/arr-179"
"SA","Australian Road Rules","192(1)","A414","Stop on a bridge, causeway, ramp or similar structure","122","","","SAPOL PD320A ""Expiable Offences & Fees – Traffic"" (Effective 1 July 2026)","https://www.police.sa.gov.au/__data/assets/pdf_file/0007/370573/PD320A-Expiable-Offences-and-Fees-Traffic.pdf","2026-07-01","https://www.catoappeals.com/au/sa/parking-fines/arr-192"
"SA","Australian Road Rules","192(2)","A415","Stop in a tunnel or underpass","149","","","SAPOL PD320A ""Expiable Offences & Fees – Traffic"" (Effective 1 July 2026)","https://www.police.sa.gov.au/__data/assets/pdf_file/0007/370573/PD320A-Expiable-Offences-and-Fees-Traffic.pdf","2026-07-01","https://www.catoappeals.com/au/sa/parking-fines/arr-192"
"SA","Australian Road Rules","198(1)","A421","Obstruct access to and from a footpath/driveway etc","100","","","SAPOL PD320A ""Expiable Offences & Fees – Traffic"" (Effective 1 July 2026)","https://www.police.sa.gov.au/__data/assets/pdf_file/0007/370573/PD320A-Expiable-Offences-and-Fees-Traffic.pdf","2026-07-01","https://www.catoappeals.com/au/sa/parking-fines/arr-198"
"SA","Australian Road Rules","198(2)","A422","Stop on or across a driveway","102","","","SAPOL PD320A ""Expiable Offences & Fees – Traffic"" (Effective 1 July 2026)","https://www.police.sa.gov.au/__data/assets/pdf_file/0007/370573/PD320A-Expiable-Offences-and-Fees-Traffic.pdf","2026-07-01","https://www.catoappeals.com/au/sa/parking-fines/arr-198"
"SA","Australian Road Rules","200(1)","A424","Stop on road – heavy or long vehicle outside built up area except shoulder of road","149","","","SAPOL PD320A ""Expiable Offences & Fees – Traffic"" (Effective 1 July 2026)","https://www.police.sa.gov.au/__data/assets/pdf_file/0007/370573/PD320A-Expiable-Offences-and-Fees-Traffic.pdf","2026-07-01","https://www.catoappeals.com/au/sa/parking-fines/arr-200"
"SA","Australian Road Rules","200(2)","A430","Stop on road – heavy or long vehicle in built up area for longer than permitted","149","","","SAPOL PD320A ""Expiable Offences & Fees – Traffic"" (Effective 1 July 2026)","https://www.police.sa.gov.au/__data/assets/pdf_file/0007/370573/PD320A-Expiable-Offences-and-Fees-Traffic.pdf","2026-07-01","https://www.catoappeals.com/au/sa/parking-fines/arr-200"
"SA","Australian Road Rules","211(2)","M835","Fail to park vehicle wholly in parking bay","65","","","SAPOL PD320A ""Expiable Offences & Fees – Traffic"" (Effective 1 July 2026)","https://www.police.sa.gov.au/__data/assets/pdf_file/0007/370573/PD320A-Expiable-Offences-and-Fees-Traffic.pdf","2026-07-01","https://www.catoappeals.com/au/sa/parking-fines/arr-211"
"SA","Australian Road Rules","211(3)","M836","Fail to park long/wide vehicle in minimum number of parking bays","65","","","SAPOL PD320A ""Expiable Offences & Fees – Traffic"" (Effective 1 July 2026)","https://www.police.sa.gov.au/__data/assets/pdf_file/0007/370573/PD320A-Expiable-Offences-and-Fees-Traffic.pdf","2026-07-01","https://www.catoappeals.com/au/sa/parking-fines/arr-211"
"SA","Australian Road Rules","212(1)","M837","Entering or leaving median strip parking area – contrary to sign","149","","","SAPOL PD320A ""Expiable Offences & Fees – Traffic"" (Effective 1 July 2026)","https://www.police.sa.gov.au/__data/assets/pdf_file/0007/370573/PD320A-Expiable-Offences-and-Fees-Traffic.pdf","2026-07-01","https://www.catoappeals.com/au/sa/parking-fines/arr-212"
"SA","Australian Road Rules","212(2)","M838","Entering or leaving median strip parking area – fail to drive forward","149","","","SAPOL PD320A ""Expiable Offences & Fees – Traffic"" (Effective 1 July 2026)","https://www.police.sa.gov.au/__data/assets/pdf_file/0007/370573/PD320A-Expiable-Offences-and-Fees-Traffic.pdf","2026-07-01","https://www.catoappeals.com/au/sa/parking-fines/arr-212"
"SA","Australian Road Rules","220(1)(a)","A425","Stop on road at night without clearance & side lights","310","","","SAPOL PD320A ""Expiable Offences & Fees – Traffic"" (Effective 1 July 2026)","https://www.police.sa.gov.au/__data/assets/pdf_file/0007/370573/PD320A-Expiable-Offences-and-Fees-Traffic.pdf","2026-07-01","https://www.catoappeals.com/au/sa/parking-fines/arr-220"
"SA","Australian Road Rules","220(1)(b)","A426","Stop on road at night without parking lights","310","","","SAPOL PD320A ""Expiable Offences & Fees – Traffic"" (Effective 1 July 2026)","https://www.police.sa.gov.au/__data/assets/pdf_file/0007/370573/PD320A-Expiable-Offences-and-Fees-Traffic.pdf","2026-07-01","https://www.catoappeals.com/au/sa/parking-fines/arr-220"
"SA","Road Traffic (Miscellaneous) Regulations 2014 (SA)","66(1)","A711","Parking in Adelaide parklands","179","","","SAPOL PD320A ""Expiable Offences & Fees – Traffic"" (Effective 1 July 2026)","https://www.police.sa.gov.au/__data/assets/pdf_file/0007/370573/PD320A-Expiable-Offences-and-Fees-Traffic.pdf","2026-07-01","https://www.catoappeals.com/au/sa/parking-fines/rtmr-reg-66"
"SA","Road Traffic (Miscellaneous) Regulations 2014 (SA)","66(1)","A712","Parking in other public place","82","","","SAPOL PD320A ""Expiable Offences & Fees – Traffic"" (Effective 1 July 2026)","https://www.police.sa.gov.au/__data/assets/pdf_file/0007/370573/PD320A-Expiable-Offences-and-Fees-Traffic.pdf","2026-07-01","https://www.catoappeals.com/au/sa/parking-fines/rtmr-reg-66"
"SA","Australian Road Rules","167","A372","Contravene no stopping sign","122","","","SAPOL PD320A ""Expiable Offences & Fees – Traffic"" (Effective 1 July 2026)","https://www.police.sa.gov.au/__data/assets/pdf_file/0007/370573/PD320A-Expiable-Offences-and-Fees-Traffic.pdf","2026-07-01","https://www.catoappeals.com/au/sa/parking-fines/arr-167"
"SA","Australian Road Rules","168(1)","A373","Contravene no parking sign","102","","","SAPOL PD320A ""Expiable Offences & Fees – Traffic"" (Effective 1 July 2026)","https://www.police.sa.gov.au/__data/assets/pdf_file/0007/370573/PD320A-Expiable-Offences-and-Fees-Traffic.pdf","2026-07-01","https://www.catoappeals.com/au/sa/parking-fines/arr-168"
"SA","Australian Road Rules","169","A389","Stop on continuous yellow edge line","124","","","SAPOL PD320A ""Expiable Offences & Fees – Traffic"" (Effective 1 July 2026)","https://www.police.sa.gov.au/__data/assets/pdf_file/0007/370573/PD320A-Expiable-Offences-and-Fees-Traffic.pdf","2026-07-01","https://www.catoappeals.com/au/sa/parking-fines/arr-169"
"SA","Australian Road Rules","171(1)","A393","Stop on or near children’s crossing","122","","","SAPOL PD320A ""Expiable Offences & Fees – Traffic"" (Effective 1 July 2026)","https://www.police.sa.gov.au/__data/assets/pdf_file/0007/370573/PD320A-Expiable-Offences-and-Fees-Traffic.pdf","2026-07-01","https://www.catoappeals.com/au/sa/parking-fines/arr-171"
"SA","Australian Road Rules","172(1)","A394","Stop on or near a pedestrian crossing","122","","","SAPOL PD320A ""Expiable Offences & Fees – Traffic"" (Effective 1 July 2026)","https://www.police.sa.gov.au/__data/assets/pdf_file/0007/370573/PD320A-Expiable-Offences-and-Fees-Traffic.pdf","2026-07-01","https://www.catoappeals.com/au/sa/parking-fines/arr-172"
"SA","Australian Road Rules","173(1)","A395","Stop on or near marked foot crossing","122","","","SAPOL PD320A ""Expiable Offences & Fees – Traffic"" (Effective 1 July 2026)","https://www.police.sa.gov.au/__data/assets/pdf_file/0007/370573/PD320A-Expiable-Offences-and-Fees-Traffic.pdf","2026-07-01","https://www.catoappeals.com/au/sa/parking-fines/arr-173"
"SA","Australian Road Rules","174(2)","A396","Stop at or near bicycle crossing lights","122","","","SAPOL PD320A ""Expiable Offences & Fees – Traffic"" (Effective 1 July 2026)","https://www.police.sa.gov.au/__data/assets/pdf_file/0007/370573/PD320A-Expiable-Offences-and-Fees-Traffic.pdf","2026-07-01","https://www.catoappeals.com/au/sa/parking-fines/arr-174"
"SA","Australian Road Rules","175(1)","A397","Stop on or near a level crossing","122","","","SAPOL PD320A ""Expiable Offences & Fees – Traffic"" (Effective 1 July 2026)","https://www.police.sa.gov.au/__data/assets/pdf_file/0007/370573/PD320A-Expiable-Offences-and-Fees-Traffic.pdf","2026-07-01","https://www.catoappeals.com/au/sa/parking-fines/arr-175"
"SA","Australian Road Rules","176(1)","A374","Contravene a clearway sign","340","","","SAPOL PD320A ""Expiable Offences & Fees – Traffic"" (Effective 1 July 2026)","https://www.police.sa.gov.au/__data/assets/pdf_file/0007/370573/PD320A-Expiable-Offences-and-Fees-Traffic.pdf","2026-07-01","https://www.catoappeals.com/au/sa/parking-fines/arr-176"
"SA","Australian Road Rules","177(1)","A398","Stop on a freeway","340","","","SAPOL PD320A ""Expiable Offences & Fees – Traffic"" (Effective 1 July 2026)","https://www.police.sa.gov.au/__data/assets/pdf_file/0007/370573/PD320A-Expiable-Offences-and-Fees-Traffic.pdf","2026-07-01","https://www.catoappeals.com/au/sa/parking-fines/arr-177"
"SA","Australian Road Rules","178","A399","Stop in an emergency stopping lane","340","","","SAPOL PD320A ""Expiable Offences & Fees – Traffic"" (Effective 1 July 2026)","https://www.police.sa.gov.au/__data/assets/pdf_file/0007/370573/PD320A-Expiable-Offences-and-Fees-Traffic.pdf","2026-07-01","https://www.catoappeals.com/au/sa/parking-fines/arr-178"
"SA","Australian Road Rules","180(1)","A402","Stop in a truck zone","82","","","SAPOL PD320A ""Expiable Offences & Fees – Traffic"" (Effective 1 July 2026)","https://www.police.sa.gov.au/__data/assets/pdf_file/0007/370573/PD320A-Expiable-Offences-and-Fees-Traffic.pdf","2026-07-01","https://www.catoappeals.com/au/sa/parking-fines/arr-180"
"SA","Australian Road Rules","181(1)","A403","Stop in a works zone","82","","","SAPOL PD320A ""Expiable Offences & Fees – Traffic"" (Effective 1 July 2026)","https://www.police.sa.gov.au/__data/assets/pdf_file/0007/370573/PD320A-Expiable-Offences-and-Fees-Traffic.pdf","2026-07-01","https://www.catoappeals.com/au/sa/parking-fines/arr-181"
"SA","Australian Road Rules","182(1)","A404","Stop in a taxi zone","168","","","SAPOL PD320A ""Expiable Offences & Fees – Traffic"" (Effective 1 July 2026)","https://www.police.sa.gov.au/__data/assets/pdf_file/0007/370573/PD320A-Expiable-Offences-and-Fees-Traffic.pdf","2026-07-01","https://www.catoappeals.com/au/sa/parking-fines/arr-182"
"SA","Australian Road Rules","183(1)","A405","Stop in a bus zone","168","","","SAPOL PD320A ""Expiable Offences & Fees – Traffic"" (Effective 1 July 2026)","https://www.police.sa.gov.au/__data/assets/pdf_file/0007/370573/PD320A-Expiable-Offences-and-Fees-Traffic.pdf","2026-07-01","https://www.catoappeals.com/au/sa/parking-fines/arr-183"
"SA","Australian Road Rules","184(1)","A406","Stop in a mini bus zone","122","","","SAPOL PD320A ""Expiable Offences & Fees – Traffic"" (Effective 1 July 2026)","https://www.police.sa.gov.au/__data/assets/pdf_file/0007/370573/PD320A-Expiable-Offences-and-Fees-Traffic.pdf","2026-07-01","https://www.catoappeals.com/au/sa/parking-fines/arr-184"
"SA","Australian Road Rules","185(1)","A407","Stop in a permit zone","82","","","SAPOL PD320A ""Expiable Offences & Fees – Traffic"" (Effective 1 July 2026)","https://www.police.sa.gov.au/__data/assets/pdf_file/0007/370573/PD320A-Expiable-Offences-and-Fees-Traffic.pdf","2026-07-01","https://www.catoappeals.com/au/sa/parking-fines/arr-185"
"SA","Australian Road Rules","186(1)","A408","Stop in a mail zone","82","","","SAPOL PD320A ""Expiable Offences & Fees – Traffic"" (Effective 1 July 2026)","https://www.police.sa.gov.au/__data/assets/pdf_file/0007/370573/PD320A-Expiable-Offences-and-Fees-Traffic.pdf","2026-07-01","https://www.catoappeals.com/au/sa/parking-fines/arr-186"
"SA","Australian Road Rules","188","A411","Stop in a shared zone","82","","","SAPOL PD320A ""Expiable Offences & Fees – Traffic"" (Effective 1 July 2026)","https://www.police.sa.gov.au/__data/assets/pdf_file/0007/370573/PD320A-Expiable-Offences-and-Fees-Traffic.pdf","2026-07-01","https://www.catoappeals.com/au/sa/parking-fines/arr-188"
"SA","Australian Road Rules","189(1)","A375","Double park","122","","","SAPOL PD320A ""Expiable Offences & Fees – Traffic"" (Effective 1 July 2026)","https://www.police.sa.gov.au/__data/assets/pdf_file/0007/370573/PD320A-Expiable-Offences-and-Fees-Traffic.pdf","2026-07-01","https://www.catoappeals.com/au/sa/parking-fines/arr-189"
"SA","Australian Road Rules","190(1)","A412","Stop in a safety zone","82","","","SAPOL PD320A ""Expiable Offences & Fees – Traffic"" (Effective 1 July 2026)","https://www.police.sa.gov.au/__data/assets/pdf_file/0007/370573/PD320A-Expiable-Offences-and-Fees-Traffic.pdf","2026-07-01","https://www.catoappeals.com/au/sa/parking-fines/arr-190"
"SA","Australian Road Rules","191","A413","Stop on a road near an obstruction","149","","","SAPOL PD320A ""Expiable Offences & Fees – Traffic"" (Effective 1 July 2026)","https://www.police.sa.gov.au/__data/assets/pdf_file/0007/370573/PD320A-Expiable-Offences-and-Fees-Traffic.pdf","2026-07-01","https://www.catoappeals.com/au/sa/parking-fines/arr-191"
"SA","Australian Road Rules","193(1)","A416","Stop on a crest or curve on a road","149","","","SAPOL PD320A ""Expiable Offences & Fees – Traffic"" (Effective 1 July 2026)","https://www.police.sa.gov.au/__data/assets/pdf_file/0007/370573/PD320A-Expiable-Offences-and-Fees-Traffic.pdf","2026-07-01","https://www.catoappeals.com/au/sa/parking-fines/arr-193"
"SA","Australian Road Rules","194(1)","A417","Stop within 1 metre of a fire hydrant or fire plug indicator","102","","","SAPOL PD320A ""Expiable Offences & Fees – Traffic"" (Effective 1 July 2026)","https://www.police.sa.gov.au/__data/assets/pdf_file/0007/370573/PD320A-Expiable-Offences-and-Fees-Traffic.pdf","2026-07-01","https://www.catoappeals.com/au/sa/parking-fines/arr-194"
"SA","Australian Road Rules","195(1)","A418","Stop at a bus stop","122","","","SAPOL PD320A ""Expiable Offences & Fees – Traffic"" (Effective 1 July 2026)","https://www.police.sa.gov.au/__data/assets/pdf_file/0007/370573/PD320A-Expiable-Offences-and-Fees-Traffic.pdf","2026-07-01","https://www.catoappeals.com/au/sa/parking-fines/arr-195"
"SA","Australian Road Rules","196(1)","A419","Stop at a tram stop","122","","","SAPOL PD320A ""Expiable Offences & Fees – Traffic"" (Effective 1 July 2026)","https://www.police.sa.gov.au/__data/assets/pdf_file/0007/370573/PD320A-Expiable-Offences-and-Fees-Traffic.pdf","2026-07-01","https://www.catoappeals.com/au/sa/parking-fines/arr-196"
"SA","Australian Road Rules","199(1)","A423","Stop on a road near a public post box","122","","","SAPOL PD320A ""Expiable Offences & Fees – Traffic"" (Effective 1 July 2026)","https://www.police.sa.gov.au/__data/assets/pdf_file/0007/370573/PD320A-Expiable-Offences-and-Fees-Traffic.pdf","2026-07-01","https://www.catoappeals.com/au/sa/parking-fines/arr-199"
"SA","Australian Road Rules","201","A376","Contravene bicycle/parking sign","82","","","SAPOL PD320A ""Expiable Offences & Fees – Traffic"" (Effective 1 July 2026)","https://www.police.sa.gov.au/__data/assets/pdf_file/0007/370573/PD320A-Expiable-Offences-and-Fees-Traffic.pdf","2026-07-01","https://www.catoappeals.com/au/sa/parking-fines/arr-201"
"SA","Australian Road Rules","202","A377","Contravene motorbike parking sign","82","","","SAPOL PD320A ""Expiable Offences & Fees – Traffic"" (Effective 1 July 2026)","https://www.police.sa.gov.au/__data/assets/pdf_file/0007/370573/PD320A-Expiable-Offences-and-Fees-Traffic.pdf","2026-07-01","https://www.catoappeals.com/au/sa/parking-fines/arr-202"
"SA","Australian Road Rules","203(1)","A378","Stop in disabled parking area","475","","","SAPOL PD320A ""Expiable Offences & Fees – Traffic"" (Effective 1 July 2026)","https://www.police.sa.gov.au/__data/assets/pdf_file/0007/370573/PD320A-Expiable-Offences-and-Fees-Traffic.pdf","2026-07-01","https://www.catoappeals.com/au/sa/parking-fines/arr-203"
"SA","Australian Road Rules","203A","A386","Stop in a slip lane","122","","","SAPOL PD320A ""Expiable Offences & Fees – Traffic"" (Effective 1 July 2026)","https://www.police.sa.gov.au/__data/assets/pdf_file/0007/370573/PD320A-Expiable-Offences-and-Fees-Traffic.pdf","2026-07-01","https://www.catoappeals.com/au/sa/parking-fines/arr-203a"
"SA","Australian Road Rules","203B(1)","A570","Stopping in parking area for electric-powered vehicles","82","","","SAPOL PD320A ""Expiable Offences & Fees – Traffic"" (Effective 1 July 2026)","https://www.police.sa.gov.au/__data/assets/pdf_file/0007/370573/PD320A-Expiable-Offences-and-Fees-Traffic.pdf","2026-07-01","https://www.catoappeals.com/au/sa/parking-fines/arr-203b"
"SA","Australian Road Rules","203C(1)","A571","Stopping in parking area for charging of electric-powered vehicles","122","","","SAPOL PD320A ""Expiable Offences & Fees – Traffic"" (Effective 1 July 2026)","https://www.police.sa.gov.au/__data/assets/pdf_file/0007/370573/PD320A-Expiable-Offences-and-Fees-Traffic.pdf","2026-07-01","https://www.catoappeals.com/au/sa/parking-fines/arr-203c"
"SA","Australian Road Rules","205(1)","A409","Parking for longer than indicated where “permissive parking” sign applies Offence Expiation Demerit Code Fee $ Points","67","","","SAPOL PD320A ""Expiable Offences & Fees – Traffic"" (Effective 1 July 2026)","https://www.police.sa.gov.au/__data/assets/pdf_file/0007/370573/PD320A-Expiable-Offences-and-Fees-Traffic.pdf","2026-07-01","https://www.catoappeals.com/au/sa/parking-fines/arr-205"
"SA","Australian Road Rules","207(2)","A410","Failing to pay fee etc for parking where fees payable","67","","","SAPOL PD320A ""Expiable Offences & Fees – Traffic"" (Effective 1 July 2026)","https://www.police.sa.gov.au/__data/assets/pdf_file/0007/370573/PD320A-Expiable-Offences-and-Fees-Traffic.pdf","2026-07-01","https://www.catoappeals.com/au/sa/parking-fines/arr-207"
"SA","Australian Road Rules","208A(1)","M813","Fail to park vehicle in direction of traffic – parallel parking","82","","","SAPOL PD320A ""Expiable Offences & Fees – Traffic"" (Effective 1 July 2026)","https://www.police.sa.gov.au/__data/assets/pdf_file/0007/370573/PD320A-Expiable-Offences-and-Fees-Traffic.pdf","2026-07-01","https://www.catoappeals.com/au/sa/parking-fines/arr-208a"
"SA","Australian Road Rules","209(2)","A431","Failing to park in median strip parking area in accordance with rule – parallel parking","82","","","SAPOL PD320A ""Expiable Offences & Fees – Traffic"" (Effective 1 July 2026)","https://www.police.sa.gov.au/__data/assets/pdf_file/0007/370573/PD320A-Expiable-Offences-and-Fees-Traffic.pdf","2026-07-01","https://www.catoappeals.com/au/sa/parking-fines/arr-209"
"SA","Australian Road Rules","210(1)","M834","Fail to park in accordance with rule –angle parking","82","","","SAPOL PD320A ""Expiable Offences & Fees – Traffic"" (Effective 1 July 2026)","https://www.police.sa.gov.au/__data/assets/pdf_file/0007/370573/PD320A-Expiable-Offences-and-Fees-Traffic.pdf","2026-07-01","https://www.catoappeals.com/au/sa/parking-fines/arr-210"
"SA","Road Traffic Act 1961 (SA)","174B","M256","Further offence for continued parking contravention","65","","","SAPOL PD320A ""Expiable Offences & Fees – Traffic"" (Effective 1 July 2026)","https://www.police.sa.gov.au/__data/assets/pdf_file/0007/370573/PD320A-Expiable-Offences-and-Fees-Traffic.pdf","2026-07-01","https://www.catoappeals.com/au/sa/parking-fines/rta-174b"
"SA","Road Traffic Act 1961 (SA)","85(2)","A630","Parking near parliament house","159","","","SAPOL PD320A ""Expiable Offences & Fees – Traffic"" (Effective 1 July 2026)","https://www.police.sa.gov.au/__data/assets/pdf_file/0007/370573/PD320A-Expiable-Offences-and-Fees-Traffic.pdf","2026-07-01","https://www.catoappeals.com/au/sa/parking-fines/rta-85"
"SA","Road Traffic Act 1961 (SA)","86A(3)","A371","Failing to obtain ticket from parking ticket-vending machine where no fee payable","67","","","SAPOL PD320A ""Expiable Offences & Fees – Traffic"" (Effective 1 July 2026)","https://www.police.sa.gov.au/__data/assets/pdf_file/0007/370573/PD320A-Expiable-Offences-and-Fees-Traffic.pdf","2026-07-01","https://www.catoappeals.com/au/sa/parking-fines/rta-86a"
"TAS","Road Rules 2019 (Tas)","167","214(a)","Disobey no stopping sign — rider of a bicycle","106.5","0.5","0.5 PU × $213 (2026-27, unit rounded up)","Traffic (Compliance and Enforcement) Regulations 2017 (Tas), Schedule 1","https://www.legislation.tas.gov.au/view/whole/html/inforce/current/sr-2017-049","in-force consolidation, retrieved 2026-08-21 (last amended 2025-12-10)","https://www.catoappeals.com/au/tas/parking-fines/disobey-no-stopping-sign"
"TAS","Road Rules 2019 (Tas)","167","214(b)","Disobey no stopping sign — any other driver","159.75","0.75","0.75 PU × $213 (2026-27, unit rounded up)","Traffic (Compliance and Enforcement) Regulations 2017 (Tas), Schedule 1","https://www.legislation.tas.gov.au/view/whole/html/inforce/current/sr-2017-049","in-force consolidation, retrieved 2026-08-21 (last amended 2025-12-10)","https://www.catoappeals.com/au/tas/parking-fines/disobey-no-stopping-sign"
"TAS","Road Rules 2019 (Tas)","168(1)","215(a)","Disobey no parking sign — rider of a bicycle","53.25","0.25","0.25 PU × $213 (2026-27, unit rounded up)","Traffic (Compliance and Enforcement) Regulations 2017 (Tas), Schedule 1","https://www.legislation.tas.gov.au/view/whole/html/inforce/current/sr-2017-049","in-force consolidation, retrieved 2026-08-21 (last amended 2025-12-10)","https://www.catoappeals.com/au/tas/parking-fines/disobey-no-parking-sign"
"TAS","Road Rules 2019 (Tas)","168(1)","215(b)","Disobey no parking sign — any other driver","106.5","0.5","0.5 PU × $213 (2026-27, unit rounded up)","Traffic (Compliance and Enforcement) Regulations 2017 (Tas), Schedule 1","https://www.legislation.tas.gov.au/view/whole/html/inforce/current/sr-2017-049","in-force consolidation, retrieved 2026-08-21 (last amended 2025-12-10)","https://www.catoappeals.com/au/tas/parking-fines/disobey-no-parking-sign"
"TAS","Road Rules 2019 (Tas)","169","216(a)","Stop at side of road with continuous yellow edge line — rider of a bicycle","53.25","0.25","0.25 PU × $213 (2026-27, unit rounded up)","Traffic (Compliance and Enforcement) Regulations 2017 (Tas), Schedule 1","https://www.legislation.tas.gov.au/view/whole/html/inforce/current/sr-2017-049","in-force consolidation, retrieved 2026-08-21 (last amended 2025-12-10)","https://www.catoappeals.com/au/tas/parking-fines/stop-at-side-of-road-with-continuous-yellow-edge-line"
"TAS","Road Rules 2019 (Tas)","169","216(b)","Stop at side of road with continuous yellow edge line — any other driver","159.75","0.75","0.75 PU × $213 (2026-27, unit rounded up)","Traffic (Compliance and Enforcement) Regulations 2017 (Tas), Schedule 1","https://www.legislation.tas.gov.au/view/whole/html/inforce/current/sr-2017-049","in-force consolidation, retrieved 2026-08-21 (last amended 2025-12-10)","https://www.catoappeals.com/au/tas/parking-fines/stop-at-side-of-road-with-continuous-yellow-edge-line"
"TAS","Road Rules 2019 (Tas)","170(1)","217(a)","Stop in an intersection except as permitted — rider of a bicycle","106.5","0.5","0.5 PU × $213 (2026-27, unit rounded up)","Traffic (Compliance and Enforcement) Regulations 2017 (Tas), Schedule 1","https://www.legislation.tas.gov.au/view/whole/html/inforce/current/sr-2017-049","in-force consolidation, retrieved 2026-08-21 (last amended 2025-12-10)","https://www.catoappeals.com/au/tas/parking-fines/stop-in-an-intersection-except-as-permitted"
"TAS","Road Rules 2019 (Tas)","170(1)","217(b)","Stop in an intersection except as permitted — any other driver","159.75","0.75","0.75 PU × $213 (2026-27, unit rounded up)","Traffic (Compliance and Enforcement) Regulations 2017 (Tas), Schedule 1","https://www.legislation.tas.gov.au/view/whole/html/inforce/current/sr-2017-049","in-force consolidation, retrieved 2026-08-21 (last amended 2025-12-10)","https://www.catoappeals.com/au/tas/parking-fines/stop-in-an-intersection-except-as-permitted"
"TAS","Road Rules 2019 (Tas)","170(2)","218(a)","Stop within 20 metres of traffic lights at intersection except as permitted — rider of a bicycle","53.25","0.25","0.25 PU × $213 (2026-27, unit rounded up)","Traffic (Compliance and Enforcement) Regulations 2017 (Tas), Schedule 1","https://www.legislation.tas.gov.au/view/whole/html/inforce/current/sr-2017-049","in-force consolidation, retrieved 2026-08-21 (last amended 2025-12-10)","https://www.catoappeals.com/au/tas/parking-fines/stop-in-an-intersection-except-as-permitted"
"TAS","Road Rules 2019 (Tas)","170(2)","218(b)","Stop within 20 metres of traffic lights at intersection except as permitted — any other driver","159.75","0.75","0.75 PU × $213 (2026-27, unit rounded up)","Traffic (Compliance and Enforcement) Regulations 2017 (Tas), Schedule 1","https://www.legislation.tas.gov.au/view/whole/html/inforce/current/sr-2017-049","in-force consolidation, retrieved 2026-08-21 (last amended 2025-12-10)","https://www.catoappeals.com/au/tas/parking-fines/stop-in-an-intersection-except-as-permitted"
"TAS","Road Rules 2019 (Tas)","170(3)","219(a)","Stop within 10 metres of intersection (without traffic lights) except as permitted — rider of a bicycle","53.25","0.25","0.25 PU × $213 (2026-27, unit rounded up)","Traffic (Compliance and Enforcement) Regulations 2017 (Tas), Schedule 1","https://www.legislation.tas.gov.au/view/whole/html/inforce/current/sr-2017-049","in-force consolidation, retrieved 2026-08-21 (last amended 2025-12-10)","https://www.catoappeals.com/au/tas/parking-fines/stop-in-an-intersection-except-as-permitted"
"TAS","Road Rules 2019 (Tas)","170(3)","219(b)","Stop within 10 metres of intersection (without traffic lights) except as permitted — any other driver","159.75","0.75","0.75 PU × $213 (2026-27, unit rounded up)","Traffic (Compliance and Enforcement) Regulations 2017 (Tas), Schedule 1","https://www.legislation.tas.gov.au/view/whole/html/inforce/current/sr-2017-049","in-force consolidation, retrieved 2026-08-21 (last amended 2025-12-10)","https://www.catoappeals.com/au/tas/parking-fines/stop-in-an-intersection-except-as-permitted"
"TAS","Road Rules 2019 (Tas)","171(1)","220(a)","Stop on or within 20 metres of approach to or 10 metres after children's crossing except as permitted — rider of a bicycle","106.5","0.5","0.5 PU × $213 (2026-27, unit rounded up)","Traffic (Compliance and Enforcement) Regulations 2017 (Tas), Schedule 1","https://www.legislation.tas.gov.au/view/whole/html/inforce/current/sr-2017-049","in-force consolidation, retrieved 2026-08-21 (last amended 2025-12-10)","https://www.catoappeals.com/au/tas/parking-fines/stop-on-or-within-20-metres-of-approach-to-or-10-metres-after-childrens-crossing-except-as-permitted"
"TAS","Road Rules 2019 (Tas)","171(1)","220(b)","Stop on or within 20 metres of approach to or 10 metres after children's crossing except as permitted — any other driver","159.75","0.75","0.75 PU × $213 (2026-27, unit rounded up)","Traffic (Compliance and Enforcement) Regulations 2017 (Tas), Schedule 1","https://www.legislation.tas.gov.au/view/whole/html/inforce/current/sr-2017-049","in-force consolidation, retrieved 2026-08-21 (last amended 2025-12-10)","https://www.catoappeals.com/au/tas/parking-fines/stop-on-or-within-20-metres-of-approach-to-or-10-metres-after-childrens-crossing-except-as-permitted"
"TAS","Road Rules 2019 (Tas)","172(1)","221(a)","Stop on or within 20 metres of approach to or 10 metres after pedestrian crossing (not at intersection) except as permitted — rider of a bicycle","53.25","0.25","0.25 PU × $213 (2026-27, unit rounded up)","Traffic (Compliance and Enforcement) Regulations 2017 (Tas), Schedule 1","https://www.legislation.tas.gov.au/view/whole/html/inforce/current/sr-2017-049","in-force consolidation, retrieved 2026-08-21 (last amended 2025-12-10)","https://www.catoappeals.com/au/tas/parking-fines/stop-on-or-within-20-metres-of-approach-to-or-10-metres-after-pedestrian-crossing-not-at-intersection-except-as-permitted"
"TAS","Road Rules 2019 (Tas)","172(1)","221(b)","Stop on or within 20 metres of approach to or 10 metres after pedestrian crossing (not at intersection) except as permitted — any other driver","159.75","0.75","0.75 PU × $213 (2026-27, unit rounded up)","Traffic (Compliance and Enforcement) Regulations 2017 (Tas), Schedule 1","https://www.legislation.tas.gov.au/view/whole/html/inforce/current/sr-2017-049","in-force consolidation, retrieved 2026-08-21 (last amended 2025-12-10)","https://www.catoappeals.com/au/tas/parking-fines/stop-on-or-within-20-metres-of-approach-to-or-10-metres-after-pedestrian-crossing-not-at-intersection-except-as-permitted"
"TAS","Road Rules 2019 (Tas)","173(1)","222(a)","Stop on or within 10 metres of approach to or 3 metres after marked foot crossing (not at intersection) except as permitted — rider of a bicycle","53.25","0.25","0.25 PU × $213 (2026-27, unit rounded up)","Traffic (Compliance and Enforcement) Regulations 2017 (Tas), Schedule 1","https://www.legislation.tas.gov.au/view/whole/html/inforce/current/sr-2017-049","in-force consolidation, retrieved 2026-08-21 (last amended 2025-12-10)","https://www.catoappeals.com/au/tas/parking-fines/stop-on-or-within-10-metres-of-approach-to-or-3-metres-after-marked-foot-crossing-not-at-intersection-except-as-permitted"
"TAS","Road Rules 2019 (Tas)","173(1)","222(b)","Stop on or within 10 metres of approach to or 3 metres after marked foot crossing (not at intersection) except as permitted — any other driver","159.75","0.75","0.75 PU × $213 (2026-27, unit rounded up)","Traffic (Compliance and Enforcement) Regulations 2017 (Tas), Schedule 1","https://www.legislation.tas.gov.au/view/whole/html/inforce/current/sr-2017-049","in-force consolidation, retrieved 2026-08-21 (last amended 2025-12-10)","https://www.catoappeals.com/au/tas/parking-fines/stop-on-or-within-10-metres-of-approach-to-or-3-metres-after-marked-foot-crossing-not-at-intersection-except-as-permitted"
"TAS","Road Rules 2019 (Tas)","174(2)","223(a)","Stop within 10 metres of approach to or 3 metres after bicycle crossing lights (not at intersection) except as permitted — rider of a bicycle","53.25","0.25","0.25 PU × $213 (2026-27, unit rounded up)","Traffic (Compliance and Enforcement) Regulations 2017 (Tas), Schedule 1","https://www.legislation.tas.gov.au/view/whole/html/inforce/current/sr-2017-049","in-force consolidation, retrieved 2026-08-21 (last amended 2025-12-10)","https://www.catoappeals.com/au/tas/parking-fines/stop-within-10-metres-of-approach-to-or-3-metres-after-bicycle-crossing-lights-not-at-intersection-except-as-permitted"
"TAS","Road Rules 2019 (Tas)","174(2)","223(b)","Stop within 10 metres of approach to or 3 metres after bicycle crossing lights (not at intersection) except as permitted — any other driver","159.75","0.75","0.75 PU × $213 (2026-27, unit rounded up)","Traffic (Compliance and Enforcement) Regulations 2017 (Tas), Schedule 1","https://www.legislation.tas.gov.au/view/whole/html/inforce/current/sr-2017-049","in-force consolidation, retrieved 2026-08-21 (last amended 2025-12-10)","https://www.catoappeals.com/au/tas/parking-fines/stop-within-10-metres-of-approach-to-or-3-metres-after-bicycle-crossing-lights-not-at-intersection-except-as-permitted"
"TAS","Road Rules 2019 (Tas)","175(1)","224(a)","Stop on or within 20 metres either side of level crossing — rider of a bicycle","53.25","0.25","0.25 PU × $213 (2026-27, unit rounded up)","Traffic (Compliance and Enforcement) Regulations 2017 (Tas), Schedule 1","https://www.legislation.tas.gov.au/view/whole/html/inforce/current/sr-2017-049","in-force consolidation, retrieved 2026-08-21 (last amended 2025-12-10)","https://www.catoappeals.com/au/tas/parking-fines/stop-on-or-within-20-metres-either-side-of-level-crossing"
"TAS","Road Rules 2019 (Tas)","175(1)","224(b)","Stop on or within 20 metres either side of level crossing — any other driver","159.75","0.75","0.75 PU × $213 (2026-27, unit rounded up)","Traffic (Compliance and Enforcement) Regulations 2017 (Tas), Schedule 1","https://www.legislation.tas.gov.au/view/whole/html/inforce/current/sr-2017-049","in-force consolidation, retrieved 2026-08-21 (last amended 2025-12-10)","https://www.catoappeals.com/au/tas/parking-fines/stop-on-or-within-20-metres-either-side-of-level-crossing"
"TAS","Road Rules 2019 (Tas)","176(1)","225(a)","Disobey clearway sign except as permitted — rider of a bicycle","106.5","0.5","0.5 PU × $213 (2026-27, unit rounded up)","Traffic (Compliance and Enforcement) Regulations 2017 (Tas), Schedule 1","https://www.legislation.tas.gov.au/view/whole/html/inforce/current/sr-2017-049","in-force consolidation, retrieved 2026-08-21 (last amended 2025-12-10)","https://www.catoappeals.com/au/tas/parking-fines/disobey-clearway-sign-except-as-permitted"
"TAS","Road Rules 2019 (Tas)","176(1)","225(b)","Disobey clearway sign except as permitted — any other driver","159.75","0.75","0.75 PU × $213 (2026-27, unit rounded up)","Traffic (Compliance and Enforcement) Regulations 2017 (Tas), Schedule 1","https://www.legislation.tas.gov.au/view/whole/html/inforce/current/sr-2017-049","in-force consolidation, retrieved 2026-08-21 (last amended 2025-12-10)","https://www.catoappeals.com/au/tas/parking-fines/disobey-clearway-sign-except-as-permitted"
"TAS","Road Rules 2019 (Tas)","179(1)","226(a)","Stop in loading zone except as permitted — rider of a bicycle","53.25","0.25","0.25 PU × $213 (2026-27, unit rounded up)","Traffic (Compliance and Enforcement) Regulations 2017 (Tas), Schedule 1","https://www.legislation.tas.gov.au/view/whole/html/inforce/current/sr-2017-049","in-force consolidation, retrieved 2026-08-21 (last amended 2025-12-10)","https://www.catoappeals.com/au/tas/parking-fines/stop-in-loading-zone-except-as-permitted"
"TAS","Road Rules 2019 (Tas)","179(1)","226(b)","Stop in loading zone except as permitted — any other driver","106.5","0.5","0.5 PU × $213 (2026-27, unit rounded up)","Traffic (Compliance and Enforcement) Regulations 2017 (Tas), Schedule 1","https://www.legislation.tas.gov.au/view/whole/html/inforce/current/sr-2017-049","in-force consolidation, retrieved 2026-08-21 (last amended 2025-12-10)","https://www.catoappeals.com/au/tas/parking-fines/stop-in-loading-zone-except-as-permitted"
"TAS","Road Rules 2019 (Tas)","179(2)","227","Exceed time in loading zone","106.5","0.5","0.5 PU × $213 (2026-27, unit rounded up)","Traffic (Compliance and Enforcement) Regulations 2017 (Tas), Schedule 1","https://www.legislation.tas.gov.au/view/whole/html/inforce/current/sr-2017-049","in-force consolidation, retrieved 2026-08-21 (last amended 2025-12-10)","https://www.catoappeals.com/au/tas/parking-fines/stop-in-loading-zone-except-as-permitted"
"TAS","Road Rules 2019 (Tas)","180(1)","228(a)","Stop in truck zone except as permitted — rider of a bicycle","53.25","0.25","0.25 PU × $213 (2026-27, unit rounded up)","Traffic (Compliance and Enforcement) Regulations 2017 (Tas), Schedule 1","https://www.legislation.tas.gov.au/view/whole/html/inforce/current/sr-2017-049","in-force consolidation, retrieved 2026-08-21 (last amended 2025-12-10)","https://www.catoappeals.com/au/tas/parking-fines/stop-in-truck-zone-except-as-permitted"
"TAS","Road Rules 2019 (Tas)","180(1)","228(b)","Stop in truck zone except as permitted — any other driver","106.5","0.5","0.5 PU × $213 (2026-27, unit rounded up)","Traffic (Compliance and Enforcement) Regulations 2017 (Tas), Schedule 1","https://www.legislation.tas.gov.au/view/whole/html/inforce/current/sr-2017-049","in-force consolidation, retrieved 2026-08-21 (last amended 2025-12-10)","https://www.catoappeals.com/au/tas/parking-fines/stop-in-truck-zone-except-as-permitted"
"TAS","Road Rules 2019 (Tas)","181(1)","229(a)","Stop in works zone except as permitted — rider of a bicycle","53.25","0.25","0.25 PU × $213 (2026-27, unit rounded up)","Traffic (Compliance and Enforcement) Regulations 2017 (Tas), Schedule 1","https://www.legislation.tas.gov.au/view/whole/html/inforce/current/sr-2017-049","in-force consolidation, retrieved 2026-08-21 (last amended 2025-12-10)","https://www.catoappeals.com/au/tas/parking-fines/stop-in-works-zone-except-as-permitted"
"TAS","Road Rules 2019 (Tas)","181(1)","229(b)","Stop in works zone except as permitted — any other driver","106.5","0.5","0.5 PU × $213 (2026-27, unit rounded up)","Traffic (Compliance and Enforcement) Regulations 2017 (Tas), Schedule 1","https://www.legislation.tas.gov.au/view/whole/html/inforce/current/sr-2017-049","in-force consolidation, retrieved 2026-08-21 (last amended 2025-12-10)","https://www.catoappeals.com/au/tas/parking-fines/stop-in-works-zone-except-as-permitted"
"TAS","Road Rules 2019 (Tas)","182(1)","230(a)","Stop in taxi zone — rider of a bicycle","53.25","0.25","0.25 PU × $213 (2026-27, unit rounded up)","Traffic (Compliance and Enforcement) Regulations 2017 (Tas), Schedule 1","https://www.legislation.tas.gov.au/view/whole/html/inforce/current/sr-2017-049","in-force consolidation, retrieved 2026-08-21 (last amended 2025-12-10)","https://www.catoappeals.com/au/tas/parking-fines/stop-in-taxi-zone"
"TAS","Road Rules 2019 (Tas)","182(1)","230(b)","Stop in taxi zone — any other driver","106.5","0.5","0.5 PU × $213 (2026-27, unit rounded up)","Traffic (Compliance and Enforcement) Regulations 2017 (Tas), Schedule 1","https://www.legislation.tas.gov.au/view/whole/html/inforce/current/sr-2017-049","in-force consolidation, retrieved 2026-08-21 (last amended 2025-12-10)","https://www.catoappeals.com/au/tas/parking-fines/stop-in-taxi-zone"
"TAS","Road Rules 2019 (Tas)","183(1)","231(a)","Stop in bus zone except as permitted — rider of a bicycle","53.25","0.25","0.25 PU × $213 (2026-27, unit rounded up)","Traffic (Compliance and Enforcement) Regulations 2017 (Tas), Schedule 1","https://www.legislation.tas.gov.au/view/whole/html/inforce/current/sr-2017-049","in-force consolidation, retrieved 2026-08-21 (last amended 2025-12-10)","https://www.catoappeals.com/au/tas/parking-fines/stop-in-bus-zone-except-as-permitted"
"TAS","Road Rules 2019 (Tas)","183(1)","231(b)","Stop in bus zone except as permitted — any other driver","106.5","0.5","0.5 PU × $213 (2026-27, unit rounded up)","Traffic (Compliance and Enforcement) Regulations 2017 (Tas), Schedule 1","https://www.legislation.tas.gov.au/view/whole/html/inforce/current/sr-2017-049","in-force consolidation, retrieved 2026-08-21 (last amended 2025-12-10)","https://www.catoappeals.com/au/tas/parking-fines/stop-in-bus-zone-except-as-permitted"
"TAS","Road Rules 2019 (Tas)","185(1)","232(a)","Stop in permit zone — rider of a bicycle","53.25","0.25","0.25 PU × $213 (2026-27, unit rounded up)","Traffic (Compliance and Enforcement) Regulations 2017 (Tas), Schedule 1","https://www.legislation.tas.gov.au/view/whole/html/inforce/current/sr-2017-049","in-force consolidation, retrieved 2026-08-21 (last amended 2025-12-10)","https://www.catoappeals.com/au/tas/parking-fines/stop-in-permit-zone"
"TAS","Road Rules 2019 (Tas)","185(1)","232(b)","Stop in permit zone — any other driver","106.5","0.5","0.5 PU × $213 (2026-27, unit rounded up)","Traffic (Compliance and Enforcement) Regulations 2017 (Tas), Schedule 1","https://www.legislation.tas.gov.au/view/whole/html/inforce/current/sr-2017-049","in-force consolidation, retrieved 2026-08-21 (last amended 2025-12-10)","https://www.catoappeals.com/au/tas/parking-fines/stop-in-permit-zone"
"TAS","Road Rules 2019 (Tas)","186(1)","233(a)","Stop in mail zone — rider of a bicycle","53.25","0.25","0.25 PU × $213 (2026-27, unit rounded up)","Traffic (Compliance and Enforcement) Regulations 2017 (Tas), Schedule 1","https://www.legislation.tas.gov.au/view/whole/html/inforce/current/sr-2017-049","in-force consolidation, retrieved 2026-08-21 (last amended 2025-12-10)","https://www.catoappeals.com/au/tas/parking-fines/stop-in-mail-zone"
"TAS","Road Rules 2019 (Tas)","186(1)","233(b)","Stop in mail zone — any other driver","106.5","0.5","0.5 PU × $213 (2026-27, unit rounded up)","Traffic (Compliance and Enforcement) Regulations 2017 (Tas), Schedule 1","https://www.legislation.tas.gov.au/view/whole/html/inforce/current/sr-2017-049","in-force consolidation, retrieved 2026-08-21 (last amended 2025-12-10)","https://www.catoappeals.com/au/tas/parking-fines/stop-in-mail-zone"
"TAS","Road Rules 2019 (Tas)","187(1)","234(a)","Stop in bus/transit/truck lane except as permitted — rider of a bicycle","106.5","0.5","0.5 PU × $213 (2026-27, unit rounded up)","Traffic (Compliance and Enforcement) Regulations 2017 (Tas), Schedule 1","https://www.legislation.tas.gov.au/view/whole/html/inforce/current/sr-2017-049","in-force consolidation, retrieved 2026-08-21 (last amended 2025-12-10)","https://www.catoappeals.com/au/tas/parking-fines/stop-in-bus-transit-truck-lane-except-as-permitted"
"TAS","Road Rules 2019 (Tas)","187(1)","234(b)","Stop in bus/transit/truck lane except as permitted — any other driver","106.5","0.5","0.5 PU × $213 (2026-27, unit rounded up)","Traffic (Compliance and Enforcement) Regulations 2017 (Tas), Schedule 1","https://www.legislation.tas.gov.au/view/whole/html/inforce/current/sr-2017-049","in-force consolidation, retrieved 2026-08-21 (last amended 2025-12-10)","https://www.catoappeals.com/au/tas/parking-fines/stop-in-bus-transit-truck-lane-except-as-permitted"
"TAS","Road Rules 2019 (Tas)","187(4)","235A(a)","Stop in bus only lane except as permitted — rider of a bicycle","106.5","0.5","0.5 PU × $213 (2026-27, unit rounded up)","Traffic (Compliance and Enforcement) Regulations 2017 (Tas), Schedule 1","https://www.legislation.tas.gov.au/view/whole/html/inforce/current/sr-2017-049","in-force consolidation, retrieved 2026-08-21 (last amended 2025-12-10)","https://www.catoappeals.com/au/tas/parking-fines/stop-in-bus-transit-truck-lane-except-as-permitted"
"TAS","Road Rules 2019 (Tas)","187(4)","235A(b)","Stop in bus only lane except as permitted — any other driver","106.5","0.5","0.5 PU × $213 (2026-27, unit rounded up)","Traffic (Compliance and Enforcement) Regulations 2017 (Tas), Schedule 1","https://www.legislation.tas.gov.au/view/whole/html/inforce/current/sr-2017-049","in-force consolidation, retrieved 2026-08-21 (last amended 2025-12-10)","https://www.catoappeals.com/au/tas/parking-fines/stop-in-bus-transit-truck-lane-except-as-permitted"
"TAS","Road Rules 2019 (Tas)","187(2)","235","Stop in bicycle lane except as permitted","159.75","0.75","0.75 PU × $213 (2026-27, unit rounded up)","Traffic (Compliance and Enforcement) Regulations 2017 (Tas), Schedule 1","https://www.legislation.tas.gov.au/view/whole/html/inforce/current/sr-2017-049","in-force consolidation, retrieved 2026-08-21 (last amended 2025-12-10)","https://www.catoappeals.com/au/tas/parking-fines/stop-in-bus-transit-truck-lane-except-as-permitted"
"TAS","Road Rules 2019 (Tas)","188","236(a)","Stop in shared zone except as permitted — rider of a bicycle","53.25","0.25","0.25 PU × $213 (2026-27, unit rounded up)","Traffic (Compliance and Enforcement) Regulations 2017 (Tas), Schedule 1","https://www.legislation.tas.gov.au/view/whole/html/inforce/current/sr-2017-049","in-force consolidation, retrieved 2026-08-21 (last amended 2025-12-10)","https://www.catoappeals.com/au/tas/parking-fines/stop-in-shared-zone-except-as-permitted"
"TAS","Road Rules 2019 (Tas)","188","236(b)","Stop in shared zone except as permitted — any other driver","106.5","0.5","0.5 PU × $213 (2026-27, unit rounded up)","Traffic (Compliance and Enforcement) Regulations 2017 (Tas), Schedule 1","https://www.legislation.tas.gov.au/view/whole/html/inforce/current/sr-2017-049","in-force consolidation, retrieved 2026-08-21 (last amended 2025-12-10)","https://www.catoappeals.com/au/tas/parking-fines/stop-in-shared-zone-except-as-permitted"
"TAS","Road Rules 2019 (Tas)","189(1)","237(a)","Double park on road — rider of a bicycle","53.25","0.25","0.25 PU × $213 (2026-27, unit rounded up)","Traffic (Compliance and Enforcement) Regulations 2017 (Tas), Schedule 1","https://www.legislation.tas.gov.au/view/whole/html/inforce/current/sr-2017-049","in-force consolidation, retrieved 2026-08-21 (last amended 2025-12-10)","https://www.catoappeals.com/au/tas/parking-fines/double-park-on-road"
"TAS","Road Rules 2019 (Tas)","189(1)","237(b)","Double park on road — any other driver","159.75","0.75","0.75 PU × $213 (2026-27, unit rounded up)","Traffic (Compliance and Enforcement) Regulations 2017 (Tas), Schedule 1","https://www.legislation.tas.gov.au/view/whole/html/inforce/current/sr-2017-049","in-force consolidation, retrieved 2026-08-21 (last amended 2025-12-10)","https://www.catoappeals.com/au/tas/parking-fines/double-park-on-road"
"TAS","Road Rules 2019 (Tas)","191","238(a)","Stop (near obstruction) in such position to obstruct traffic — rider of a bicycle","106.5","0.5","0.5 PU × $213 (2026-27, unit rounded up)","Traffic (Compliance and Enforcement) Regulations 2017 (Tas), Schedule 1","https://www.legislation.tas.gov.au/view/whole/html/inforce/current/sr-2017-049","in-force consolidation, retrieved 2026-08-21 (last amended 2025-12-10)","https://www.catoappeals.com/au/tas/parking-fines/stop-near-obstruction-in-such-position-to-obstruct-traffic"
"TAS","Road Rules 2019 (Tas)","191","238(b)","Stop (near obstruction) in such position to obstruct traffic — any other driver","159.75","0.75","0.75 PU × $213 (2026-27, unit rounded up)","Traffic (Compliance and Enforcement) Regulations 2017 (Tas), Schedule 1","https://www.legislation.tas.gov.au/view/whole/html/inforce/current/sr-2017-049","in-force consolidation, retrieved 2026-08-21 (last amended 2025-12-10)","https://www.catoappeals.com/au/tas/parking-fines/stop-near-obstruction-in-such-position-to-obstruct-traffic"
"TAS","Road Rules 2019 (Tas)","192(1)","239(a)","Stop on bridge/causeway/ramp or similar except as permitted — rider of a bicycle","106.5","0.5","0.5 PU × $213 (2026-27, unit rounded up)","Traffic (Compliance and Enforcement) Regulations 2017 (Tas), Schedule 1","https://www.legislation.tas.gov.au/view/whole/html/inforce/current/sr-2017-049","in-force consolidation, retrieved 2026-08-21 (last amended 2025-12-10)","https://www.catoappeals.com/au/tas/parking-fines/stop-on-bridge-causeway-ramp-or-similar-except-as-permitted"
"TAS","Road Rules 2019 (Tas)","192(1)","239(b)","Stop on bridge/causeway/ramp or similar except as permitted — any other driver","159.75","0.75","0.75 PU × $213 (2026-27, unit rounded up)","Traffic (Compliance and Enforcement) Regulations 2017 (Tas), Schedule 1","https://www.legislation.tas.gov.au/view/whole/html/inforce/current/sr-2017-049","in-force consolidation, retrieved 2026-08-21 (last amended 2025-12-10)","https://www.catoappeals.com/au/tas/parking-fines/stop-on-bridge-causeway-ramp-or-similar-except-as-permitted"
"TAS","Road Rules 2019 (Tas)","192(2)","240(a)","Stop in tunnel/underpass except as permitted — rider of a bicycle","106.5","0.5","0.5 PU × $213 (2026-27, unit rounded up)","Traffic (Compliance and Enforcement) Regulations 2017 (Tas), Schedule 1","https://www.legislation.tas.gov.au/view/whole/html/inforce/current/sr-2017-049","in-force consolidation, retrieved 2026-08-21 (last amended 2025-12-10)","https://www.catoappeals.com/au/tas/parking-fines/stop-on-bridge-causeway-ramp-or-similar-except-as-permitted"
"TAS","Road Rules 2019 (Tas)","192(2)","240(b)","Stop in tunnel/underpass except as permitted — any other driver","159.75","0.75","0.75 PU × $213 (2026-27, unit rounded up)","Traffic (Compliance and Enforcement) Regulations 2017 (Tas), Schedule 1","https://www.legislation.tas.gov.au/view/whole/html/inforce/current/sr-2017-049","in-force consolidation, retrieved 2026-08-21 (last amended 2025-12-10)","https://www.catoappeals.com/au/tas/parking-fines/stop-on-bridge-causeway-ramp-or-similar-except-as-permitted"
"TAS","Road Rules 2019 (Tas)","193(1)","241(a)","Stop on or near crest/curve (outside built-up area) except as permitted — rider of a bicycle","106.5","0.5","0.5 PU × $213 (2026-27, unit rounded up)","Traffic (Compliance and Enforcement) Regulations 2017 (Tas), Schedule 1","https://www.legislation.tas.gov.au/view/whole/html/inforce/current/sr-2017-049","in-force consolidation, retrieved 2026-08-21 (last amended 2025-12-10)","https://www.catoappeals.com/au/tas/parking-fines/stop-on-or-near-crest-curve-outside-built-up-area-except-as-permitted"
"TAS","Road Rules 2019 (Tas)","193(1)","241(b)","Stop on or near crest/curve (outside built-up area) except as permitted — any other driver","159.75","0.75","0.75 PU × $213 (2026-27, unit rounded up)","Traffic (Compliance and Enforcement) Regulations 2017 (Tas), Schedule 1","https://www.legislation.tas.gov.au/view/whole/html/inforce/current/sr-2017-049","in-force consolidation, retrieved 2026-08-21 (last amended 2025-12-10)","https://www.catoappeals.com/au/tas/parking-fines/stop-on-or-near-crest-curve-outside-built-up-area-except-as-permitted"
"TAS","Road Rules 2019 (Tas)","194(1)","242(a)","Stop within one metre of fire hydrant/indicator/fire plug indicator except as permitted — rider of a bicycle","53.25","0.25","0.25 PU × $213 (2026-27, unit rounded up)","Traffic (Compliance and Enforcement) Regulations 2017 (Tas), Schedule 1","https://www.legislation.tas.gov.au/view/whole/html/inforce/current/sr-2017-049","in-force consolidation, retrieved 2026-08-21 (last amended 2025-12-10)","https://www.catoappeals.com/au/tas/parking-fines/stop-within-one-metre-of-fire-hydrant-indicator-fire-plug-indicator-except-as-permitted"
"TAS","Road Rules 2019 (Tas)","194(1)","242(b)","Stop within one metre of fire hydrant/indicator/fire plug indicator except as permitted — any other driver","106.5","0.5","0.5 PU × $213 (2026-27, unit rounded up)","Traffic (Compliance and Enforcement) Regulations 2017 (Tas), Schedule 1","https://www.legislation.tas.gov.au/view/whole/html/inforce/current/sr-2017-049","in-force consolidation, retrieved 2026-08-21 (last amended 2025-12-10)","https://www.catoappeals.com/au/tas/parking-fines/stop-within-one-metre-of-fire-hydrant-indicator-fire-plug-indicator-except-as-permitted"
"TAS","Road Rules 2019 (Tas)","195(1)","243(a)","Stop within 20 metres of approach to or within 10 metres after bus stop sign — rider of a bicycle","53.25","0.25","0.25 PU × $213 (2026-27, unit rounded up)","Traffic (Compliance and Enforcement) Regulations 2017 (Tas), Schedule 1","https://www.legislation.tas.gov.au/view/whole/html/inforce/current/sr-2017-049","in-force consolidation, retrieved 2026-08-21 (last amended 2025-12-10)","https://www.catoappeals.com/au/tas/parking-fines/stop-within-20-metres-of-approach-to-or-within-10-metres-after-bus-stop-sign"
"TAS","Road Rules 2019 (Tas)","195(1)","243(b)","Stop within 20 metres of approach to or within 10 metres after bus stop sign — any other driver","106.5","0.5","0.5 PU × $213 (2026-27, unit rounded up)","Traffic (Compliance and Enforcement) Regulations 2017 (Tas), Schedule 1","https://www.legislation.tas.gov.au/view/whole/html/inforce/current/sr-2017-049","in-force consolidation, retrieved 2026-08-21 (last amended 2025-12-10)","https://www.catoappeals.com/au/tas/parking-fines/stop-within-20-metres-of-approach-to-or-within-10-metres-after-bus-stop-sign"
"TAS","Road Rules 2019 (Tas)","197(1A)","245(a)","Stop on a painted island — rider of a bicycle","53.25","0.25","0.25 PU × $213 (2026-27, unit rounded up)","Traffic (Compliance and Enforcement) Regulations 2017 (Tas), Schedule 1","https://www.legislation.tas.gov.au/view/whole/html/inforce/current/sr-2017-049","in-force consolidation, retrieved 2026-08-21 (last amended 2025-12-10)","https://www.catoappeals.com/au/tas/parking-fines/stop-on-a-painted-island"
"TAS","Road Rules 2019 (Tas)","197(1A)","245(b)","Stop on a painted island — any other driver","106.5","0.5","0.5 PU × $213 (2026-27, unit rounded up)","Traffic (Compliance and Enforcement) Regulations 2017 (Tas), Schedule 1","https://www.legislation.tas.gov.au/view/whole/html/inforce/current/sr-2017-049","in-force consolidation, retrieved 2026-08-21 (last amended 2025-12-10)","https://www.catoappeals.com/au/tas/parking-fines/stop-on-a-painted-island"
"TAS","Road Rules 2019 (Tas)","197(1)","244","Stop (other than rider of a bicycle/animal) on bicycle path/footpath/shared path/dividing strip or nature strip (other than own) in built-up area except as permitted","106.5","0.5","0.5 PU × $213 (2026-27, unit rounded up)","Traffic (Compliance and Enforcement) Regulations 2017 (Tas), Schedule 1","https://www.legislation.tas.gov.au/view/whole/html/inforce/current/sr-2017-049","in-force consolidation, retrieved 2026-08-21 (last amended 2025-12-10)","https://www.catoappeals.com/au/tas/parking-fines/stop-on-a-painted-island"
"TAS","Road Rules 2019 (Tas)","198(1)","246(a)","Obstruct access to/from footpath ramp (or similar access) to foot/bicycle path or passageway — rider of a bicycle","53.25","0.25","0.25 PU × $213 (2026-27, unit rounded up)","Traffic (Compliance and Enforcement) Regulations 2017 (Tas), Schedule 1","https://www.legislation.tas.gov.au/view/whole/html/inforce/current/sr-2017-049","in-force consolidation, retrieved 2026-08-21 (last amended 2025-12-10)","https://www.catoappeals.com/au/tas/parking-fines/obstruct-access-to-from-footpath-ramp-or-similar-access-to-foot-bicycle-path-or-passageway"
"TAS","Road Rules 2019 (Tas)","198(1)","246(b)","Obstruct access to/from footpath ramp (or similar access) to foot/bicycle path or passageway — any other driver","106.5","0.5","0.5 PU × $213 (2026-27, unit rounded up)","Traffic (Compliance and Enforcement) Regulations 2017 (Tas), Schedule 1","https://www.legislation.tas.gov.au/view/whole/html/inforce/current/sr-2017-049","in-force consolidation, retrieved 2026-08-21 (last amended 2025-12-10)","https://www.catoappeals.com/au/tas/parking-fines/obstruct-access-to-from-footpath-ramp-or-similar-access-to-foot-bicycle-path-or-passageway"
"TAS","Road Rules 2019 (Tas)","198(2)","247(a)","Stop on/across driveway or similar vehicular access except as permitted — rider of a bicycle","53.25","0.25","0.25 PU × $213 (2026-27, unit rounded up)","Traffic (Compliance and Enforcement) Regulations 2017 (Tas), Schedule 1","https://www.legislation.tas.gov.au/view/whole/html/inforce/current/sr-2017-049","in-force consolidation, retrieved 2026-08-21 (last amended 2025-12-10)","https://www.catoappeals.com/au/tas/parking-fines/obstruct-access-to-from-footpath-ramp-or-similar-access-to-foot-bicycle-path-or-passageway"
"TAS","Road Rules 2019 (Tas)","198(2)","247(b)","Stop on/across driveway or similar vehicular access except as permitted — any other driver","106.5","0.5","0.5 PU × $213 (2026-27, unit rounded up)","Traffic (Compliance and Enforcement) Regulations 2017 (Tas), Schedule 1","https://www.legislation.tas.gov.au/view/whole/html/inforce/current/sr-2017-049","in-force consolidation, retrieved 2026-08-21 (last amended 2025-12-10)","https://www.catoappeals.com/au/tas/parking-fines/obstruct-access-to-from-footpath-ramp-or-similar-access-to-foot-bicycle-path-or-passageway"
"TAS","Road Rules 2019 (Tas)","199(1)","248(a)","Stop within 3 metres of public post box except as permitted — rider of a bicycle","53.25","0.25","0.25 PU × $213 (2026-27, unit rounded up)","Traffic (Compliance and Enforcement) Regulations 2017 (Tas), Schedule 1","https://www.legislation.tas.gov.au/view/whole/html/inforce/current/sr-2017-049","in-force consolidation, retrieved 2026-08-21 (last amended 2025-12-10)","https://www.catoappeals.com/au/tas/parking-fines/stop-within-3-metres-of-public-post-box-except-as-permitted"
"TAS","Road Rules 2019 (Tas)","199(1)","248(b)","Stop within 3 metres of public post box except as permitted — any other driver","106.5","0.5","0.5 PU × $213 (2026-27, unit rounded up)","Traffic (Compliance and Enforcement) Regulations 2017 (Tas), Schedule 1","https://www.legislation.tas.gov.au/view/whole/html/inforce/current/sr-2017-049","in-force consolidation, retrieved 2026-08-21 (last amended 2025-12-10)","https://www.catoappeals.com/au/tas/parking-fines/stop-within-3-metres-of-public-post-box-except-as-permitted"
"TAS","Road Rules 2019 (Tas)","202","252(a)","Stop contrary to motor bike parking sign — rider of a bicycle","106.5","0.5","0.5 PU × $213 (2026-27, unit rounded up)","Traffic (Compliance and Enforcement) Regulations 2017 (Tas), Schedule 1","https://www.legislation.tas.gov.au/view/whole/html/inforce/current/sr-2017-049","in-force consolidation, retrieved 2026-08-21 (last amended 2025-12-10)","https://www.catoappeals.com/au/tas/parking-fines/stop-contrary-to-motor-bike-parking-sign"
"TAS","Road Rules 2019 (Tas)","202","252(b)","Stop contrary to motor bike parking sign — any other driver","106.5","0.5","0.5 PU × $213 (2026-27, unit rounded up)","Traffic (Compliance and Enforcement) Regulations 2017 (Tas), Schedule 1","https://www.legislation.tas.gov.au/view/whole/html/inforce/current/sr-2017-049","in-force consolidation, retrieved 2026-08-21 (last amended 2025-12-10)","https://www.catoappeals.com/au/tas/parking-fines/stop-contrary-to-motor-bike-parking-sign"
"TAS","Road Rules 2019 (Tas)","203(1)","253(a)","Stop in parking area for people with disabilities except as permitted — rider of a bicycle","106.5","0.5","0.5 PU × $213 (2026-27, unit rounded up)","Traffic (Compliance and Enforcement) Regulations 2017 (Tas), Schedule 1","https://www.legislation.tas.gov.au/view/whole/html/inforce/current/sr-2017-049","in-force consolidation, retrieved 2026-08-21 (last amended 2025-12-10)","https://www.catoappeals.com/au/tas/parking-fines/stop-in-parking-area-for-people-with-disabilities-except-as-permitted"
"TAS","Road Rules 2019 (Tas)","203(1)","253(b)","Stop in parking area for people with disabilities except as permitted — any other driver","213","1","1 PU × $213 (2026-27, unit rounded up)","Traffic (Compliance and Enforcement) Regulations 2017 (Tas), Schedule 1","https://www.legislation.tas.gov.au/view/whole/html/inforce/current/sr-2017-049","in-force consolidation, retrieved 2026-08-21 (last amended 2025-12-10)","https://www.catoappeals.com/au/tas/parking-fines/stop-in-parking-area-for-people-with-disabilities-except-as-permitted"
"TAS","Road Rules 2019 (Tas)","203A","254(a)","Stop in slip lane except as permitted — rider of a bicycle","106.5","0.5","0.5 PU × $213 (2026-27, unit rounded up)","Traffic (Compliance and Enforcement) Regulations 2017 (Tas), Schedule 1","https://www.legislation.tas.gov.au/view/whole/html/inforce/current/sr-2017-049","in-force consolidation, retrieved 2026-08-21 (last amended 2025-12-10)","https://www.catoappeals.com/au/tas/parking-fines/stop-in-slip-lane-except-as-permitted"
"TAS","Road Rules 2019 (Tas)","203A","254(b)","Stop in slip lane except as permitted — any other driver","159.75","0.75","0.75 PU × $213 (2026-27, unit rounded up)","Traffic (Compliance and Enforcement) Regulations 2017 (Tas), Schedule 1","https://www.legislation.tas.gov.au/view/whole/html/inforce/current/sr-2017-049","in-force consolidation, retrieved 2026-08-21 (last amended 2025-12-10)","https://www.catoappeals.com/au/tas/parking-fines/stop-in-slip-lane-except-as-permitted"
"TAS","Road Rules 2019 (Tas)","203B","254A(a)","Stop in parking area for electric-powered vehicles except as permitted — rider of a bicycle","106.5","0.5","0.5 PU × $213 (2026-27, unit rounded up)","Traffic (Compliance and Enforcement) Regulations 2017 (Tas), Schedule 1","https://www.legislation.tas.gov.au/view/whole/html/inforce/current/sr-2017-049","in-force consolidation, retrieved 2026-08-21 (last amended 2025-12-10)","https://www.catoappeals.com/au/tas/parking-fines/stop-in-parking-area-for-electric-powered-vehicles-except-as-permitted"
"TAS","Road Rules 2019 (Tas)","203B","254A(b)","Stop in parking area for electric-powered vehicles except as permitted — any other driver","213","1","1 PU × $213 (2026-27, unit rounded up)","Traffic (Compliance and Enforcement) Regulations 2017 (Tas), Schedule 1","https://www.legislation.tas.gov.au/view/whole/html/inforce/current/sr-2017-049","in-force consolidation, retrieved 2026-08-21 (last amended 2025-12-10)","https://www.catoappeals.com/au/tas/parking-fines/stop-in-parking-area-for-electric-powered-vehicles-except-as-permitted"
"TAS","Road Rules 2019 (Tas)","203C","254B(a)","Stop in parking area for charging of electric-powered vehicles except as permitted — rider of a bicycle","106.5","0.5","0.5 PU × $213 (2026-27, unit rounded up)","Traffic (Compliance and Enforcement) Regulations 2017 (Tas), Schedule 1","https://www.legislation.tas.gov.au/view/whole/html/inforce/current/sr-2017-049","in-force consolidation, retrieved 2026-08-21 (last amended 2025-12-10)","https://www.catoappeals.com/au/tas/parking-fines/stop-in-parking-area-for-charging-of-electric-powered-vehicles-except-as-permitted"
"TAS","Road Rules 2019 (Tas)","203C","254B(b)","Stop in parking area for charging of electric-powered vehicles except as permitted — any other driver","213","1","1 PU × $213 (2026-27, unit rounded up)","Traffic (Compliance and Enforcement) Regulations 2017 (Tas), Schedule 1","https://www.legislation.tas.gov.au/view/whole/html/inforce/current/sr-2017-049","in-force consolidation, retrieved 2026-08-21 (last amended 2025-12-10)","https://www.catoappeals.com/au/tas/parking-fines/stop-in-parking-area-for-charging-of-electric-powered-vehicles-except-as-permitted"
"TAS","Road Rules 2019 (Tas)","205(1)","255(a)","Park continuously for longer than permitted by sign — rider of a bicycle","53.25","0.25","0.25 PU × $213 (2026-27, unit rounded up)","Traffic (Compliance and Enforcement) Regulations 2017 (Tas), Schedule 1","https://www.legislation.tas.gov.au/view/whole/html/inforce/current/sr-2017-049","in-force consolidation, retrieved 2026-08-21 (last amended 2025-12-10)","https://www.catoappeals.com/au/tas/parking-fines/park-continuously-for-longer-than-permitted-by-sign"
"TAS","Road Rules 2019 (Tas)","205(1)","255(b)","Park continuously for longer than permitted by sign — any other driver","53.25","0.25","0.25 PU × $213 (2026-27, unit rounded up)","Traffic (Compliance and Enforcement) Regulations 2017 (Tas), Schedule 1","https://www.legislation.tas.gov.au/view/whole/html/inforce/current/sr-2017-049","in-force consolidation, retrieved 2026-08-21 (last amended 2025-12-10)","https://www.catoappeals.com/au/tas/parking-fines/park-continuously-for-longer-than-permitted-by-sign"
"TAS","Road Rules 2019 (Tas)","208(1)","256(a)","Incorrect parallel park on road (other than median strip parking) — rider of a bicycle","106.5","0.5","0.5 PU × $213 (2026-27, unit rounded up)","Traffic (Compliance and Enforcement) Regulations 2017 (Tas), Schedule 1","https://www.legislation.tas.gov.au/view/whole/html/inforce/current/sr-2017-049","in-force consolidation, retrieved 2026-08-21 (last amended 2025-12-10)","https://www.catoappeals.com/au/tas/parking-fines/incorrect-parallel-park-on-road-other-than-median-strip-parking"
"TAS","Road Rules 2019 (Tas)","208(1)","256(b)","Incorrect parallel park on road (other than median strip parking) — any other driver","106.5","0.5","0.5 PU × $213 (2026-27, unit rounded up)","Traffic (Compliance and Enforcement) Regulations 2017 (Tas), Schedule 1","https://www.legislation.tas.gov.au/view/whole/html/inforce/current/sr-2017-049","in-force consolidation, retrieved 2026-08-21 (last amended 2025-12-10)","https://www.catoappeals.com/au/tas/parking-fines/incorrect-parallel-park-on-road-other-than-median-strip-parking"
"TAS","Road Rules 2019 (Tas)","208A","257(a)","Incorrect parallel park in road-related area (other than median strip parking) — rider of a bicycle","106.5","0.5","0.5 PU × $213 (2026-27, unit rounded up)","Traffic (Compliance and Enforcement) Regulations 2017 (Tas), Schedule 1","https://www.legislation.tas.gov.au/view/whole/html/inforce/current/sr-2017-049","in-force consolidation, retrieved 2026-08-21 (last amended 2025-12-10)","https://www.catoappeals.com/au/tas/parking-fines/incorrect-parallel-park-in-road-related-area-other-than-median-strip-parking"
"TAS","Road Rules 2019 (Tas)","208A","257(b)","Incorrect parallel park in road-related area (other than median strip parking) — any other driver","106.5","0.5","0.5 PU × $213 (2026-27, unit rounded up)","Traffic (Compliance and Enforcement) Regulations 2017 (Tas), Schedule 1","https://www.legislation.tas.gov.au/view/whole/html/inforce/current/sr-2017-049","in-force consolidation, retrieved 2026-08-21 (last amended 2025-12-10)","https://www.catoappeals.com/au/tas/parking-fines/incorrect-parallel-park-in-road-related-area-other-than-median-strip-parking"
"TAS","Road Rules 2019 (Tas)","209(2)","258(a)","Incorrect parallel park (median strip parking) — rider of a bicycle","106.5","0.5","0.5 PU × $213 (2026-27, unit rounded up)","Traffic (Compliance and Enforcement) Regulations 2017 (Tas), Schedule 1","https://www.legislation.tas.gov.au/view/whole/html/inforce/current/sr-2017-049","in-force consolidation, retrieved 2026-08-21 (last amended 2025-12-10)","https://www.catoappeals.com/au/tas/parking-fines/incorrect-parallel-park-median-strip-parking"
"TAS","Road Rules 2019 (Tas)","209(2)","258(b)","Incorrect parallel park (median strip parking) — any other driver","106.5","0.5","0.5 PU × $213 (2026-27, unit rounded up)","Traffic (Compliance and Enforcement) Regulations 2017 (Tas), Schedule 1","https://www.legislation.tas.gov.au/view/whole/html/inforce/current/sr-2017-049","in-force consolidation, retrieved 2026-08-21 (last amended 2025-12-10)","https://www.catoappeals.com/au/tas/parking-fines/incorrect-parallel-park-median-strip-parking"
"TAS","Road Rules 2019 (Tas)","210(1)","259(a)","Incorrect angle parking — rider of a bicycle","106.5","0.5","0.5 PU × $213 (2026-27, unit rounded up)","Traffic (Compliance and Enforcement) Regulations 2017 (Tas), Schedule 1","https://www.legislation.tas.gov.au/view/whole/html/inforce/current/sr-2017-049","in-force consolidation, retrieved 2026-08-21 (last amended 2025-12-10)","https://www.catoappeals.com/au/tas/parking-fines/incorrect-angle-parking"
"TAS","Road Rules 2019 (Tas)","210(1)","259(b)","Incorrect angle parking — any other driver","106.5","0.5","0.5 PU × $213 (2026-27, unit rounded up)","Traffic (Compliance and Enforcement) Regulations 2017 (Tas), Schedule 1","https://www.legislation.tas.gov.au/view/whole/html/inforce/current/sr-2017-049","in-force consolidation, retrieved 2026-08-21 (last amended 2025-12-10)","https://www.catoappeals.com/au/tas/parking-fines/incorrect-angle-parking"
"TAS","Road Rules 2019 (Tas)","211(2)","260(a)","Fail to park vehicle wholly within parking bay — rider of a bicycle","106.5","0.5","0.5 PU × $213 (2026-27, unit rounded up)","Traffic (Compliance and Enforcement) Regulations 2017 (Tas), Schedule 1","https://www.legislation.tas.gov.au/view/whole/html/inforce/current/sr-2017-049","in-force consolidation, retrieved 2026-08-21 (last amended 2025-12-10)","https://www.catoappeals.com/au/tas/parking-fines/fail-to-park-vehicle-wholly-within-parking-bay"
"TAS","Road Rules 2019 (Tas)","211(2)","260(b)","Fail to park vehicle wholly within parking bay — any other driver","106.5","0.5","0.5 PU × $213 (2026-27, unit rounded up)","Traffic (Compliance and Enforcement) Regulations 2017 (Tas), Schedule 1","https://www.legislation.tas.gov.au/view/whole/html/inforce/current/sr-2017-049","in-force consolidation, retrieved 2026-08-21 (last amended 2025-12-10)","https://www.catoappeals.com/au/tas/parking-fines/fail-to-park-vehicle-wholly-within-parking-bay"
"TAS","Road Rules 2019 (Tas)","211(3)","261","Use more parking bays than necessary","106.5","0.5","0.5 PU × $213 (2026-27, unit rounded up)","Traffic (Compliance and Enforcement) Regulations 2017 (Tas), Schedule 1","https://www.legislation.tas.gov.au/view/whole/html/inforce/current/sr-2017-049","in-force consolidation, retrieved 2026-08-21 (last amended 2025-12-10)","https://www.catoappeals.com/au/tas/parking-fines/fail-to-park-vehicle-wholly-within-parking-bay"
"TAS","Road Rules 2019 (Tas)","212(1)","262(a)","Fail to enter/leave median strip park in direction indicated — rider of a bicycle","53.25","0.25","0.25 PU × $213 (2026-27, unit rounded up)","Traffic (Compliance and Enforcement) Regulations 2017 (Tas), Schedule 1","https://www.legislation.tas.gov.au/view/whole/html/inforce/current/sr-2017-049","in-force consolidation, retrieved 2026-08-21 (last amended 2025-12-10)","https://www.catoappeals.com/au/tas/parking-fines/fail-to-enter-leave-median-strip-park-in-direction-indicated"
"TAS","Road Rules 2019 (Tas)","212(1)","262(b)","Fail to enter/leave median strip park in direction indicated — any other driver","213","1","1 PU × $213 (2026-27, unit rounded up)","Traffic (Compliance and Enforcement) Regulations 2017 (Tas), Schedule 1","https://www.legislation.tas.gov.au/view/whole/html/inforce/current/sr-2017-049","in-force consolidation, retrieved 2026-08-21 (last amended 2025-12-10)","https://www.catoappeals.com/au/tas/parking-fines/fail-to-enter-leave-median-strip-park-in-direction-indicated"
"TAS","Road Rules 2019 (Tas)","212(2)","263","Fail to enter/leave median strip parking area in forward direction (when no direction given)","159.75","0.75","0.75 PU × $213 (2026-27, unit rounded up)","Traffic (Compliance and Enforcement) Regulations 2017 (Tas), Schedule 1","https://www.legislation.tas.gov.au/view/whole/html/inforce/current/sr-2017-049","in-force consolidation, retrieved 2026-08-21 (last amended 2025-12-10)","https://www.catoappeals.com/au/tas/parking-fines/fail-to-enter-leave-median-strip-park-in-direction-indicated"
"TAS","Road Rules 2019 (Tas)","200(1)","249","Stop heavy/long vehicle other than on road shoulder (when not in built-up area)","213","1","1 PU × $213 (2026-27, unit rounded up)","Traffic (Compliance and Enforcement) Regulations 2017 (Tas), Schedule 1","https://www.legislation.tas.gov.au/view/whole/html/inforce/current/sr-2017-049","in-force consolidation, retrieved 2026-08-21 (last amended 2025-12-10)","https://www.catoappeals.com/au/tas/parking-fines/stop-heavy-long-vehicle-other-than-on-road-shoulder-when-not-in-built-up-area"
"TAS","Road Rules 2019 (Tas)","200(2)","250","Stop heavy/long vehicle on road (in built-up area) longer than 1 hour except as permitted","159.75","0.75","0.75 PU × $213 (2026-27, unit rounded up)","Traffic (Compliance and Enforcement) Regulations 2017 (Tas), Schedule 1","https://www.legislation.tas.gov.au/view/whole/html/inforce/current/sr-2017-049","in-force consolidation, retrieved 2026-08-21 (last amended 2025-12-10)","https://www.catoappeals.com/au/tas/parking-fines/stop-heavy-long-vehicle-other-than-on-road-shoulder-when-not-in-built-up-area"
"TAS","Road Rules 2019 (Tas)","201","251","Stop contrary to bicycle parking sign","106.5","0.5","0.5 PU × $213 (2026-27, unit rounded up)","Traffic (Compliance and Enforcement) Regulations 2017 (Tas), Schedule 1","https://www.legislation.tas.gov.au/view/whole/html/inforce/current/sr-2017-049","in-force consolidation, retrieved 2026-08-21 (last amended 2025-12-10)","https://www.catoappeals.com/au/tas/parking-fines/stop-contrary-to-bicycle-parking-sign"
"TAS","Road Rules 2019 (Tas)","213(2)","264","Fail to effectively apply parking brake/restrain motor vehicle in some way","159.75","0.75","0.75 PU × $213 (2026-27, unit rounded up)","Traffic (Compliance and Enforcement) Regulations 2017 (Tas), Schedule 1","https://www.legislation.tas.gov.au/view/whole/html/inforce/current/sr-2017-049","in-force consolidation, retrieved 2026-08-21 (last amended 2025-12-10)","https://www.catoappeals.com/au/tas/parking-fines/fail-to-effectively-apply-parking-brake-restrain-motor-vehicle-in-some-way"
"TAS","Road Rules 2019 (Tas)","213(3)","265","Driver leaving motor vehicle fail to switch off engine if will be over 3 metres from motor vehicle","159.75","0.75","0.75 PU × $213 (2026-27, unit rounded up)","Traffic (Compliance and Enforcement) Regulations 2017 (Tas), Schedule 1","https://www.legislation.tas.gov.au/view/whole/html/inforce/current/sr-2017-049","in-force consolidation, retrieved 2026-08-21 (last amended 2025-12-10)","https://www.catoappeals.com/au/tas/parking-fines/fail-to-effectively-apply-parking-brake-restrain-motor-vehicle-in-some-way"
"TAS","Road Rules 2019 (Tas)","213(4)","266","Fail to remove ignition key (when over 3 metres from motor vehicle unattended by person at least 16 years)","106.5","0.5","0.5 PU × $213 (2026-27, unit rounded up)","Traffic (Compliance and Enforcement) Regulations 2017 (Tas), Schedule 1","https://www.legislation.tas.gov.au/view/whole/html/inforce/current/sr-2017-049","in-force consolidation, retrieved 2026-08-21 (last amended 2025-12-10)","https://www.catoappeals.com/au/tas/parking-fines/fail-to-effectively-apply-parking-brake-restrain-motor-vehicle-in-some-way"
"TAS","Road Rules 2019 (Tas)","213(5)","267","Fail to lock doors or secure windows (when over 3 metres from motor vehicle unattended by person at least 16 years)","106.5","0.5","0.5 PU × $213 (2026-27, unit rounded up)","Traffic (Compliance and Enforcement) Regulations 2017 (Tas), Schedule 1","https://www.legislation.tas.gov.au/view/whole/html/inforce/current/sr-2017-049","in-force consolidation, retrieved 2026-08-21 (last amended 2025-12-10)","https://www.catoappeals.com/au/tas/parking-fines/fail-to-effectively-apply-parking-brake-restrain-motor-vehicle-in-some-way"
"ACT","Road Transport (Road Rules) Regulation 2017 (ACT)","210","1.16-286.1","not park at specified angle (by contravening 210 (2) (a))","145","","","Road Transport (Offences) Regulation 2005 (ACT) SL2005-11, Schedule 1, republication R105 (authorised DOCX)","https://www.legislation.act.gov.au/DownloadFile/sl/2005-11/current/DOCX/2005-11.DOCX","2026-08-01","https://www.catoappeals.com/au/act/parking-fines/210-not-park-at-specified-angle"
"ACT","Road Transport (Road Rules) Regulation 2017 (ACT)","210","1.16-286.2","not park rear out at specified angle (by contravening 210 (2) (b))","145","","","Road Transport (Offences) Regulation 2005 (ACT) SL2005-11, Schedule 1, republication R105 (authorised DOCX)","https://www.legislation.act.gov.au/DownloadFile/sl/2005-11/current/DOCX/2005-11.DOCX","2026-08-01","https://www.catoappeals.com/au/act/parking-fines/210-not-park-at-specified-angle"
"ACT","Road Transport (Road Rules) Regulation 2017 (ACT)","210","1.16-286.3","not park at 45 (no angle specified) (by contravening 210 (2A) (a))","145","","","Road Transport (Offences) Regulation 2005 (ACT) SL2005-11, Schedule 1, republication R105 (authorised DOCX)","https://www.legislation.act.gov.au/DownloadFile/sl/2005-11/current/DOCX/2005-11.DOCX","2026-08-01","https://www.catoappeals.com/au/act/parking-fines/210-not-park-at-specified-angle"
"ACT","Road Transport (Road Rules) Regulation 2017 (ACT)","210","1.16-286.4","not park rear out at 45 (by contravening 210 (2A) (b))","145","","","Road Transport (Offences) Regulation 2005 (ACT) SL2005-11, Schedule 1, republication R105 (authorised DOCX)","https://www.legislation.act.gov.au/DownloadFile/sl/2005-11/current/DOCX/2005-11.DOCX","2026-08-01","https://www.catoappeals.com/au/act/parking-fines/210-not-park-at-specified-angle"
"ACT","Road Transport (Road Rules) Regulation 2017 (ACT)","210","1.16-286.5","not park at 90 (by contravening 210 (3) (a))","145","","","Road Transport (Offences) Regulation 2005 (ACT) SL2005-11, Schedule 1, republication R105 (authorised DOCX)","https://www.legislation.act.gov.au/DownloadFile/sl/2005-11/current/DOCX/2005-11.DOCX","2026-08-01","https://www.catoappeals.com/au/act/parking-fines/210-not-park-at-specified-angle"
"ACT","Road Transport (Road Rules) Regulation 2017 (ACT)","210","1.16-286.6","not park rear in/front in at 90 as specified (by contravening 210 (3) (b) (i))","145","","","Road Transport (Offences) Regulation 2005 (ACT) SL2005-11, Schedule 1, republication R105 (authorised DOCX)","https://www.legislation.act.gov.au/DownloadFile/sl/2005-11/current/DOCX/2005-11.DOCX","2026-08-01","https://www.catoappeals.com/au/act/parking-fines/210-not-park-at-specified-angle"
"ACT","Road Transport (Road Rules) Regulation 2017 (ACT)","210","1.16-286.7","not park rear in at specified angle (by contravening 210 (4) (a) (i))","145","","","Road Transport (Offences) Regulation 2005 (ACT) SL2005-11, Schedule 1, republication R105 (authorised DOCX)","https://www.legislation.act.gov.au/DownloadFile/sl/2005-11/current/DOCX/2005-11.DOCX","2026-08-01","https://www.catoappeals.com/au/act/parking-fines/210-not-park-at-specified-angle"
"ACT","Road Transport (Road Rules) Regulation 2017 (ACT)","210","1.16-286.8","not park rear in at 45 (no angle specified) (by contravening 210 (4) (a) (ii))","145","","","Road Transport (Offences) Regulation 2005 (ACT) SL2005-11, Schedule 1, republication R105 (authorised DOCX)","https://www.legislation.act.gov.au/DownloadFile/sl/2005-11/current/DOCX/2005-11.DOCX","2026-08-01","https://www.catoappeals.com/au/act/parking-fines/210-not-park-at-specified-angle"
"ACT","Road Transport (Road Rules) Regulation 2017 (ACT)","208","1.16-281.1","not parallel park in direction of travel (by contravening 208 (2))","145","","","Road Transport (Offences) Regulation 2005 (ACT) SL2005-11, Schedule 1, republication R105 (authorised DOCX)","https://www.legislation.act.gov.au/DownloadFile/sl/2005-11/current/DOCX/2005-11.DOCX","2026-08-01","https://www.catoappeals.com/au/act/parking-fines/208-not-parallel-park-in-direction-of-travel"
"ACT","Road Transport (Road Rules) Regulation 2017 (ACT)","208","1.16-281.2","not parallel park near left (by contravening 208 (3))","145","","","Road Transport (Offences) Regulation 2005 (ACT) SL2005-11, Schedule 1, republication R105 (authorised DOCX)","https://www.legislation.act.gov.au/DownloadFile/sl/2005-11/current/DOCX/2005-11.DOCX","2026-08-01","https://www.catoappeals.com/au/act/parking-fines/208-not-parallel-park-in-direction-of-travel"
"ACT","Road Transport (Road Rules) Regulation 2017 (ACT)","208","1.16-281.3","not parallel park near road side (by contravening 208 (4))","145","","","Road Transport (Offences) Regulation 2005 (ACT) SL2005-11, Schedule 1, republication R105 (authorised DOCX)","https://www.legislation.act.gov.au/DownloadFile/sl/2005-11/current/DOCX/2005-11.DOCX","2026-08-01","https://www.catoappeals.com/au/act/parking-fines/208-not-parallel-park-in-direction-of-travel"
"ACT","Road Transport (Road Rules) Regulation 2017 (ACT)","208","1.16-281.4","parallel park close to front/back of vehicle (by contravening 208 (5))","145","","","Road Transport (Offences) Regulation 2005 (ACT) SL2005-11, Schedule 1, republication R105 (authorised DOCX)","https://www.legislation.act.gov.au/DownloadFile/sl/2005-11/current/DOCX/2005-11.DOCX","2026-08-01","https://www.catoappeals.com/au/act/parking-fines/208-not-parallel-park-in-direction-of-travel"
"ACT","Road Transport (Road Rules) Regulation 2017 (ACT)","208","1.16-281.5","parallel park close to dividing line/strip (by contravening 208 (6))","145","","","Road Transport (Offences) Regulation 2005 (ACT) SL2005-11, Schedule 1, republication R105 (authorised DOCX)","https://www.legislation.act.gov.au/DownloadFile/sl/2005-11/current/DOCX/2005-11.DOCX","2026-08-01","https://www.catoappeals.com/au/act/parking-fines/208-not-parallel-park-in-direction-of-travel"
"ACT","Road Transport (Road Rules) Regulation 2017 (ACT)","208","1.16-281.6","parallel park close if no dividing line/strip (by contravening 208 (7))","145","","","Road Transport (Offences) Regulation 2005 (ACT) SL2005-11, Schedule 1, republication R105 (authorised DOCX)","https://www.legislation.act.gov.au/DownloadFile/sl/2005-11/current/DOCX/2005-11.DOCX","2026-08-01","https://www.catoappeals.com/au/act/parking-fines/208-not-parallel-park-in-direction-of-travel"
"ACT","Road Transport (Road Rules) Regulation 2017 (ACT)","208","1.16-281.7","park so as to obstruct vehicles/pedestrians (by contravening 208 (8))","145","","","Road Transport (Offences) Regulation 2005 (ACT) SL2005-11, Schedule 1, republication R105 (authorised DOCX)","https://www.legislation.act.gov.au/DownloadFile/sl/2005-11/current/DOCX/2005-11.DOCX","2026-08-01","https://www.catoappeals.com/au/act/parking-fines/208-not-parallel-park-in-direction-of-travel"
"ACT","Road Transport (Road Rules) Regulation 2017 (ACT)","179","1.16-237","stop in loading zone","197","","","Road Transport (Offences) Regulation 2005 (ACT) SL2005-11, Schedule 1, republication R105 (authorised DOCX)","https://www.legislation.act.gov.au/DownloadFile/sl/2005-11/current/DOCX/2005-11.DOCX","2026-08-01","https://www.catoappeals.com/au/act/parking-fines/179-stop-in-loading-zone"
"ACT","Road Transport (Road Rules) Regulation 2017 (ACT)","179","1.16-238","stop in loading zone longer than ½ hour","197","","","Road Transport (Offences) Regulation 2005 (ACT) SL2005-11, Schedule 1, republication R105 (authorised DOCX)","https://www.legislation.act.gov.au/DownloadFile/sl/2005-11/current/DOCX/2005-11.DOCX","2026-08-01","https://www.catoappeals.com/au/act/parking-fines/179-stop-in-loading-zone"
"ACT","Road Transport (Road Rules) Regulation 2017 (ACT)","179","1.16-239","stop in loading zone longer than indicated","197","","","Road Transport (Offences) Regulation 2005 (ACT) SL2005-11, Schedule 1, republication R105 (authorised DOCX)","https://www.legislation.act.gov.au/DownloadFile/sl/2005-11/current/DOCX/2005-11.DOCX","2026-08-01","https://www.catoappeals.com/au/act/parking-fines/179-stop-in-loading-zone"
"ACT","Road Transport (Road Rules) Regulation 2017 (ACT)","179","1.16-240","stop in loading zone longer than permitted","197","","","Road Transport (Offences) Regulation 2005 (ACT) SL2005-11, Schedule 1, republication R105 (authorised DOCX)","https://www.legislation.act.gov.au/DownloadFile/sl/2005-11/current/DOCX/2005-11.DOCX","2026-08-01","https://www.catoappeals.com/au/act/parking-fines/179-stop-in-loading-zone"
"ACT","Road Transport (Road Rules) Regulation 2017 (ACT)","179","1.16-241","taxi/rideshare vehicle/hire car stop in loading zone longer than 2 minutes","236","","","Road Transport (Offences) Regulation 2005 (ACT) SL2005-11, Schedule 1, republication R105 (authorised DOCX)","https://www.legislation.act.gov.au/DownloadFile/sl/2005-11/current/DOCX/2005-11.DOCX","2026-08-01","https://www.catoappeals.com/au/act/parking-fines/179-stop-in-loading-zone"
"ACT","Road Transport (Road Rules) Regulation 2017 (ACT)","179","1.16-242","taxi/rideshare vehicle/hire car stop in loading zone longer than necessary for passenger assistance requirement","236","","","Road Transport (Offences) Regulation 2005 (ACT) SL2005-11, Schedule 1, republication R105 (authorised DOCX)","https://www.legislation.act.gov.au/DownloadFile/sl/2005-11/current/DOCX/2005-11.DOCX","2026-08-01","https://www.catoappeals.com/au/act/parking-fines/179-stop-in-loading-zone"
"ACT","Road Transport (Road Rules) Regulation 2017 (ACT)","213","1.16-291","not restrain vehicle properly","279","","","Road Transport (Offences) Regulation 2005 (ACT) SL2005-11, Schedule 1, republication R105 (authorised DOCX)","https://www.legislation.act.gov.au/DownloadFile/sl/2005-11/current/DOCX/2005-11.DOCX","2026-08-01","https://www.catoappeals.com/au/act/parking-fines/213-not-restrain-vehicle-properly"
"ACT","Road Transport (Road Rules) Regulation 2017 (ACT)","213","1.16-292","leave engine on","279","","","Road Transport (Offences) Regulation 2005 (ACT) SL2005-11, Schedule 1, republication R105 (authorised DOCX)","https://www.legislation.act.gov.au/DownloadFile/sl/2005-11/current/DOCX/2005-11.DOCX","2026-08-01","https://www.catoappeals.com/au/act/parking-fines/213-not-restrain-vehicle-properly"
"ACT","Road Transport (Road Rules) Regulation 2017 (ACT)","213","1.16-293","not remove ignition key (no-one in vehicle)","279","","","Road Transport (Offences) Regulation 2005 (ACT) SL2005-11, Schedule 1, republication R105 (authorised DOCX)","https://www.legislation.act.gov.au/DownloadFile/sl/2005-11/current/DOCX/2005-11.DOCX","2026-08-01","https://www.catoappeals.com/au/act/parking-fines/213-not-restrain-vehicle-properly"
"ACT","Road Transport (Road Rules) Regulation 2017 (ACT)","213","1.16-294","not remove ignition key (only child in vehicle)","279","","","Road Transport (Offences) Regulation 2005 (ACT) SL2005-11, Schedule 1, republication R105 (authorised DOCX)","https://www.legislation.act.gov.au/DownloadFile/sl/2005-11/current/DOCX/2005-11.DOCX","2026-08-01","https://www.catoappeals.com/au/act/parking-fines/213-not-restrain-vehicle-properly"
"ACT","Road Transport (Road Rules) Regulation 2017 (ACT)","170","1.16-226","stop in intersection","145","","","Road Transport (Offences) Regulation 2005 (ACT) SL2005-11, Schedule 1, republication R105 (authorised DOCX)","https://www.legislation.act.gov.au/DownloadFile/sl/2005-11/current/DOCX/2005-11.DOCX","2026-08-01","https://www.catoappeals.com/au/act/parking-fines/170-stop-in-intersection"
"ACT","Road Transport (Road Rules) Regulation 2017 (ACT)","170","1.16-227","stop on/near intersection (traffic lights)","145","","","Road Transport (Offences) Regulation 2005 (ACT) SL2005-11, Schedule 1, republication R105 (authorised DOCX)","https://www.legislation.act.gov.au/DownloadFile/sl/2005-11/current/DOCX/2005-11.DOCX","2026-08-01","https://www.catoappeals.com/au/act/parking-fines/170-stop-in-intersection"
"ACT","Road Transport (Road Rules) Regulation 2017 (ACT)","170","1.16-228","stop on/near intersection (no traffic lights)","145","","","Road Transport (Offences) Regulation 2005 (ACT) SL2005-11, Schedule 1, republication R105 (authorised DOCX)","https://www.legislation.act.gov.au/DownloadFile/sl/2005-11/current/DOCX/2005-11.DOCX","2026-08-01","https://www.catoappeals.com/au/act/parking-fines/170-stop-in-intersection"
"ACT","Road Transport (Road Rules) Regulation 2017 (ACT)","187","1.16-251","stop in bus/transit/truck lane","278","","","Road Transport (Offences) Regulation 2005 (ACT) SL2005-11, Schedule 1, republication R105 (authorised DOCX)","https://www.legislation.act.gov.au/DownloadFile/sl/2005-11/current/DOCX/2005-11.DOCX","2026-08-01","https://www.catoappeals.com/au/act/parking-fines/187-stop-in-bus-transit-truck-lane"
"ACT","Road Transport (Road Rules) Regulation 2017 (ACT)","187","1.16-252","stop in bicycle lane","278","","","Road Transport (Offences) Regulation 2005 (ACT) SL2005-11, Schedule 1, republication R105 (authorised DOCX)","https://www.legislation.act.gov.au/DownloadFile/sl/2005-11/current/DOCX/2005-11.DOCX","2026-08-01","https://www.catoappeals.com/au/act/parking-fines/187-stop-in-bus-transit-truck-lane"
"ACT","Road Transport (Road Rules) Regulation 2017 (ACT)","187","1.16-253","stop in/on tram lane/way/tracks","278","","","Road Transport (Offences) Regulation 2005 (ACT) SL2005-11, Schedule 1, republication R105 (authorised DOCX)","https://www.legislation.act.gov.au/DownloadFile/sl/2005-11/current/DOCX/2005-11.DOCX","2026-08-01","https://www.catoappeals.com/au/act/parking-fines/187-stop-in-bus-transit-truck-lane"
"ACT","Road Transport (Road Rules) Regulation 2017 (ACT)","197","1.16-265","stop on path/strip in built-up area","145","","","Road Transport (Offences) Regulation 2005 (ACT) SL2005-11, Schedule 1, republication R105 (authorised DOCX)","https://www.legislation.act.gov.au/DownloadFile/sl/2005-11/current/DOCX/2005-11.DOCX","2026-08-01","https://www.catoappeals.com/au/act/parking-fines/197-stop-on-path-strip-in-built-up"
"ACT","Road Transport (Road Rules) Regulation 2017 (ACT)","197","1.16-266","stop on painted island","145","","","Road Transport (Offences) Regulation 2005 (ACT) SL2005-11, Schedule 1, republication R105 (authorised DOCX)","https://www.legislation.act.gov.au/DownloadFile/sl/2005-11/current/DOCX/2005-11.DOCX","2026-08-01","https://www.catoappeals.com/au/act/parking-fines/197-stop-on-path-strip-in-built-up"
"ACT","Road Transport (Road Rules) Regulation 2017 (ACT)","197","1.16-267","driver stop on traffic island","145","","","Road Transport (Offences) Regulation 2005 (ACT) SL2005-11, Schedule 1, republication R105 (authorised DOCX)","https://www.legislation.act.gov.au/DownloadFile/sl/2005-11/current/DOCX/2005-11.DOCX","2026-08-01","https://www.catoappeals.com/au/act/parking-fines/197-stop-on-path-strip-in-built-up"
"ACT","Road Transport (Road Rules) Regulation 2017 (ACT)","209","1.16-283","not parallel park in direction of travel","145","","","Road Transport (Offences) Regulation 2005 (ACT) SL2005-11, Schedule 1, republication R105 (authorised DOCX)","https://www.legislation.act.gov.au/DownloadFile/sl/2005-11/current/DOCX/2005-11.DOCX","2026-08-01","https://www.catoappeals.com/au/act/parking-fines/209-not-parallel-park-in-direction-of-travel"
"ACT","Road Transport (Road Rules) Regulation 2017 (ACT)","209","1.16-284","not parallel park near centre of median strip","145","","","Road Transport (Offences) Regulation 2005 (ACT) SL2005-11, Schedule 1, republication R105 (authorised DOCX)","https://www.legislation.act.gov.au/DownloadFile/sl/2005-11/current/DOCX/2005-11.DOCX","2026-08-01","https://www.catoappeals.com/au/act/parking-fines/209-not-parallel-park-in-direction-of-travel"
"ACT","Road Transport (Road Rules) Regulation 2017 (ACT)","209","1.16-285","parallel park close to front/back of vehicle","145","","","Road Transport (Offences) Regulation 2005 (ACT) SL2005-11, Schedule 1, republication R105 (authorised DOCX)","https://www.legislation.act.gov.au/DownloadFile/sl/2005-11/current/DOCX/2005-11.DOCX","2026-08-01","https://www.catoappeals.com/au/act/parking-fines/209-not-parallel-park-in-direction-of-travel"
"ACT","Road Transport (Road Rules) Regulation 2017 (ACT)","213A","1.16-295","park outside metered space","145","","","Road Transport (Offences) Regulation 2005 (ACT) SL2005-11, Schedule 1, republication R105 (authorised DOCX)","https://www.legislation.act.gov.au/DownloadFile/sl/2005-11/current/DOCX/2005-11.DOCX","2026-08-01","https://www.catoappeals.com/au/act/parking-fines/213a-park-outside-metered-space"
"ACT","Road Transport (Road Rules) Regulation 2017 (ACT)","213A","1.16-296","park in occupied metered space","145","","","Road Transport (Offences) Regulation 2005 (ACT) SL2005-11, Schedule 1, republication R105 (authorised DOCX)","https://www.legislation.act.gov.au/DownloadFile/sl/2005-11/current/DOCX/2005-11.DOCX","2026-08-01","https://www.catoappeals.com/au/act/parking-fines/213a-park-outside-metered-space"
"ACT","Road Transport (Road Rules) Regulation 2017 (ACT)","213A","1.16-297","park not completely in metered space","145","","","Road Transport (Offences) Regulation 2005 (ACT) SL2005-11, Schedule 1, republication R105 (authorised DOCX)","https://www.legislation.act.gov.au/DownloadFile/sl/2005-11/current/DOCX/2005-11.DOCX","2026-08-01","https://www.catoappeals.com/au/act/parking-fines/213a-park-outside-metered-space"
"ACT","Road Transport (Road Rules) Regulation 2017 (ACT)","213I","1.16-308","park outside ticket space","145","","","Road Transport (Offences) Regulation 2005 (ACT) SL2005-11, Schedule 1, republication R105 (authorised DOCX)","https://www.legislation.act.gov.au/DownloadFile/sl/2005-11/current/DOCX/2005-11.DOCX","2026-08-01","https://www.catoappeals.com/au/act/parking-fines/213i-park-outside-ticket-space"
"ACT","Road Transport (Road Rules) Regulation 2017 (ACT)","213I","1.16-309","park in occupied ticket space","145","","","Road Transport (Offences) Regulation 2005 (ACT) SL2005-11, Schedule 1, republication R105 (authorised DOCX)","https://www.legislation.act.gov.au/DownloadFile/sl/2005-11/current/DOCX/2005-11.DOCX","2026-08-01","https://www.catoappeals.com/au/act/parking-fines/213i-park-outside-ticket-space"
"ACT","Road Transport (Road Rules) Regulation 2017 (ACT)","213I","1.16-310","park not completely in ticket space","145","","","Road Transport (Offences) Regulation 2005 (ACT) SL2005-11, Schedule 1, republication R105 (authorised DOCX)","https://www.legislation.act.gov.au/DownloadFile/sl/2005-11/current/DOCX/2005-11.DOCX","2026-08-01","https://www.catoappeals.com/au/act/parking-fines/213i-park-outside-ticket-space"
"ACT","Road Transport (Road Rules) Regulation 2017 (ACT)","213M","1.16-314","park after ticket expired","145","","","Road Transport (Offences) Regulation 2005 (ACT) SL2005-11, Schedule 1, republication R105 (authorised DOCX)","https://www.legislation.act.gov.au/DownloadFile/sl/2005-11/current/DOCX/2005-11.DOCX","2026-08-01","https://www.catoappeals.com/au/act/parking-fines/213m-park-after-ticket-expired"
"ACT","Road Transport (Road Rules) Regulation 2017 (ACT)","213M","1.16-315","park after e-payment period ends","145","","","Road Transport (Offences) Regulation 2005 (ACT) SL2005-11, Schedule 1, republication R105 (authorised DOCX)","https://www.legislation.act.gov.au/DownloadFile/sl/2005-11/current/DOCX/2005-11.DOCX","2026-08-01","https://www.catoappeals.com/au/act/parking-fines/213m-park-after-ticket-expired"
"ACT","Road Transport (Road Rules) Regulation 2017 (ACT)","213M","1.16-316","park for longer than allowed by ticket sign","145","","","Road Transport (Offences) Regulation 2005 (ACT) SL2005-11, Schedule 1, republication R105 (authorised DOCX)","https://www.legislation.act.gov.au/DownloadFile/sl/2005-11/current/DOCX/2005-11.DOCX","2026-08-01","https://www.catoappeals.com/au/act/parking-fines/213m-park-after-ticket-expired"
"ACT","Road Transport (Road Rules) Regulation 2017 (ACT)","213U","1.16-328","remove/interfere with parking permit/mobility parking scheme authority","750","","","Road Transport (Offences) Regulation 2005 (ACT) SL2005-11, Schedule 1, republication R105 (authorised DOCX)","https://www.legislation.act.gov.au/DownloadFile/sl/2005-11/current/DOCX/2005-11.DOCX","2026-08-01","https://www.catoappeals.com/au/act/parking-fines/213u-remove-interfere-with-parking-permit-mobility-parking"
"ACT","Road Transport (Road Rules) Regulation 2017 (ACT)","213U","1.16-329","display copy of parking permit/mobility parking scheme authority","750","","","Road Transport (Offences) Regulation 2005 (ACT) SL2005-11, Schedule 1, republication R105 (authorised DOCX)","https://www.legislation.act.gov.au/DownloadFile/sl/2005-11/current/DOCX/2005-11.DOCX","2026-08-01","https://www.catoappeals.com/au/act/parking-fines/213u-remove-interfere-with-parking-permit-mobility-parking"
"ACT","Road Transport (Road Rules) Regulation 2017 (ACT)","213U","1.16-330","display changed/damaged/defaced parking permit/mobility parking scheme authority","750","","","Road Transport (Offences) Regulation 2005 (ACT) SL2005-11, Schedule 1, republication R105 (authorised DOCX)","https://www.legislation.act.gov.au/DownloadFile/sl/2005-11/current/DOCX/2005-11.DOCX","2026-08-01","https://www.catoappeals.com/au/act/parking-fines/213u-remove-interfere-with-parking-permit-mobility-parking"
"ACT","Road Transport (Safety and Traffic Management) Regulation 2017 (ACT)","55","1.17-7","operate heavy vehicle parked on residential land between 10 pm and 6 am","373","","","Road Transport (Offences) Regulation 2005 (ACT) SL2005-11, Schedule 1, republication R105 (authorised DOCX)","https://www.legislation.act.gov.au/DownloadFile/sl/2005-11/current/DOCX/2005-11.DOCX","2026-08-01","https://www.catoappeals.com/au/act/parking-fines/55-operate-heavy-vehicle-parked-on-residential-land"
"ACT","Road Transport (Safety and Traffic Management) Regulation 2017 (ACT)","55","1.17-8","existing operator operate heavy vehicle parked on residential land between midnight and 5.30 am","373","","","Road Transport (Offences) Regulation 2005 (ACT) SL2005-11, Schedule 1, republication R105 (authorised DOCX)","https://www.legislation.act.gov.au/DownloadFile/sl/2005-11/current/DOCX/2005-11.DOCX","2026-08-01","https://www.catoappeals.com/au/act/parking-fines/55-operate-heavy-vehicle-parked-on-residential-land"
"ACT","Road Transport (Safety and Traffic Management) Regulation 2017 (ACT)","48","1.17-1","park stock truck/enclosed semitrailer/ commercial vehicle with height > 3.6m on residential land","278","","","Road Transport (Offences) Regulation 2005 (ACT) SL2005-11, Schedule 1, republication R105 (authorised DOCX)","https://www.legislation.act.gov.au/DownloadFile/sl/2005-11/current/DOCX/2005-11.DOCX","2026-08-01","https://www.catoappeals.com/au/act/parking-fines/55-operate-heavy-vehicle-parked-on-residential-land"
"ACT","Road Transport (Safety and Traffic Management) Regulation 2017 (ACT)","49","1.17-2","park more than 1 heavy vehicle/second heavy vehicle on residential land","278","","","Road Transport (Offences) Regulation 2005 (ACT) SL2005-11, Schedule 1, republication R105 (authorised DOCX)","https://www.legislation.act.gov.au/DownloadFile/sl/2005-11/current/DOCX/2005-11.DOCX","2026-08-01","https://www.catoappeals.com/au/act/parking-fines/55-operate-heavy-vehicle-parked-on-residential-land"
"ACT","Road Transport (Safety and Traffic Management) Regulation 2017 (ACT)","50","1.17-3","park heavy vehicle on residential land—any part of vehicle in front of setback line of front boundary/less than 1.5m from any other boundary","278","","","Road Transport (Offences) Regulation 2005 (ACT) SL2005-11, Schedule 1, republication R105 (authorised DOCX)","https://www.legislation.act.gov.au/DownloadFile/sl/2005-11/current/DOCX/2005-11.DOCX","2026-08-01","https://www.catoappeals.com/au/act/parking-fines/55-operate-heavy-vehicle-parked-on-residential-land"
"ACT","Road Transport (Safety and Traffic Management) Regulation 2017 (ACT)","51","1.17-4","park vehicle/combination with length > 7.5m and GVM > 4.5t on land adjoining residential land longer than 1 hour","163","","","Road Transport (Offences) Regulation 2005 (ACT) SL2005-11, Schedule 1, republication R105 (authorised DOCX)","https://www.legislation.act.gov.au/DownloadFile/sl/2005-11/current/DOCX/2005-11.DOCX","2026-08-01","https://www.catoappeals.com/au/act/parking-fines/55-operate-heavy-vehicle-parked-on-residential-land"
"ACT","Road Transport (Safety and Traffic Management) Regulation 2017 (ACT)","52","1.17-5","park commercial vehicle with length > 6m/ height > 2.6m/GVM > 3.75t on residential land with multiunit housing","278","","","Road Transport (Offences) Regulation 2005 (ACT) SL2005-11, Schedule 1, republication R105 (authorised DOCX)","https://www.legislation.act.gov.au/DownloadFile/sl/2005-11/current/DOCX/2005-11.DOCX","2026-08-01","https://www.catoappeals.com/au/act/parking-fines/55-operate-heavy-vehicle-parked-on-residential-land"
"ACT","Road Transport (Safety and Traffic Management) Regulation 2017 (ACT)","54","1.17-6","run refrigeration unit of heavy vehicle parked on residential land","373","","","Road Transport (Offences) Regulation 2005 (ACT) SL2005-11, Schedule 1, republication R105 (authorised DOCX)","https://www.legislation.act.gov.au/DownloadFile/sl/2005-11/current/DOCX/2005-11.DOCX","2026-08-01","https://www.catoappeals.com/au/act/parking-fines/55-operate-heavy-vehicle-parked-on-residential-land"
"ACT","Road Transport (Road Rules) Regulation 2017 (ACT)","192","1.16-258","stop on structure","145","","","Road Transport (Offences) Regulation 2005 (ACT) SL2005-11, Schedule 1, republication R105 (authorised DOCX)","https://www.legislation.act.gov.au/DownloadFile/sl/2005-11/current/DOCX/2005-11.DOCX","2026-08-01","https://www.catoappeals.com/au/act/parking-fines/192-stop-on-structure"
"ACT","Road Transport (Road Rules) Regulation 2017 (ACT)","192","1.16-259","stop in tunnel/underpass","145","","","Road Transport (Offences) Regulation 2005 (ACT) SL2005-11, Schedule 1, republication R105 (authorised DOCX)","https://www.legislation.act.gov.au/DownloadFile/sl/2005-11/current/DOCX/2005-11.DOCX","2026-08-01","https://www.catoappeals.com/au/act/parking-fines/192-stop-on-structure"
"ACT","Road Transport (Road Rules) Regulation 2017 (ACT)","198","1.16-268","obstruct access to ramp/path/passageway","145","","","Road Transport (Offences) Regulation 2005 (ACT) SL2005-11, Schedule 1, republication R105 (authorised DOCX)","https://www.legislation.act.gov.au/DownloadFile/sl/2005-11/current/DOCX/2005-11.DOCX","2026-08-01","https://www.catoappeals.com/au/act/parking-fines/198-obstruct-access-to-ramp-path-passageway"
"ACT","Road Transport (Road Rules) Regulation 2017 (ACT)","198","1.16-269","stop on/across driveway/other access to/from land","145","","","Road Transport (Offences) Regulation 2005 (ACT) SL2005-11, Schedule 1, republication R105 (authorised DOCX)","https://www.legislation.act.gov.au/DownloadFile/sl/2005-11/current/DOCX/2005-11.DOCX","2026-08-01","https://www.catoappeals.com/au/act/parking-fines/198-obstruct-access-to-ramp-path-passageway"
"ACT","Road Transport (Road Rules) Regulation 2017 (ACT)","200","1.16-271","not stop heavy/long vehicle on road shoulder","163","","","Road Transport (Offences) Regulation 2005 (ACT) SL2005-11, Schedule 1, republication R105 (authorised DOCX)","https://www.legislation.act.gov.au/DownloadFile/sl/2005-11/current/DOCX/2005-11.DOCX","2026-08-01","https://www.catoappeals.com/au/act/parking-fines/200-not-stop-heavy-long-vehicle-on-road"
"ACT","Road Transport (Road Rules) Regulation 2017 (ACT)","200","1.16-272","stop heavy/long vehicle longer than 1 hr","163","","","Road Transport (Offences) Regulation 2005 (ACT) SL2005-11, Schedule 1, republication R105 (authorised DOCX)","https://www.legislation.act.gov.au/DownloadFile/sl/2005-11/current/DOCX/2005-11.DOCX","2026-08-01","https://www.catoappeals.com/au/act/parking-fines/200-not-stop-heavy-long-vehicle-on-road"
"ACT","Road Transport (Road Rules) Regulation 2017 (ACT)","211","1.16-287","not park wholly within parking bay","145","","","Road Transport (Offences) Regulation 2005 (ACT) SL2005-11, Schedule 1, republication R105 (authorised DOCX)","https://www.legislation.act.gov.au/DownloadFile/sl/2005-11/current/DOCX/2005-11.DOCX","2026-08-01","https://www.catoappeals.com/au/act/parking-fines/211-not-park-wholly-within-parking-bay"
"ACT","Road Transport (Road Rules) Regulation 2017 (ACT)","211","1.16-288","use more parking bays than necessary","145","","","Road Transport (Offences) Regulation 2005 (ACT) SL2005-11, Schedule 1, republication R105 (authorised DOCX)","https://www.legislation.act.gov.au/DownloadFile/sl/2005-11/current/DOCX/2005-11.DOCX","2026-08-01","https://www.catoappeals.com/au/act/parking-fines/211-not-park-wholly-within-parking-bay"
"ACT","Road Transport (Road Rules) Regulation 2017 (ACT)","212","1.16-289","enter/leave median strip parking area contrary to sign","266","","","Road Transport (Offences) Regulation 2005 (ACT) SL2005-11, Schedule 1, republication R105 (authorised DOCX)","https://www.legislation.act.gov.au/DownloadFile/sl/2005-11/current/DOCX/2005-11.DOCX","2026-08-01","https://www.catoappeals.com/au/act/parking-fines/212-enter-leave-median-strip-parking-area-contrary"
"ACT","Road Transport (Road Rules) Regulation 2017 (ACT)","212","1.16-290","not enter/leave median strip parking area forwards","266","","","Road Transport (Offences) Regulation 2005 (ACT) SL2005-11, Schedule 1, republication R105 (authorised DOCX)","https://www.legislation.act.gov.au/DownloadFile/sl/2005-11/current/DOCX/2005-11.DOCX","2026-08-01","https://www.catoappeals.com/au/act/parking-fines/212-enter-leave-median-strip-parking-area-contrary"
"ACT","Road Transport (Road Rules) Regulation 2017 (ACT)","213B","1.16-298","park motorbike in metered space with more than 2 other motorbikes","145","","","Road Transport (Offences) Regulation 2005 (ACT) SL2005-11, Schedule 1, republication R105 (authorised DOCX)","https://www.legislation.act.gov.au/DownloadFile/sl/2005-11/current/DOCX/2005-11.DOCX","2026-08-01","https://www.catoappeals.com/au/act/parking-fines/213b-park-motorbike-in-metered-space-with-more"
"ACT","Road Transport (Road Rules) Regulation 2017 (ACT)","213B","1.16-299","park motorbike in metered space blocking other motorbike’s path out of the space","145","","","Road Transport (Offences) Regulation 2005 (ACT) SL2005-11, Schedule 1, republication R105 (authorised DOCX)","https://www.legislation.act.gov.au/DownloadFile/sl/2005-11/current/DOCX/2005-11.DOCX","2026-08-01","https://www.catoappeals.com/au/act/parking-fines/213b-park-motorbike-in-metered-space-with-more"
"ACT","Road Transport (Road Rules) Regulation 2017 (ACT)","213D","1.16-301","park after meter expired","145","","","Road Transport (Offences) Regulation 2005 (ACT) SL2005-11, Schedule 1, republication R105 (authorised DOCX)","https://www.legislation.act.gov.au/DownloadFile/sl/2005-11/current/DOCX/2005-11.DOCX","2026-08-01","https://www.catoappeals.com/au/act/parking-fines/213d-park-after-meter-expired"
"ACT","Road Transport (Road Rules) Regulation 2017 (ACT)","213D","1.16-302","park for longer than allowed by meter signs","145","","","Road Transport (Offences) Regulation 2005 (ACT) SL2005-11, Schedule 1, republication R105 (authorised DOCX)","https://www.legislation.act.gov.au/DownloadFile/sl/2005-11/current/DOCX/2005-11.DOCX","2026-08-01","https://www.catoappeals.com/au/act/parking-fines/213d-park-after-meter-expired"
"ACT","Road Transport (Road Rules) Regulation 2017 (ACT)","213G","1.16-304","insert prohibited thing into parking meter","266","","","Road Transport (Offences) Regulation 2005 (ACT) SL2005-11, Schedule 1, republication R105 (authorised DOCX)","https://www.legislation.act.gov.au/DownloadFile/sl/2005-11/current/DOCX/2005-11.DOCX","2026-08-01","https://www.catoappeals.com/au/act/parking-fines/213g-insert-prohibited-thing-into-parking-meter"
"ACT","Road Transport (Road Rules) Regulation 2017 (ACT)","213G","1.16-305","attach anything to parking meter","266","","","Road Transport (Offences) Regulation 2005 (ACT) SL2005-11, Schedule 1, republication R105 (authorised DOCX)","https://www.legislation.act.gov.au/DownloadFile/sl/2005-11/current/DOCX/2005-11.DOCX","2026-08-01","https://www.catoappeals.com/au/act/parking-fines/213g-insert-prohibited-thing-into-parking-meter"
"ACT","Road Transport (Road Rules) Regulation 2017 (ACT)","213J","1.16-311","park motorbike in ticket space with more than 2 other motorbikes","145","","","Road Transport (Offences) Regulation 2005 (ACT) SL2005-11, Schedule 1, republication R105 (authorised DOCX)","https://www.legislation.act.gov.au/DownloadFile/sl/2005-11/current/DOCX/2005-11.DOCX","2026-08-01","https://www.catoappeals.com/au/act/parking-fines/213j-park-motorbike-in-ticket-space-with-more"
"ACT","Road Transport (Road Rules) Regulation 2017 (ACT)","213J","1.16-312","park motorbike in ticket space blocking other motorbike’s path out of the space","145","","","Road Transport (Offences) Regulation 2005 (ACT) SL2005-11, Schedule 1, republication R105 (authorised DOCX)","https://www.legislation.act.gov.au/DownloadFile/sl/2005-11/current/DOCX/2005-11.DOCX","2026-08-01","https://www.catoappeals.com/au/act/parking-fines/213j-park-motorbike-in-ticket-space-with-more"
"ACT","Road Transport (Road Rules) Regulation 2017 (ACT)","213P","1.16-318","display thing falsely resembling parking ticket","640","","","Road Transport (Offences) Regulation 2005 (ACT) SL2005-11, Schedule 1, republication R105 (authorised DOCX)","https://www.legislation.act.gov.au/DownloadFile/sl/2005-11/current/DOCX/2005-11.DOCX","2026-08-01","https://www.catoappeals.com/au/act/parking-fines/213p-display-thing-falsely-resembling-parking-ticket"
"ACT","Road Transport (Road Rules) Regulation 2017 (ACT)","213P","1.16-319","display changed/damaged/defaced parking ticket","640","","","Road Transport (Offences) Regulation 2005 (ACT) SL2005-11, Schedule 1, republication R105 (authorised DOCX)","https://www.legislation.act.gov.au/DownloadFile/sl/2005-11/current/DOCX/2005-11.DOCX","2026-08-01","https://www.catoappeals.com/au/act/parking-fines/213p-display-thing-falsely-resembling-parking-ticket"
"ACT","Road Transport (Road Rules) Regulation 2017 (ACT)","213Q","1.16-320","insert prohibited thing into ticket machine","750","","","Road Transport (Offences) Regulation 2005 (ACT) SL2005-11, Schedule 1, republication R105 (authorised DOCX)","https://www.legislation.act.gov.au/DownloadFile/sl/2005-11/current/DOCX/2005-11.DOCX","2026-08-01","https://www.catoappeals.com/au/act/parking-fines/213q-insert-prohibited-thing-into-ticket-machine"
"ACT","Road Transport (Road Rules) Regulation 2017 (ACT)","213Q","1.16-321","attach anything to ticket machine","266","","","Road Transport (Offences) Regulation 2005 (ACT) SL2005-11, Schedule 1, republication R105 (authorised DOCX)","https://www.legislation.act.gov.au/DownloadFile/sl/2005-11/current/DOCX/2005-11.DOCX","2026-08-01","https://www.catoappeals.com/au/act/parking-fines/213q-insert-prohibited-thing-into-ticket-machine"
"ACT","Road Transport (Road Rules) Regulation 2017 (ACT)","167","1.16-223","disobey no stopping sign","329","","","Road Transport (Offences) Regulation 2005 (ACT) SL2005-11, Schedule 1, republication R105 (authorised DOCX)","https://www.legislation.act.gov.au/DownloadFile/sl/2005-11/current/DOCX/2005-11.DOCX","2026-08-01","https://www.catoappeals.com/au/act/parking-fines/167-disobey-no-stopping-sign"
"ACT","Road Transport (Road Rules) Regulation 2017 (ACT)","168","1.16-224","disobey no parking sign","145","","","Road Transport (Offences) Regulation 2005 (ACT) SL2005-11, Schedule 1, republication R105 (authorised DOCX)","https://www.legislation.act.gov.au/DownloadFile/sl/2005-11/current/DOCX/2005-11.DOCX","2026-08-01","https://www.catoappeals.com/au/act/parking-fines/168-disobey-no-parking-sign"
"ACT","Road Transport (Road Rules) Regulation 2017 (ACT)","169","1.16-225","stop at side of road with continuous yellow edge line","329","","","Road Transport (Offences) Regulation 2005 (ACT) SL2005-11, Schedule 1, republication R105 (authorised DOCX)","https://www.legislation.act.gov.au/DownloadFile/sl/2005-11/current/DOCX/2005-11.DOCX","2026-08-01","https://www.catoappeals.com/au/act/parking-fines/169-stop-at-side-of-road-with-continuous"
"ACT","Road Transport (Road Rules) Regulation 2017 (ACT)","171","1.16-229","stop on/near children’s crossing","498","","","Road Transport (Offences) Regulation 2005 (ACT) SL2005-11, Schedule 1, republication R105 (authorised DOCX)","https://www.legislation.act.gov.au/DownloadFile/sl/2005-11/current/DOCX/2005-11.DOCX","2026-08-01","https://www.catoappeals.com/au/act/parking-fines/171-stop-on-near-childrens-crossing"
"ACT","Road Transport (Road Rules) Regulation 2017 (ACT)","172","1.16-230","stop on/near pedestrian crossing","498","","","Road Transport (Offences) Regulation 2005 (ACT) SL2005-11, Schedule 1, republication R105 (authorised DOCX)","https://www.legislation.act.gov.au/DownloadFile/sl/2005-11/current/DOCX/2005-11.DOCX","2026-08-01","https://www.catoappeals.com/au/act/parking-fines/172-stop-on-near-pedestrian-crossing"
"ACT","Road Transport (Road Rules) Regulation 2017 (ACT)","173","1.16-231","stop on/near marked foot crossing","498","","","Road Transport (Offences) Regulation 2005 (ACT) SL2005-11, Schedule 1, republication R105 (authorised DOCX)","https://www.legislation.act.gov.au/DownloadFile/sl/2005-11/current/DOCX/2005-11.DOCX","2026-08-01","https://www.catoappeals.com/au/act/parking-fines/173-stop-on-near-marked-foot-crossing"
"ACT","Road Transport (Road Rules) Regulation 2017 (ACT)","174","1.16-232","stop near bicycle crossing lights","145","","","Road Transport (Offences) Regulation 2005 (ACT) SL2005-11, Schedule 1, republication R105 (authorised DOCX)","https://www.legislation.act.gov.au/DownloadFile/sl/2005-11/current/DOCX/2005-11.DOCX","2026-08-01","https://www.catoappeals.com/au/act/parking-fines/174-stop-near-bicycle-crossing-lights"
"ACT","Road Transport (Road Rules) Regulation 2017 (ACT)","175","1.16-233","stop on/near level crossing","145","","","Road Transport (Offences) Regulation 2005 (ACT) SL2005-11, Schedule 1, republication R105 (authorised DOCX)","https://www.legislation.act.gov.au/DownloadFile/sl/2005-11/current/DOCX/2005-11.DOCX","2026-08-01","https://www.catoappeals.com/au/act/parking-fines/175-stop-on-near-level-crossing"
"ACT","Road Transport (Road Rules) Regulation 2017 (ACT)","176","1.16-234","stop on clearway","329","","","Road Transport (Offences) Regulation 2005 (ACT) SL2005-11, Schedule 1, republication R105 (authorised DOCX)","https://www.legislation.act.gov.au/DownloadFile/sl/2005-11/current/DOCX/2005-11.DOCX","2026-08-01","https://www.catoappeals.com/au/act/parking-fines/176-stop-on-clearway"
"ACT","Road Transport (Road Rules) Regulation 2017 (ACT)","177","1.16-235","stop on freeway","329","","","Road Transport (Offences) Regulation 2005 (ACT) SL2005-11, Schedule 1, republication R105 (authorised DOCX)","https://www.legislation.act.gov.au/DownloadFile/sl/2005-11/current/DOCX/2005-11.DOCX","2026-08-01","https://www.catoappeals.com/au/act/parking-fines/177-stop-on-freeway"
"ACT","Road Transport (Road Rules) Regulation 2017 (ACT)","178","1.16-236","stop in emergency stopping lane","329","","","Road Transport (Offences) Regulation 2005 (ACT) SL2005-11, Schedule 1, republication R105 (authorised DOCX)","https://www.legislation.act.gov.au/DownloadFile/sl/2005-11/current/DOCX/2005-11.DOCX","2026-08-01","https://www.catoappeals.com/au/act/parking-fines/178-stop-in-emergency-stopping-lane"
"ACT","Road Transport (Road Rules) Regulation 2017 (ACT)","180","1.16-243","stop in truck zone","197","","","Road Transport (Offences) Regulation 2005 (ACT) SL2005-11, Schedule 1, republication R105 (authorised DOCX)","https://www.legislation.act.gov.au/DownloadFile/sl/2005-11/current/DOCX/2005-11.DOCX","2026-08-01","https://www.catoappeals.com/au/act/parking-fines/180-stop-in-truck-zone"
"ACT","Road Transport (Road Rules) Regulation 2017 (ACT)","181","1.16-244","stop in works zone","197","","","Road Transport (Offences) Regulation 2005 (ACT) SL2005-11, Schedule 1, republication R105 (authorised DOCX)","https://www.legislation.act.gov.au/DownloadFile/sl/2005-11/current/DOCX/2005-11.DOCX","2026-08-01","https://www.catoappeals.com/au/act/parking-fines/181-stop-in-works-zone"
"ACT","Road Transport (Road Rules) Regulation 2017 (ACT)","182","1.16-245","stop in taxi zone","145","","","Road Transport (Offences) Regulation 2005 (ACT) SL2005-11, Schedule 1, republication R105 (authorised DOCX)","https://www.legislation.act.gov.au/DownloadFile/sl/2005-11/current/DOCX/2005-11.DOCX","2026-08-01","https://www.catoappeals.com/au/act/parking-fines/182-stop-in-taxi-zone"
"ACT","Road Transport (Road Rules) Regulation 2017 (ACT)","183","1.16-246","stop in bus zone","197","","","Road Transport (Offences) Regulation 2005 (ACT) SL2005-11, Schedule 1, republication R105 (authorised DOCX)","https://www.legislation.act.gov.au/DownloadFile/sl/2005-11/current/DOCX/2005-11.DOCX","2026-08-01","https://www.catoappeals.com/au/act/parking-fines/183-stop-in-bus-zone"
"ACT","Road Transport (Road Rules) Regulation 2017 (ACT)","183A","1.16-247","stop public bus in bus zone","197","","","Road Transport (Offences) Regulation 2005 (ACT) SL2005-11, Schedule 1, republication R105 (authorised DOCX)","https://www.legislation.act.gov.au/DownloadFile/sl/2005-11/current/DOCX/2005-11.DOCX","2026-08-01","https://www.catoappeals.com/au/act/parking-fines/183a-stop-public-bus-in-bus-zone"
"ACT","Road Transport (Road Rules) Regulation 2017 (ACT)","184","1.16-248","stop in minibus zone","197","","","Road Transport (Offences) Regulation 2005 (ACT) SL2005-11, Schedule 1, republication R105 (authorised DOCX)","https://www.legislation.act.gov.au/DownloadFile/sl/2005-11/current/DOCX/2005-11.DOCX","2026-08-01","https://www.catoappeals.com/au/act/parking-fines/184-stop-in-minibus-zone"
"ACT","Road Transport (Road Rules) Regulation 2017 (ACT)","185","1.16-249","stop in permit zone","145","","","Road Transport (Offences) Regulation 2005 (ACT) SL2005-11, Schedule 1, republication R105 (authorised DOCX)","https://www.legislation.act.gov.au/DownloadFile/sl/2005-11/current/DOCX/2005-11.DOCX","2026-08-01","https://www.catoappeals.com/au/act/parking-fines/185-stop-in-permit-zone"
"ACT","Road Transport (Road Rules) Regulation 2017 (ACT)","186","1.16-250","stop in mail zone","145","","","Road Transport (Offences) Regulation 2005 (ACT) SL2005-11, Schedule 1, republication R105 (authorised DOCX)","https://www.legislation.act.gov.au/DownloadFile/sl/2005-11/current/DOCX/2005-11.DOCX","2026-08-01","https://www.catoappeals.com/au/act/parking-fines/186-stop-in-mail-zone"
"ACT","Road Transport (Road Rules) Regulation 2017 (ACT)","188","1.16-254","stop in shared zone","145","","","Road Transport (Offences) Regulation 2005 (ACT) SL2005-11, Schedule 1, republication R105 (authorised DOCX)","https://www.legislation.act.gov.au/DownloadFile/sl/2005-11/current/DOCX/2005-11.DOCX","2026-08-01","https://www.catoappeals.com/au/act/parking-fines/188-stop-in-shared-zone"
"ACT","Road Transport (Road Rules) Regulation 2017 (ACT)","189","1.16-255","double park","197","","","Road Transport (Offences) Regulation 2005 (ACT) SL2005-11, Schedule 1, republication R105 (authorised DOCX)","https://www.legislation.act.gov.au/DownloadFile/sl/2005-11/current/DOCX/2005-11.DOCX","2026-08-01","https://www.catoappeals.com/au/act/parking-fines/189-double-park"
"ACT","Road Transport (Road Rules) Regulation 2017 (ACT)","190","1.16-256","stop in/near safety zone","278","","","Road Transport (Offences) Regulation 2005 (ACT) SL2005-11, Schedule 1, republication R105 (authorised DOCX)","https://www.legislation.act.gov.au/DownloadFile/sl/2005-11/current/DOCX/2005-11.DOCX","2026-08-01","https://www.catoappeals.com/au/act/parking-fines/190-stop-in-near-safety-zone"
"ACT","Road Transport (Road Rules) Regulation 2017 (ACT)","191","1.16-257","stop near obstruction so as to obstruct traffic","145","","","Road Transport (Offences) Regulation 2005 (ACT) SL2005-11, Schedule 1, republication R105 (authorised DOCX)","https://www.legislation.act.gov.au/DownloadFile/sl/2005-11/current/DOCX/2005-11.DOCX","2026-08-01","https://www.catoappeals.com/au/act/parking-fines/191-stop-near-obstruction-so-as-to-obstruct"
"ACT","Road Transport (Road Rules) Regulation 2017 (ACT)","193","1.16-260","stop on crest/curve outside built-up area","145","","","Road Transport (Offences) Regulation 2005 (ACT) SL2005-11, Schedule 1, republication R105 (authorised DOCX)","https://www.legislation.act.gov.au/DownloadFile/sl/2005-11/current/DOCX/2005-11.DOCX","2026-08-01","https://www.catoappeals.com/au/act/parking-fines/193-stop-on-crest-curve-outside-built-up"
"ACT","Road Transport (Road Rules) Regulation 2017 (ACT)","194","1.16-261","stop near fire hydrant/indicator/plug indicator","145","","","Road Transport (Offences) Regulation 2005 (ACT) SL2005-11, Schedule 1, republication R105 (authorised DOCX)","https://www.legislation.act.gov.au/DownloadFile/sl/2005-11/current/DOCX/2005-11.DOCX","2026-08-01","https://www.catoappeals.com/au/act/parking-fines/194-stop-near-fire-hydrant-indicator-plug-indicator"
"ACT","Road Transport (Road Rules) Regulation 2017 (ACT)","195","1.16-262","stop at/near bus stop","197","","","Road Transport (Offences) Regulation 2005 (ACT) SL2005-11, Schedule 1, republication R105 (authorised DOCX)","https://www.legislation.act.gov.au/DownloadFile/sl/2005-11/current/DOCX/2005-11.DOCX","2026-08-01","https://www.catoappeals.com/au/act/parking-fines/195-stop-at-near-bus-stop"
"ACT","Road Transport (Road Rules) Regulation 2017 (ACT)","195A","1.16-263","stop public bus at/near bus stop","197","","","Road Transport (Offences) Regulation 2005 (ACT) SL2005-11, Schedule 1, republication R105 (authorised DOCX)","https://www.legislation.act.gov.au/DownloadFile/sl/2005-11/current/DOCX/2005-11.DOCX","2026-08-01","https://www.catoappeals.com/au/act/parking-fines/195a-stop-public-bus-at-near-bus-stop"
"ACT","Road Transport (Road Rules) Regulation 2017 (ACT)","196","1.16-264","stop at/near tram stop","197","","","Road Transport (Offences) Regulation 2005 (ACT) SL2005-11, Schedule 1, republication R105 (authorised DOCX)","https://www.legislation.act.gov.au/DownloadFile/sl/2005-11/current/DOCX/2005-11.DOCX","2026-08-01","https://www.catoappeals.com/au/act/parking-fines/196-stop-at-near-tram-stop"
"ACT","Road Transport (Road Rules) Regulation 2017 (ACT)","199","1.16-270","stop near postbox","145","","","Road Transport (Offences) Regulation 2005 (ACT) SL2005-11, Schedule 1, republication R105 (authorised DOCX)","https://www.legislation.act.gov.au/DownloadFile/sl/2005-11/current/DOCX/2005-11.DOCX","2026-08-01","https://www.catoappeals.com/au/act/parking-fines/199-stop-near-postbox"
"ACT","Road Transport (Road Rules) Regulation 2017 (ACT)","201","1.16-273","disobey bicycle parking sign","145","","","Road Transport (Offences) Regulation 2005 (ACT) SL2005-11, Schedule 1, republication R105 (authorised DOCX)","https://www.legislation.act.gov.au/DownloadFile/sl/2005-11/current/DOCX/2005-11.DOCX","2026-08-01","https://www.catoappeals.com/au/act/parking-fines/201-disobey-bicycle-parking-sign"
"ACT","Road Transport (Road Rules) Regulation 2017 (ACT)","202","1.16-274","disobey motorbike parking sign","145","","","Road Transport (Offences) Regulation 2005 (ACT) SL2005-11, Schedule 1, republication R105 (authorised DOCX)","https://www.legislation.act.gov.au/DownloadFile/sl/2005-11/current/DOCX/2005-11.DOCX","2026-08-01","https://www.catoappeals.com/au/act/parking-fines/202-disobey-motorbike-parking-sign"
"ACT","Road Transport (Road Rules) Regulation 2017 (ACT)","203","1.16-275","stop in parking area for disabled","640","","","Road Transport (Offences) Regulation 2005 (ACT) SL2005-11, Schedule 1, republication R105 (authorised DOCX)","https://www.legislation.act.gov.au/DownloadFile/sl/2005-11/current/DOCX/2005-11.DOCX","2026-08-01","https://www.catoappeals.com/au/act/parking-fines/203-stop-in-parking-area-for-disabled"
"ACT","Road Transport (Road Rules) Regulation 2017 (ACT)","203A","1.16-276","stop in slip lane","329","","","Road Transport (Offences) Regulation 2005 (ACT) SL2005-11, Schedule 1, republication R105 (authorised DOCX)","https://www.legislation.act.gov.au/DownloadFile/sl/2005-11/current/DOCX/2005-11.DOCX","2026-08-01","https://www.catoappeals.com/au/act/parking-fines/203a-stop-in-slip-lane"
"ACT","Road Transport (Road Rules) Regulation 2017 (ACT)","203B","1.16-277","stop in parking area for electric-powered vehicles","145","","","Road Transport (Offences) Regulation 2005 (ACT) SL2005-11, Schedule 1, republication R105 (authorised DOCX)","https://www.legislation.act.gov.au/DownloadFile/sl/2005-11/current/DOCX/2005-11.DOCX","2026-08-01","https://www.catoappeals.com/au/act/parking-fines/203b-stop-in-parking-area-for-electric-powered"
"ACT","Road Transport (Road Rules) Regulation 2017 (ACT)","203C","1.16-278","stop in parking area for charging of electric-powered vehicles","145","","","Road Transport (Offences) Regulation 2005 (ACT) SL2005-11, Schedule 1, republication R105 (authorised DOCX)","https://www.legislation.act.gov.au/DownloadFile/sl/2005-11/current/DOCX/2005-11.DOCX","2026-08-01","https://www.catoappeals.com/au/act/parking-fines/203c-stop-in-parking-area-for-charging-of"
"ACT","Road Transport (Road Rules) Regulation 2017 (ACT)","205","1.16-279","park continuously for longer than permitted","145","","","Road Transport (Offences) Regulation 2005 (ACT) SL2005-11, Schedule 1, republication R105 (authorised DOCX)","https://www.legislation.act.gov.au/DownloadFile/sl/2005-11/current/DOCX/2005-11.DOCX","2026-08-01","https://www.catoappeals.com/au/act/parking-fines/205-park-continuously-for-longer-than-permitted"
"ACT","Road Transport (Road Rules) Regulation 2017 (ACT)","208A","1.16-282","parallel park in direction other than direction of travel (road related area)","145","","","Road Transport (Offences) Regulation 2005 (ACT) SL2005-11, Schedule 1, republication R105 (authorised DOCX)","https://www.legislation.act.gov.au/DownloadFile/sl/2005-11/current/DOCX/2005-11.DOCX","2026-08-01","https://www.catoappeals.com/au/act/parking-fines/208a-parallel-park-in-direction-other-than-direction"
"ACT","Road Transport (Road Rules) Regulation 2017 (ACT)","213C","1.16-300","park without paying meter fee","145","","","Road Transport (Offences) Regulation 2005 (ACT) SL2005-11, Schedule 1, republication R105 (authorised DOCX)","https://www.legislation.act.gov.au/DownloadFile/sl/2005-11/current/DOCX/2005-11.DOCX","2026-08-01","https://www.catoappeals.com/au/act/parking-fines/213c-park-without-paying-meter-fee"
"ACT","Road Transport (Road Rules) Regulation 2017 (ACT)","213F","1.16-303","park in closed metered space","145","","","Road Transport (Offences) Regulation 2005 (ACT) SL2005-11, Schedule 1, republication R105 (authorised DOCX)","https://www.legislation.act.gov.au/DownloadFile/sl/2005-11/current/DOCX/2005-11.DOCX","2026-08-01","https://www.catoappeals.com/au/act/parking-fines/213f-park-in-closed-metered-space"
"ACT","Road Transport (Road Rules) Regulation 2017 (ACT)","213H","1.16-306","interfere with parking meter","750","","","Road Transport (Offences) Regulation 2005 (ACT) SL2005-11, Schedule 1, republication R105 (authorised DOCX)","https://www.legislation.act.gov.au/DownloadFile/sl/2005-11/current/DOCX/2005-11.DOCX","2026-08-01","https://www.catoappeals.com/au/act/parking-fines/213h-interfere-with-parking-meter"
"ACT","Road Transport (Road Rules) Regulation 2017 (ACT)","213K","1.16-313","park without current/current equivalent ticket displayed/properly displayed","145","","","Road Transport (Offences) Regulation 2005 (ACT) SL2005-11, Schedule 1, republication R105 (authorised DOCX)","https://www.legislation.act.gov.au/DownloadFile/sl/2005-11/current/DOCX/2005-11.DOCX","2026-08-01","https://www.catoappeals.com/au/act/parking-fines/213k-park-without-current-current-equivalent-ticket-displayed"
"ACT","Road Transport (Road Rules) Regulation 2017 (ACT)","213O","1.16-317","park in closed ticket area/space","145","","","Road Transport (Offences) Regulation 2005 (ACT) SL2005-11, Schedule 1, republication R105 (authorised DOCX)","https://www.legislation.act.gov.au/DownloadFile/sl/2005-11/current/DOCX/2005-11.DOCX","2026-08-01","https://www.catoappeals.com/au/act/parking-fines/213o-park-in-closed-ticket-area-space"
"ACT","Road Transport (Road Rules) Regulation 2017 (ACT)","213R","1.16-322","interfere with ticket machine","750","","","Road Transport (Offences) Regulation 2005 (ACT) SL2005-11, Schedule 1, republication R105 (authorised DOCX)","https://www.legislation.act.gov.au/DownloadFile/sl/2005-11/current/DOCX/2005-11.DOCX","2026-08-01","https://www.catoappeals.com/au/act/parking-fines/213r-interfere-with-ticket-machine"
"ACT","Road Transport (Road Rules) Regulation 2017 (ACT)","213SA","1.16-325","sign displaying advertising/electoral matter attached to vehicle parked in designated place","750","","","Road Transport (Offences) Regulation 2005 (ACT) SL2005-11, Schedule 1, republication R105 (authorised DOCX)","https://www.legislation.act.gov.au/DownloadFile/sl/2005-11/current/DOCX/2005-11.DOCX","2026-08-01","https://www.catoappeals.com/au/act/parking-fines/213sa-sign-displaying-advertising-electoral-matter-attached-to"
