slug,name,short_name,nation,prefixes,enforces,address,phone,challenge_url,tribunal,source,source_url,source_as_at,page
adur-district-council,Adur District Council,Adur District Council,England,AD; AX,Parking,"Adur & Worthing Councils, Portland House, 44 Richmond Road Worthing BN11 1HA",01903 221180,https://www.adur-worthing.gov.uk/parking/appeal-a-penalty-charge-notice/,Traffic Penalty Tribunal,PATROL Authority Directory,https://www.patrol-uk.info/authority-directory,2026-08-10,https://www.catoappeals.com/councils/adur-district-council
amber-valley-borough-council,Amber Valley Borough Council,Amber Valley Borough Council,England,AV; NY,Parking; Littering From Vehicles,"Central Processing Unit, PO Box 10282, Nottingham NG17 0DX",01773 570222,https://www.parksmarter.org.uk/dispute-your-pcn/dispute-your-pcn.aspx,Traffic Penalty Tribunal,PATROL Authority Directory,https://www.patrol-uk.info/authority-directory,2026-08-10,https://www.catoappeals.com/councils/amber-valley-borough-council
arun-district-council,Arun District Council,Arun District Council,England,AR; AZ,Parking,"Parking Services, Arun Civic Centre, Maltravers Road, Littlehampton, West Sussex BN17 5LF",01903 737655,https://www.arun.gov.uk/pcn,Traffic Penalty Tribunal,PATROL Authority Directory,https://www.patrol-uk.info/authority-directory,2026-08-10,https://www.catoappeals.com/councils/arun-district-council
ashfield-district-council,Ashfield District Council,Ashfield District Council,England,AQ,Parking,"Central Processing Unit, PO Box 10282, Nottingham NG17 0DX",0345 520 1357,https://www.nottinghamshire.gov.uk/transport/parking/challenge-parking-fine,Traffic Penalty Tribunal,PATROL Authority Directory,https://www.patrol-uk.info/authority-directory,2026-08-10,https://www.catoappeals.com/councils/ashfield-district-council
ashford-borough-council,Ashford Borough Council,Ashford Borough Council,England,AS; KF,Parking,parkingcustomercare@ashford.gov.uk please email,01233 331111,https://pcnpayappeal.ashford.gov.uk/,Traffic Penalty Tribunal,PATROL Authority Directory,https://www.patrol-uk.info/authority-directory,2026-08-10,https://www.catoappeals.com/councils/ashford-borough-council
babergh-district-council-with-ipswich-borough-council,Babergh District Council (with Ipswich Borough Council),Babergh District Council (Ipswich),England,GB,Parking,"Parking Services, PO Box 668, Ipswich, Suffolk IP1 2DE",01473 432840,https://www.ipswich.gov.uk/pcn,Traffic Penalty Tribunal,PATROL Authority Directory,https://www.patrol-uk.info/authority-directory,2026-08-10,https://www.catoappeals.com/councils/babergh-district-council-with-ipswich-borough-council
babergh-district-council-with-west-suffolk-council,Babergh District Council (with West Suffolk Council),Babergh District Council (West Suffolk),England,QF,Parking,"West Suffolk Council, West Suffolk House, Western Way, Bury St Edmunds, Suffolk IP33 3YU",01284 763233,https://www.westsuffolk.gov.uk/parking/parking-fines-and-appeals.cfm,Traffic Penalty Tribunal,PATROL Authority Directory,https://www.patrol-uk.info/authority-directory,2026-08-10,https://www.catoappeals.com/councils/babergh-district-council-with-west-suffolk-council
barnsley-metropolitan-borough-council,Barnsley Metropolitan Borough Council,Barnsley Metropolitan Borough Council,England,BJ,Parking,"Barnsley MBC, Parking Services, PO Box 538, Barnsley S70 9BP",01226 772649,https://www.councilparking.org/barnsley/pages/OnlineChallengeEntry.aspx,Traffic Penalty Tribunal,PATROL Authority Directory,https://www.patrol-uk.info/authority-directory,2026-08-10,https://www.catoappeals.com/councils/barnsley-metropolitan-borough-council
basildon-borough-council,Basildon Borough Council,Basildon Borough Council,England,BI,Parking,"South Essex Parking Partnership, Chelmsford City Council, Civic Centre, Duke Street, Chelmsford, Essex CM1 1JE",01245 606710,https://www.chelmsford.gov.uk/parking-and-travel/parking-fines/challenge-a-parking-fine/,Traffic Penalty Tribunal,PATROL Authority Directory,https://www.patrol-uk.info/authority-directory,2026-08-10,https://www.catoappeals.com/councils/basildon-borough-council
basingstoke-and-deane-borough-council,Basingstoke and Deane Borough Council,Basingstoke and Deane Borough Council,England,BG; PA,Parking,"Parking Control Team, Basingstoke and Deane Borough Council, Civic Offices, London Road, Basingstoke, Hampshire RG21 4AH",01256 844844,https://www.basingstoke.gov.uk/pcn,Traffic Penalty Tribunal,PATROL Authority Directory,https://www.patrol-uk.info/authority-directory,2026-08-10,https://www.catoappeals.com/councils/basingstoke-and-deane-borough-council
bassetlaw-district-council,Bassetlaw District Council,Bassetlaw District Council,England,TQ,Parking,"Central Processing Unit, PO Box 10282, Nottingham NG17 0DX",0345 520 1357,https://www.nottinghamshire.gov.uk/transport/parking,Traffic Penalty Tribunal,PATROL Authority Directory,https://www.patrol-uk.info/authority-directory,2026-08-10,https://www.catoappeals.com/councils/bassetlaw-district-council
bath-and-north-east-somerset-council,Bath and North East Somerset Council,Bath and North East Somerset Council,England,BN,Parking; Bus Lane; Clean Air Zone; Moving Traffic,"Parking Services, PO Box 5197, Bath BA1 0UF",01225 477133/4,https://parking.bathnes.gov.uk/pages/OnlineChallengeEntry.aspx,Traffic Penalty Tribunal,PATROL Authority Directory,https://www.patrol-uk.info/authority-directory,2026-08-10,https://www.catoappeals.com/councils/bath-and-north-east-somerset-council
bedford-borough-council,Bedford Borough Council,Bedford Borough Council,England,BF,Parking; Bus Lane; Littering From Vehicles; Moving Traffic,"Parking Services Borough Hall, Cauldwell Street, Bedford, Bedfordshire MK42 9AP",01234 718057,https://www.bedford.gov.uk/parking-roads-and-travel/parking/street-parking/fines/,Traffic Penalty Tribunal,PATROL Authority Directory,https://www.patrol-uk.info/authority-directory,2026-08-10,https://www.catoappeals.com/councils/bedford-borough-council
birmingham-city-council,Birmingham City Council,Birmingham City Council,England,BM; JJ; KW; LR,Parking; Bus Lane; Clean Air Zone; Moving Traffic,"Birmingham City Council, Contact Us, Birmingham B1 1BB",0121 303 6644,https://www.birmingham.gov.uk/info/20221/penalty_charge_notices_pcn/525/pay_view_or_challenge_a_pcn/2,Traffic Penalty Tribunal,PATROL Authority Directory,https://www.patrol-uk.info/authority-directory,2026-08-10,https://www.catoappeals.com/councils/birmingham-city-council
blaby-district-council,Blaby District Council,Blaby District Council,England,VB,Parking,LCC Notice Processing Centre PO Box 9983 Leicester LE3 7DD,0116 3057953,https://www.leicestershire.gov.uk/roads-and-travel/cars-and-parking/challenge-a-parking-fine/make-a-challenge-against-a-parking-fine,Traffic Penalty Tribunal,PATROL Authority Directory,https://www.patrol-uk.info/authority-directory,2026-08-10,https://www.catoappeals.com/councils/blaby-district-council
blackburn-with-darwen-borough-council,Blackburn with Darwen Borough Council,Blackburn with Darwen Borough Council,England,DB; LY,Parking; Bus Lane; Littering From Vehicles,"Blackburn With Darwen Council, Town Hall, King William Street BB1 7DY",01254 588100,https://ocmlive.xrxpsc.com/blackburn/ocm-fe/ocm/default.aspx,Traffic Penalty Tribunal,PATROL Authority Directory,https://www.patrol-uk.info/authority-directory,2026-08-10,https://www.catoappeals.com/councils/blackburn-with-darwen-borough-council
blackpool-council,Blackpool Council,Blackpool Council,England,BP,Parking; Bus Lane,PARKING SERVICES P.O.BOX 4 BLACKPOOL FY1 1NA,"01253 476428, 476429",https://www.blackpool.gov.uk/Residents/Parking-roads-and-transport/Parking/Parking-fine-tickets.aspx,Traffic Penalty Tribunal,PATROL Authority Directory,https://www.patrol-uk.info/authority-directory,2026-08-10,https://www.catoappeals.com/councils/blackpool-council
blaenau-gwent-county-borough-council,Blaenau Gwent County Borough Council,Blaenau Gwent County Borough Council,Wales,ZB,Parking,"SWPG, PO Box 112, Pontypridd, Wales CF37 9EL",0333 200867,https://www.swpg.co.uk/LanguageChoice.aspx,Traffic Penalty Tribunal,PATROL Authority Directory,https://www.patrol-uk.info/authority-directory,2026-08-10,https://www.catoappeals.com/councils/blaenau-gwent-county-borough-council
bolsover-district-council,Bolsover District Council,Bolsover District Council,England,OL,Parking,"Central Processing Unit, PO Box 10282, Nottingham, NG17 0DX NG17 0DX",0345 520 1357,https://www.parksmarter.org.uk/dispute-your-pcn/dispute-your-pcn.aspx,Traffic Penalty Tribunal,PATROL Authority Directory,https://www.patrol-uk.info/authority-directory,2026-08-10,https://www.catoappeals.com/councils/bolsover-district-council
bolton-council,Bolton Council,Bolton Council,England,BO,Parking; Bus Lane,"Bolton Council, Parking Services, PO box 434, Bolton BL1 4FD",01204 336352,https://www.bolton.gov.uk/parking-permits,Traffic Penalty Tribunal,PATROL Authority Directory,https://www.patrol-uk.info/authority-directory,2026-08-10,https://www.catoappeals.com/councils/bolton-council
borough-of-telford-and-wrekin-council,Borough of Telford and Wrekin Council,Borough of Telford and Wrekin Council,England,VF,Littering From Vehicles; Parking,"Parking Team, Telford and Wrekin Council, Addenbrooke House, Ironmaster Way, TF3 4NT",01952 384384,https://www.telford.gov.uk/,Traffic Penalty Tribunal,PATROL Authority Directory,https://www.patrol-uk.info/authority-directory,2026-08-10,https://www.catoappeals.com/councils/borough-of-telford-and-wrekin-council
boston-borough-council,Boston Borough Council,Boston Borough Council,England,QD,Parking,"Central Processing Unit, PO Box 10282, Nottingham NG17 0DX",0345 520 1357,https://www.nottinghamshire.gov.uk/transport/parking/challenge-parking-fine,Traffic Penalty Tribunal,PATROL Authority Directory,https://www.patrol-uk.info/authority-directory,2026-08-10,https://www.catoappeals.com/councils/boston-borough-council
bournemouth-christchurch-and-poole-bcp,"Bournemouth, Christchurch and Poole (BCP)","Bournemouth, Christchurch and Poole (BCP)",England,RD,Parking; Bus Lane,"BCP Council,PO box 9361,Civic Offices,Bridge Street Christchurch BH23 9LW",01202 377052,https://www.bcpcouncil.gov.uk/parking/pay-or-challenge-your-parking-fine-ticket,Traffic Penalty Tribunal,PATROL Authority Directory,https://www.patrol-uk.info/authority-directory,2026-08-10,https://www.catoappeals.com/councils/bournemouth-christchurch-and-poole-bcp
bracknell-forest-borough-council,Bracknell Forest Borough Council,Bracknell Forest Borough Council,England,BV,Parking,"Bracknell Forest Borough Council Parking Team, Time Square, Market Street, Bracknell, Berkshire RG12 1JD",01344 352000,http://www.bracknell-forest.gov.uk/parking,Traffic Penalty Tribunal,PATROL Authority Directory,https://www.patrol-uk.info/authority-directory,2026-08-10,https://www.catoappeals.com/councils/bracknell-forest-borough-council
braintree-district-council,Braintree District Council,Braintree District Council,England,BX,Parking,"North Essex Parking Partnership, PO Box 5575, Town Hall, Colchester CO1 9LT",01206 282316,https://www.braintree.gov.uk/streets-transport-parking/parking-fines/2,Traffic Penalty Tribunal,PATROL Authority Directory,https://www.patrol-uk.info/authority-directory,2026-08-10,https://www.catoappeals.com/councils/braintree-district-council
breckland-council,Breckland Council,Breckland Council,England,JG,Parking,"Parking Services, PO Box 1144, Kings Lynn PE30 9AH",01553 616222,https://parking.west-norfolk.gov.uk/pages/OnlineChallengeEntry.aspx,Traffic Penalty Tribunal,PATROL Authority Directory,https://www.patrol-uk.info/authority-directory,2026-08-10,https://www.catoappeals.com/councils/breckland-council
brentwood-borough-council,Brentwood Borough Council,Brentwood Borough Council,England,BW,Parking,"Parking Department, Town Hall, Ingrave Road, Brentwood CM15 8AY",01277 312500,https://www.brentwood.gov.uk/penalty-charge-notices,Traffic Penalty Tribunal,PATROL Authority Directory,https://www.patrol-uk.info/authority-directory,2026-08-10,https://www.catoappeals.com/councils/brentwood-borough-council
bridgend-county-borough-council,Bridgend County Borough Council,Bridgend County Borough Council,Wales,PT,Parking,"WPPP, PO BOX 273, Rhyl, Denbighshire LL18 9EJ",01656 643643,https://www.wppp.org.uk/,Traffic Penalty Tribunal,PATROL Authority Directory,https://www.patrol-uk.info/authority-directory,2026-08-10,https://www.catoappeals.com/councils/bridgend-county-borough-council
brighton-and-hove-city-council,Brighton and Hove City Council,Brighton and Hove City Council,England,BH,Parking; Bus Lane; Moving Traffic,"Parking Services, Customer Services Centre, Hove Town Hall, Hove BN3 4BQ",01273 296622,https://www.brighton-hove.gov.uk/parking-and-travel/parking/challenge-or-appeal-your-penalty-charge-notice-pcn-including-bus,Traffic Penalty Tribunal,PATROL Authority Directory,https://www.patrol-uk.info/authority-directory,2026-08-10,https://www.catoappeals.com/councils/brighton-and-hove-city-council
bristol-city-council,Bristol City Council,Bristol City Council,England,BS; OB,Parking; Bus Lane; Clean Air Zone; Moving Traffic,"Parking Services (PCN Appeals), PO Box 3399, Bristol City Council, Bristol BS1 9NE",0117 9223091,https://www.bristol.gov.uk/parking/appeal-a-parking-or-bus-lane-fine,Traffic Penalty Tribunal,PATROL Authority Directory,https://www.patrol-uk.info/authority-directory,2026-08-10,https://www.catoappeals.com/councils/bristol-city-council
bromsgrove-district-council,Bromsgrove District Council,Bromsgrove District Council,England,AJ; AK,Parking,"Bromsgrove DC Parking Services, Civic Centre, Queen Elizabeth Drive, Pershore WR10 1PT",01386 565009,https://www.bromsgrove.gov.uk/residents/my-place/parking/parking-fines-charges-and-appeals/,Traffic Penalty Tribunal,PATROL Authority Directory,https://www.patrol-uk.info/authority-directory,2026-08-10,https://www.catoappeals.com/councils/bromsgrove-district-council
broxbourne-borough-council,Broxbourne Borough Council,Broxbourne Borough Council,England,BK,Parking,"Parking Services, Bishop's College, Churchgate, Cheshunt, Hertfordshire EN8 9XB",01992 785555 ext. 5540,https://www.broxbourne.gov.uk/parking,Traffic Penalty Tribunal,PATROL Authority Directory,https://www.patrol-uk.info/authority-directory,2026-08-10,https://www.catoappeals.com/councils/broxbourne-borough-council
broxtowe-borough-council,Broxtowe Borough Council,Broxtowe Borough Council,England,XQ,Parking,"Central Processing Unit, PO Box 10282, Nottingham NG17 0DX",0345 520 1357,http://www.nottinghamshire.gov.uk/transport/parking,Traffic Penalty Tribunal,PATROL Authority Directory,https://www.patrol-uk.info/authority-directory,2026-08-10,https://www.catoappeals.com/councils/broxtowe-borough-council
buckinghamshire-council,Buckinghamshire Council,Buckinghamshire Council,England,UK; AA; PJ,Parking; Moving Traffic; Littering From Vehicles,"Parking Services, New County Offices, Walton Streeet, Aylesbury, Buckinghamshire HP20 1UY",0333 121 0031,https://www.buckinghamshire.gov.uk/parking-roads-and-transport/parking/appeal-a-parking-fine/,Traffic Penalty Tribunal,PATROL Authority Directory,https://www.patrol-uk.info/authority-directory,2026-08-10,https://www.catoappeals.com/councils/buckinghamshire-council
burnley-borough-council,Burnley Borough Council,Burnley Borough Council,England,BE,Parking,"Chipside Lancashire, PO Box 3584, Chippenham, Wiltshire SN15 9EF",0345 505 2525,https://www.chipsidelancashire.org/challengepcn.asp,Traffic Penalty Tribunal,PATROL Authority Directory,https://www.patrol-uk.info/authority-directory,2026-08-10,https://www.catoappeals.com/councils/burnley-borough-council
bury-metropolitan-borough-council,Bury Metropolitan Borough Council,Bury Metropolitan Borough Council,England,BC,Parking; Bus Lane,"Parking Services, PO Box 595, Bury BL9 0EJ",0161 253 5353,http://www.bury.gov.uk/parkingappeals,Traffic Penalty Tribunal,PATROL Authority Directory,https://www.patrol-uk.info/authority-directory,2026-08-10,https://www.catoappeals.com/councils/bury-metropolitan-borough-council
caerphilly-county-borough-council,Caerphilly County Borough Council,Caerphilly County Borough Council,Wales,XC,Parking,SWPG PO Box 112 Pontypridd CF37 9EL,033 33 200 867,http://www.swpg.co.uk/,Traffic Penalty Tribunal,PATROL Authority Directory,https://www.patrol-uk.info/authority-directory,2026-08-10,https://www.catoappeals.com/councils/caerphilly-county-borough-council
calderdale-borough-council,Calderdale Borough Council,Calderdale Borough Council,England,CX,Parking,PO Box 51 Halifax HX1 1TP,01422 392171,https://parkinggw.calderdale.gov.uk/pcn/,Traffic Penalty Tribunal,PATROL Authority Directory,https://www.patrol-uk.info/authority-directory,2026-08-10,https://www.catoappeals.com/councils/calderdale-borough-council
cambridge-city-council,Cambridge City Council,Cambridge City Council,England,YB,Parking,"Mandela House, 4 Regent Street, Cambridge CB2 1BY",01223 457000,https://www.cambridgeshire.gov.uk/residents/travel-roads-and-parking/parking-services/parking-tickets-and-appeals,Traffic Penalty Tribunal,PATROL Authority Directory,https://www.patrol-uk.info/authority-directory,2026-08-10,https://www.catoappeals.com/councils/cambridge-city-council
cambridgeshire-county-council,Cambridgeshire County Council,Cambridgeshire County Council,England,FC; YA,Bus Lane; Parking; Moving Traffic,"Parking Services, PO Box 121, Cambridge, Cambridgeshire CB1 2WW",01223 727900,https://www.cambridgeshire.gov.uk/residents/travel-roads-and-parking/parking-services/parking-tickets-and-appeals,Traffic Penalty Tribunal,PATROL Authority Directory,https://www.patrol-uk.info/authority-directory,2026-08-10,https://www.catoappeals.com/councils/cambridgeshire-county-council
cannock-chase-district-council,Cannock Chase District Council,Cannock Chase District Council,England,ZC,Parking,"CANNOCK CHASE DISTRICT COUNCIL, PO BOX 28 , BEECROFT ROAD CANNOCK, STAFFORDSHIRE WS11 1BG",01543 462621,https://www.cannockchasedc.gov.uk/visitors/parking/parking-enforcement,Traffic Penalty Tribunal,PATROL Authority Directory,https://www.patrol-uk.info/authority-directory,2026-08-10,https://www.catoappeals.com/councils/cannock-chase-district-council
canterbury-city-council,Canterbury City Council,Canterbury City Council,England,CT; KB,Littering From Vehicles; Parking,"Military Road, Canterbury, Kent CT1 1YW",01227 862000,https://www.canterbury.gov.uk/parking-and-roads/pay-or-challenge-parking-fine,Traffic Penalty Tribunal,PATROL Authority Directory,https://www.patrol-uk.info/authority-directory,2026-08-10,https://www.catoappeals.com/councils/canterbury-city-council
cardiff-council,Cardiff Council,Cardiff Council,Wales,QC,Parking; Moving Traffic; Bus Lane,"Cardiff Council, County Hall, Atlantic Wharf, Cardiff CF104UW",029 2087 2087,https://www.cardiff.gov.uk/ENG/resident/Parking-roads-and-travel/Parking-fines/Pages/default.aspx,Traffic Penalty Tribunal,PATROL Authority Directory,https://www.patrol-uk.info/authority-directory,2026-08-10,https://www.catoappeals.com/councils/cardiff-council
carmarthenshire-county-council,Carmarthenshire County Council,Carmarthenshire County Council,Wales,CM,Parking; Bus Lane; Moving Traffic,"Carmarthenshire, County Council, PO Box 90, Carmarthen SA31 3WR",01267 228390,https://www.carmarthenshire.gov.wales/council-services/highways-travel-parking/parking/penalty-charge-notices-pcn/,Traffic Penalty Tribunal,PATROL Authority Directory,https://www.patrol-uk.info/authority-directory,2026-08-10,https://www.catoappeals.com/councils/carmarthenshire-county-council
castle-point-borough-council,Castle Point Borough Council,Castle Point Borough Council,England,CP,Parking,"South Essex Parking Partnership, Chelmsford City Council, Civic Centre, Duke Street, Chelmsford, Essex CM1 1JE",01245 606710,https://www.parkingpartnership.org/south/,Traffic Penalty Tribunal,PATROL Authority Directory,https://www.patrol-uk.info/authority-directory,2026-08-10,https://www.catoappeals.com/councils/castle-point-borough-council
central-bedfordshire-council,Central Bedfordshire Council,Central Bedfordshire Council,England,QB,Parking; Bus Lane; Moving Traffic,Central Bedfordshire Council PO Box 597 Northampton NN4 7XN,0300 300 8005,https://www.centralbedfordshire.gov.uk/info/55/transport_roads_and_parking/582/parking_fines_-_paying_parking_fines_and_appealing_parking_fines/2,Traffic Penalty Tribunal,PATROL Authority Directory,https://www.patrol-uk.info/authority-directory,2026-08-10,https://www.catoappeals.com/councils/central-bedfordshire-council
ceredigion-county-council,Ceredigion County Council,Ceredigion County Council,Wales,GI,Parking,"WPPP, PO BOX 273, Rhyl, Denbighshire LL18 9EJ",01745 839250,https://www.wppp.org.uk/,Traffic Penalty Tribunal,PATROL Authority Directory,https://www.patrol-uk.info/authority-directory,2026-08-10,https://www.catoappeals.com/councils/ceredigion-county-council
charnwood-borough-council,Charnwood Borough Council,Charnwood Borough Council,England,VC; VY,Littering From Vehicles; Parking,"LCC Notice Processing Centre, PO Box 9983, Leicester LE3 7DD",0116 3057953,https://www.leicestershire.gov.uk/roads-and-travel/cars-and-parking/challenge-a-parking-fine/make-a-challenge-against-a-parking-fine,Traffic Penalty Tribunal,PATROL Authority Directory,https://www.patrol-uk.info/authority-directory,2026-08-10,https://www.catoappeals.com/councils/charnwood-borough-council
chelmsford-city-council,Chelmsford City Council,Chelmsford City Council,England,CF,Parking,"South Essex Parking Partnership, Civic Centre, Duke Street, Chelmsford, Essex CM1 1JE",01245 606710,https://www.parkingpartnership.org/south/,Traffic Penalty Tribunal,PATROL Authority Directory,https://www.patrol-uk.info/authority-directory,2026-08-10,https://www.catoappeals.com/councils/chelmsford-city-council
cheltenham-borough-council-off-street,Cheltenham Borough Council (Off Street),Cheltenham Borough Council (Off Street),England,IC,Parking,"Parking Services, Municipal Offices, The Promenade, Cheltenham, Glos GL50 9SA",0345 301 1151,https://parking.cheltenham.gov.uk/,Traffic Penalty Tribunal,PATROL Authority Directory,https://www.patrol-uk.info/authority-directory,2026-08-10,https://www.catoappeals.com/councils/cheltenham-borough-council-off-street
cheltenham-borough-council-on-street,Cheltenham Borough Council (On Street),Cheltenham Borough Council (On Street),England,GD,Parking; Bus Lane; Moving Traffic,"Apcoa Gloucestershire, PO Box 1010, Middlesex UB8 9NT",0345 301 1151,https://www.gloucestershire.gov.uk/highways/parking/,Traffic Penalty Tribunal,PATROL Authority Directory,https://www.patrol-uk.info/authority-directory,2026-08-10,https://www.catoappeals.com/councils/cheltenham-borough-council-on-street
cheshire-east-council,Cheshire East Council,Cheshire East Council,England,GA,Parking,"Parking Department, Municipal Buildings Earle Street, Crewe CW1 2BJ",0300 123 5020,https://www.cheshireeast.gov.uk/car-parks-and-parking/parking-regulations-enforcement/challenge-pcn.aspx,Traffic Penalty Tribunal,PATROL Authority Directory,https://www.patrol-uk.info/authority-directory,2026-08-10,https://www.catoappeals.com/councils/cheshire-east-council
cheshire-west-and-chester-council,Cheshire West and Chester Council,Cheshire West and Chester Council,England,AW,Parking; Bus Lane; Moving Traffic,"Parking Services, Council Offices, 4 Civic Way, Ellesmere Port, Cheshire CH65 0BE",0300 123 8123,https://www.cheshirewestandchester.gov.uk/residents/transport-and-roads/parking-and-permits/civil-parking-enforcement/appeal-a-parking-or-bus-lane-fine.aspx,Traffic Penalty Tribunal,PATROL Authority Directory,https://www.patrol-uk.info/authority-directory,2026-08-10,https://www.catoappeals.com/councils/cheshire-west-and-chester-council
chesterfield-borough-council,Chesterfield Borough Council,Chesterfield Borough Council,England,CG,Parking,"Parking Services, Chesterfield Borough Council, Town Hall, Rose Hill, Chesterfield S40 1LP",01246 345593,https://www.chesterfield.gov.uk/parking-roads-and-travel/parking-car-parks-and-parking-fines/parking-fines/pay-a-parking-fine/,Traffic Penalty Tribunal,PATROL Authority Directory,https://www.patrol-uk.info/authority-directory,2026-08-10,https://www.catoappeals.com/councils/chesterfield-borough-council
chichester-district-council,Chichester District Council,Chichester District Council,England,ZA,Parking,"Chichester District Council, East Pallant House, 1 East Pallant, Chichester, West Sussex PO19 1TY",01243 785166,https://www.councilparking.org/chichester/pages/home.aspx,Traffic Penalty Tribunal,PATROL Authority Directory,https://www.patrol-uk.info/authority-directory,2026-08-10,https://www.catoappeals.com/councils/chichester-district-council
chorley-borough-council,Chorley Borough Council,Chorley Borough Council,England,CY,Parking,Chorley Council Civic Offices Union Street Chorley PR7 1AL,01257 515151,https://www.chipsidelancashire.org/,Traffic Penalty Tribunal,PATROL Authority Directory,https://www.patrol-uk.info/authority-directory,2026-08-10,https://www.catoappeals.com/councils/chorley-borough-council
city-of-bradford-metropolitan-district-council,City of Bradford Metropolitan District Council,City of Bradford Metropolitan District Council,England,BQ; DY,Littering From Vehicles; Parking; Bus Lane; Clean Air Zone,"Parking Services, PO Box 848, Bradford BD1 5UH",01274 434300,https://www.bradford.gov.uk/transport-and-travel/parking/view-evidence-or-challenge-your-parking-or-bus-lane-penalty/,Traffic Penalty Tribunal,PATROL Authority Directory,https://www.patrol-uk.info/authority-directory,2026-08-10,https://www.catoappeals.com/councils/city-of-bradford-metropolitan-district-council
city-of-doncaster-council,City of Doncaster Council,City of Doncaster Council,England,DN,Parking; Bus Lane,"Enforcement Team, Doncaster Council, Civic Office, Waterdale, Doncaster DN1 3BU",01302 735041,https://www.councilparking.org/doncaster/,Traffic Penalty Tribunal,PATROL Authority Directory,https://www.patrol-uk.info/authority-directory,2026-08-10,https://www.catoappeals.com/councils/city-of-doncaster-council
city-of-lincoln-council,City of Lincoln Council,City of Lincoln Council,England,QL,Parking,"City Services, City Hall, Beaumont Fee, Lincoln LN1 1DE",01522 881188,https://www.lincoln.gov.uk/parking-3,Traffic Penalty Tribunal,PATROL Authority Directory,https://www.patrol-uk.info/authority-directory,2026-08-10,https://www.catoappeals.com/councils/city-of-lincoln-council
city-of-york-council,City of York Council,City of York Council,England,YC; YR,Parking; Bus Lane,"City of York Council Parking Services, West Offices, Station Rise, York YO1 6GA",01904 551389,https://www.york.gov.uk/ObjectingToYourPCN,Traffic Penalty Tribunal,PATROL Authority Directory,https://www.patrol-uk.info/authority-directory,2026-08-10,https://www.catoappeals.com/councils/city-of-york-council
colchester-city-council,Colchester City Council,Colchester City Council,England,CH; ID,Parking,"North Essex Parking Partnership, PO Box 5575, Town Hall, Colchester CO1 9LT",01206 282316,https://north.parkingpartnership.org/region/colchester/,Traffic Penalty Tribunal,PATROL Authority Directory,https://www.patrol-uk.info/authority-directory,2026-08-10,https://www.catoappeals.com/councils/colchester-city-council
conwy-county-borough-council,Conwy County Borough Council,Conwy County Borough Council,Wales,CQ,Parking,Parking Services Llandudno Town Hall Lloyd Street Llandudno LL30 2UP,01492 574000,https://www.conwy.gov.uk/en/Resident/Parking-Roads-and-Travel/Parking-and-Permits/Parking-and-Permits.aspx,Traffic Penalty Tribunal,PATROL Authority Directory,https://www.patrol-uk.info/authority-directory,2026-08-10,https://www.catoappeals.com/councils/conwy-county-borough-council
cornwall-council,Cornwall Council,Cornwall Council,England,FA,Parking,"Parking Services, PO Box 664, Truro TR1 1DT",0300 123 4222,https://www.cornwall.gov.uk/transport-parking-and-streets/parking/parking-fines-and-enforcement/appeal-a-parking-ticket-or-fine/,Traffic Penalty Tribunal,PATROL Authority Directory,https://www.patrol-uk.info/authority-directory,2026-08-10,https://www.catoappeals.com/councils/cornwall-council
cotswold-district-council,Cotswold District Council,Cotswold District Council,England,GD; ZD,Parking; Bus Lane; Moving Traffic,Cotswold District Council Parking Services PO Box 335 Cirencester GL7 9JH,01285 623000,https://www.cotswold.gov.uk/parking-travel-and-visitors/,Traffic Penalty Tribunal,PATROL Authority Directory,https://www.patrol-uk.info/authority-directory,2026-08-10,https://www.catoappeals.com/councils/cotswold-district-council
coventry-city-council,Coventry City Council,Coventry City Council,England,CV,Bus Lane; Parking; Moving Traffic,"P O Box 3943, Coventry CV1 9AF",024 7683 3400,https://www.coventry.gov.uk/parking-enforcement/parking-bus-lane-bus-gate-enforcement/5,Traffic Penalty Tribunal,PATROL Authority Directory,https://www.patrol-uk.info/authority-directory,2026-08-10,https://www.catoappeals.com/councils/coventry-city-council
crawley-borough-council,Crawley Borough Council,Crawley Borough Council,England,ZG; ZJ,Parking,"Parking Services, Town Hall, The Boulevard, Crawley, West Sussex RH10 1UZ",01293 438696,https://crawley.gov.uk/transport-and-streets/parking/penalty-charge-notices,Traffic Penalty Tribunal,PATROL Authority Directory,https://www.patrol-uk.info/authority-directory,2026-08-10,https://www.catoappeals.com/councils/crawley-borough-council
cumberland-council,Cumberland Council,Cumberland Council,England,OM,Parking,"Cumbria House, 117 Botchergate, Carlisle CA1 1RD",0300 373 3730,https://www.cumberland.gov.uk/parking-roads-and-transport/parking,Traffic Penalty Tribunal,PATROL Authority Directory,https://www.patrol-uk.info/authority-directory,2026-08-10,https://www.catoappeals.com/councils/cumberland-council
dacorum-borough-council,Dacorum Borough Council,Dacorum Borough Council,England,DC,Parking,"Dacorum Borough Council Parking Service, PO Box 921, Hemel Hempstead, Hertfordshire HP1 1ZP",01908 223505 or,https://www.dacorum.gov.uk/home/community-living/parking-and-travel/parking-tickets/appeal-against-a-parking-ticket-(penalty-charge-notice),Traffic Penalty Tribunal,PATROL Authority Directory,https://www.patrol-uk.info/authority-directory,2026-08-10,https://www.catoappeals.com/councils/dacorum-borough-council
darlington-borough-council,Darlington Borough Council,Darlington Borough Council,England,DK,Parking,"Parking Services, Darlington Borough Council, Town Hall, Darlington DL1 5QT",01325 405222,https://www.darlington.gov.uk/transport-roads-and-parking/car-parking/pay-or-challenge-a-parking-fine/,Traffic Penalty Tribunal,PATROL Authority Directory,https://www.patrol-uk.info/authority-directory,2026-08-10,https://www.catoappeals.com/councils/darlington-borough-council
dartford-borough-council,Dartford Borough Council,Dartford Borough Council,England,DT; KD,Parking,"Civic Centre, Home Gardens, Dartford, Kent DA1 1DR",01322 343434,https://www.dartford.gov.uk/parking-transport-1/penalty-charge-notices,Traffic Penalty Tribunal,PATROL Authority Directory,https://www.patrol-uk.info/authority-directory,2026-08-10,https://www.catoappeals.com/councils/dartford-borough-council
denbighshire-county-council,Denbighshire County Council,Denbighshire County Council,Wales,DE,Parking,"WPPP, PO BOX 273, Rhyl, Denbighshire LL18 9EJ",01824 708489,https://www.wppp.org.uk/,Traffic Penalty Tribunal,PATROL Authority Directory,https://www.patrol-uk.info/authority-directory,2026-08-10,https://www.catoappeals.com/councils/denbighshire-county-council
derby-city-council,Derby City Council,Derby City Council,England,DR,Parking; Bus Lane; Moving Traffic,"Parking Services, Derby City Council, Corporation Street, Derby DE1 2FS",01332 640000,https://pcn.derby.gov.uk/pages/home.aspx,Traffic Penalty Tribunal,PATROL Authority Directory,https://www.patrol-uk.info/authority-directory,2026-08-10,https://www.catoappeals.com/councils/derby-city-council
derbyshire-county-council,Derbyshire County Council,Derbyshire County Council,England,DJ; JD,Parking,Derbyshire County Council County Hall Matlock DE4 3AG,01629 533190,https://www.parksmarter.org.uk/dispute-your-pcn/dispute-your-pcn.aspx,Traffic Penalty Tribunal,PATROL Authority Directory,https://www.patrol-uk.info/authority-directory,2026-08-10,https://www.catoappeals.com/councils/derbyshire-county-council
derbyshire-dales-district-council,Derbyshire Dales District Council,Derbyshire Dales District Council,England,DH,Parking,Derbyshire Dales District Council Bank Road Matlock DE4 3NN,01629 761100,https://www.parksmarter.org.uk/dispute-your-pcn/dispute-your-pcn.aspx,Traffic Penalty Tribunal,PATROL Authority Directory,https://www.patrol-uk.info/authority-directory,2026-08-10,https://www.catoappeals.com/councils/derbyshire-dales-district-council
devon-county-council,Devon County Council,Devon County Council,England,YD,Parking; Bus Lane; Moving Traffic,"Devon CC Parking Services, PO Box 811, Exeter EX1 9WA",0345 155 1075,https://www.devonpermits.org/pcns/pages/OnlineChallengeEntry.aspx,Traffic Penalty Tribunal,PATROL Authority Directory,https://www.patrol-uk.info/authority-directory,2026-08-10,https://www.catoappeals.com/councils/devon-county-council
dorset-council,Dorset Council,Dorset Council,England,DV,Parking; Littering From Vehicles,"PO Box 7736, Dorchester, Dorset DT1 9GN",01305 838236,https://www.dorsetcouncil.gov.uk/parking/parking-fines/pay-or-challenge-a-parking-fine-issued-by-dorset-council.aspx,Traffic Penalty Tribunal,PATROL Authority Directory,https://www.patrol-uk.info/authority-directory,2026-08-10,https://www.catoappeals.com/councils/dorset-council
dover-district-council,Dover District Council,Dover District Council,England,OV; DD; KV,Littering From Vehicles; Parking,envcrime@dover.gov.uk Please ema,01304 872459,https://www.dover.gov.uk/parking,Traffic Penalty Tribunal,PATROL Authority Directory,https://www.patrol-uk.info/authority-directory,2026-08-10,https://www.catoappeals.com/councils/dover-district-council
dudley-metropolitan-borough-council,Dudley Metropolitan Borough Council,Dudley Metropolitan Borough Council,England,DM,Parking,"Parking Management, Council House, Mary Stevens Park, Stourbridge DY8 2AA",03005 552345,http://www.dudley.gov.uk/resident/parking-roads/parking/,Traffic Penalty Tribunal,PATROL Authority Directory,https://www.patrol-uk.info/authority-directory,2026-08-10,https://www.catoappeals.com/councils/dudley-metropolitan-borough-council
durham-county-council,Durham County Council,Durham County Council,England,DU,Parking; Bus Lane; Durham LEZ; Moving Traffic,Parking Service Durham County Council County Hall Durham DH1 5UQ,0300 026 3985,https://parkingservices.nsl.co.uk/durham/notices/,Traffic Penalty Tribunal,PATROL Authority Directory,https://www.patrol-uk.info/authority-directory,2026-08-10,https://www.catoappeals.com/councils/durham-county-council
east-devon-district-council,East Devon District Council,East Devon District Council,England,VN,Parking,"Parking Services, East Devon District Council, Blackdown House, Border Road, Heathpark Industrial Estate, Honiton EX14 1EJ",01404 515 616,https://eastdevon.gov.uk/parking/car-park-fines/pay-or-challenge-a-penalty-charge-notice-parking-ticket-car-park-fine/,Traffic Penalty Tribunal,PATROL Authority Directory,https://www.patrol-uk.info/authority-directory,2026-08-10,https://www.catoappeals.com/councils/east-devon-district-council
east-hampshire-district-council,East Hampshire District Council,East Hampshire District Council,England,XG; XH,Parking,Parking & Traffic Management PO Box 263 Petersfield GU32 9FD,01730 266551,https://www.easthants.gov.uk/parking-and-traffic-management,Traffic Penalty Tribunal,PATROL Authority Directory,https://www.patrol-uk.info/authority-directory,2026-08-10,https://www.catoappeals.com/councils/east-hampshire-district-council
east-hertfordshire-district-council,East Hertfordshire District Council,East Hertfordshire District Council,England,ET,Parking,"Wallfields, Pegs Lane, Hertford SG13 8EQ",01279 502039,https://www.hertsparking.co.uk/eastherts/default.aspx,Traffic Penalty Tribunal,PATROL Authority Directory,https://www.patrol-uk.info/authority-directory,2026-08-10,https://www.catoappeals.com/councils/east-hertfordshire-district-council
east-lindsey-district-council,East Lindsey District Council,East Lindsey District Council,England,QE,Parking,"Central Processing Unit, PO Box 10282, Nottingham NG17 0DX",01507 613559,https://www.councilparking.org/lincsdistricts/challenge/pages/OnlineChallengeEntry.aspx,Traffic Penalty Tribunal,PATROL Authority Directory,https://www.patrol-uk.info/authority-directory,2026-08-10,https://www.catoappeals.com/councils/east-lindsey-district-council
east-riding-of-yorkshire-council,East Riding of Yorkshire Council,East Riding of Yorkshire Council,England,YE,Parking,"Parking Services, PO Box 294, Beverley HU17 6FB",(01482) 393939,https://www.eastriding-parkingenforcement.co.uk/pages/home.aspx,Traffic Penalty Tribunal,PATROL Authority Directory,https://www.patrol-uk.info/authority-directory,2026-08-10,https://www.catoappeals.com/councils/east-riding-of-yorkshire-council
east-staffordshire-borough-council,East Staffordshire Borough Council,East Staffordshire Borough Council,England,ZE,Parking,"Parking Services, PO Box 2994, Stoke on Trent ST4 9FG",01283 508 000,https://www.eaststaffsbc.gov.uk/parking-and-roads/challenge-parking-ticket,Traffic Penalty Tribunal,PATROL Authority Directory,https://www.patrol-uk.info/authority-directory,2026-08-10,https://www.catoappeals.com/councils/east-staffordshire-borough-council
east-suffolk-council,East Suffolk Council,East Suffolk Council,England,AU,Parking,"East Suffolk House, Riduna Park, Station Road, Melton, Woodbridge, Suffolk IP12 1RT",01502 523260,https://www.eastsuffolk.gov.uk/visitors/parking-services/parking-fines/,Traffic Penalty Tribunal,PATROL Authority Directory,https://www.patrol-uk.info/authority-directory,2026-08-10,https://www.catoappeals.com/councils/east-suffolk-council
east-sussex-county-council-eastbourne,East Sussex County Council (Eastbourne),East Sussex County Council (Eastbourne),England,EU,Parking; Bus Lane,"Eastbourne Library, Grove Road, Eastbourne BN21 4TL",01323 466222,https://www.eastsussex.gov.uk/parking/penalty-charge-notices-parking-tickets/challenge,Traffic Penalty Tribunal,PATROL Authority Directory,https://www.patrol-uk.info/authority-directory,2026-08-10,https://www.catoappeals.com/councils/east-sussex-county-council-eastbourne
east-sussex-county-council-hastings,East Sussex County Council (Hastings),East Sussex County Council (Hastings),England,ZH,Parking; Bus Lane,"Parking Services, Eastbourne Library, Grove Road, Eastbourne BN21 4TL",01323 466222,https://www.eastsussex.gov.uk/parking/penalty-charge-notices-parking-tickets/challenge,Traffic Penalty Tribunal,PATROL Authority Directory,https://www.patrol-uk.info/authority-directory,2026-08-10,https://www.catoappeals.com/councils/east-sussex-county-council-hastings
east-sussex-county-council-lewes,East Sussex County Council (Lewes),East Sussex County Council (Lewes),England,LW,Parking; Bus Lane,"Parking Services, Eastbourne Library, Grove Road, Eastbourne BN21 4TL",01323 466222,https://www.eastsussex.gov.uk/parking/penalty-charge-notices-parking-tickets/challenge,Traffic Penalty Tribunal,PATROL Authority Directory,https://www.patrol-uk.info/authority-directory,2026-08-10,https://www.catoappeals.com/councils/east-sussex-county-council-lewes
east-sussex-county-council-rother,East Sussex County Council (Rother),East Sussex County Council (Rother),England,RA,Parking,"County Hall, St Annes Crescent Lewes East Sussex BN7 1UE",01323 466222,https://www.eastsussex.gov.uk/parking/penalty-charge-notices-parking-tickets/challenge,Traffic Penalty Tribunal,PATROL Authority Directory,https://www.patrol-uk.info/authority-directory,2026-08-10,https://www.catoappeals.com/councils/east-sussex-county-council-rother
eastleigh-borough-council,Eastleigh Borough Council,Eastleigh Borough Council,England,EH; YH,Parking,"Parking Enforcement, Eastleigh House, Upper Market Street, Eastleigh SO50 9YN",02380 688000,https://www.councilparking.org/eastleigh/pages/OnlineChallengeEntry.aspx,Traffic Penalty Tribunal,PATROL Authority Directory,https://www.patrol-uk.info/authority-directory,2026-08-10,https://www.catoappeals.com/councils/eastleigh-borough-council
elmbridge-borough-council,Elmbridge Borough Council,Elmbridge Borough Council,England,EL; YS,Parking,"Elmbridge Parking Services, Civic Centre, High Street, Esher, Surrey KT10 9SD",01372 474474,https://www.elmbridge.gov.uk/parking/appeal-parking-fine/,Traffic Penalty Tribunal,PATROL Authority Directory,https://www.patrol-uk.info/authority-directory,2026-08-10,https://www.catoappeals.com/councils/elmbridge-borough-council
epping-forest-district-council,Epping Forest District Council,Epping Forest District Council,England,EP; FT; II,Parking,"North Essex Parking Partnership PO Box 5575, Town Hall, Colchester, Essex CO1 9LT",01206 282316,https://parking.eppingforestdc.gov.uk/pages/home.aspx,Traffic Penalty Tribunal,PATROL Authority Directory,https://www.patrol-uk.info/authority-directory,2026-08-10,https://www.catoappeals.com/councils/epping-forest-district-council
epsom-and-ewell-borough-council,Epsom and Ewell Borough Council,Epsom and Ewell Borough Council,England,EE; PM,Parking,"Parking Services Epsom & Ewell Borough Council, Town Hall, The Parade, Epsom, KT18 5BY",0330 175 5930,https://www.surreycc.gov.uk/roads-and-transport/parking/parking-and-permits/enforcement-and-fines/parking-fines,Traffic Penalty Tribunal,PATROL Authority Directory,https://www.patrol-uk.info/authority-directory,2026-08-10,https://www.catoappeals.com/councils/epsom-and-ewell-borough-council
erewash-borough-council,Erewash Borough Council,Erewash Borough Council,England,EW,Parking,Erewash Borough Council Town Hall Ilkeston Derbyshire DE7 5RP,0115 9072244,https://www.parksmarter.org.uk/dispute-your-pcn/dispute-your-pcn.aspx,Traffic Penalty Tribunal,PATROL Authority Directory,https://www.patrol-uk.info/authority-directory,2026-08-10,https://www.catoappeals.com/councils/erewash-borough-council
essex-county-council,Essex County Council,Essex County Council,England,ES,Bus Lane,"Bus Enforcement, Traffic Control Centre, County Hall, Duke Street, Chelmsford, Essex, CM1 1QH",0345 603 7631,https://www.essexhighways.org/getting-around/bus-lane-enforcement,Traffic Penalty Tribunal,PATROL Authority Directory,https://www.patrol-uk.info/authority-directory,2026-08-10,https://www.catoappeals.com/councils/essex-county-council
exeter-city-council,Exeter City Council,Exeter City Council,England,XR,Parking,"Civic Centre, Paris Street, Exeter EX1 1JJ",01392 277888,https://exeter.gov.uk/car-parking/car-parks-fines/appeal-a-car-park-fine/,Traffic Penalty Tribunal,PATROL Authority Directory,https://www.patrol-uk.info/authority-directory,2026-08-10,https://www.catoappeals.com/councils/exeter-city-council
fareham-borough-council,Fareham Borough Council,Fareham Borough Council,England,FH,Parking,"Fareham Borough Council, Civic Offices, Civic Way, Fareham, PO16 7AZ",01329 236100,https://www.fareham.gov.uk/parking_and_traffic/pay_a_penalty_notice.aspx,Traffic Penalty Tribunal,PATROL Authority Directory,https://www.patrol-uk.info/authority-directory,2026-08-10,https://www.catoappeals.com/councils/fareham-borough-council
flintshire-county-council,Flintshire County Council,Flintshire County Council,Wales,FL,Parking,"WPPP, PO BOX 273, Rhyl, Denbighshire LL18 9EJ",01824 708489,https://www.wppp.org.uk/,Traffic Penalty Tribunal,PATROL Authority Directory,https://www.patrol-uk.info/authority-directory,2026-08-10,https://www.catoappeals.com/councils/flintshire-county-council
folkestone-and-hythe-district-council,Folkestone and Hythe District Council,Folkestone and Hythe District Council,England,KP; SH,Parking,"Folkestone & Hythe District Council Civic Centre, Castle Hill Avenue, Folkestone Kent CT20 2QY",01303 853000,https://folkestone-hythe.gov.uk/parking/challenge-a-parking-fine,Traffic Penalty Tribunal,PATROL Authority Directory,https://www.patrol-uk.info/authority-directory,2026-08-10,https://www.catoappeals.com/councils/folkestone-and-hythe-district-council
forest-of-dean-district-council,Forest of Dean District Council,Forest of Dean District Council,England,FE,Parking,"Forest of Dean District Council High Street Coleford, Glos GL16 8HG",01594 810000,https://www.councilparking.org/gloucestershire/pages/home.aspx,Traffic Penalty Tribunal,PATROL Authority Directory,https://www.patrol-uk.info/authority-directory,2026-08-10,https://www.catoappeals.com/councils/forest-of-dean-district-council
fylde-borough-council,Fylde Borough Council,Fylde Borough Council,England,FY,Parking,"Fylde Council, Parking Services, Town Hall, Lytham St Annes, Lancashire FY8 1LW",01253 658 658,https://www.chipsidelancashire.org/challengepcn.asp,Traffic Penalty Tribunal,PATROL Authority Directory,https://www.patrol-uk.info/authority-directory,2026-08-10,https://www.catoappeals.com/councils/fylde-borough-council
gateshead-council,Gateshead Council,Gateshead Council,England,GH,Bus Lane; Parking,"Parking Services, Traffic Planning Section, Transport and Highways Services, Civic Centre, Regent Street, Gateshead NE8 1HH",0191 433 3636,https://www.gateshead.gov.uk/article/4314/Challenge-a-penalty-charge-notice-PCN,Traffic Penalty Tribunal,PATROL Authority Directory,https://www.patrol-uk.info/authority-directory,2026-08-10,https://www.catoappeals.com/councils/gateshead-council
gedling-borough-council,Gedling Borough Council,Gedling Borough Council,England,GQ,Parking,"Central Processing Unit, PO Box 10282, Nottingham NG17 0DX",0333 121 1212,https://www.noticeprocessing.org/parking/pages/OnlineChallengeEntry.aspx,Traffic Penalty Tribunal,PATROL Authority Directory,https://www.patrol-uk.info/authority-directory,2026-08-10,https://www.catoappeals.com/councils/gedling-borough-council
gloucester-city-council,Gloucester City Council,Gloucester City Council,England,GO,Parking,Gloucester City Council Parking Services PO Box 3584 Chippenham Wiltshire SN15 9EF,01452 425610,https://www.councilparking.org/gloscity/pages/home.aspx,Traffic Penalty Tribunal,PATROL Authority Directory,https://www.patrol-uk.info/authority-directory,2026-08-10,https://www.catoappeals.com/councils/gloucester-city-council
gloucestershire-county-council,Gloucestershire County Council,Gloucestershire County Council,England,GD,Parking; Bus Lane; Moving Traffic,"Parking Team, Gloucestershire County Council, Shire Hall Westgate Street Gloucester GL1 2TH",01452 425610 / 0333 121 0225,https://www.councilparking.org/gloucestershire/pages/home.aspx,Traffic Penalty Tribunal,PATROL Authority Directory,https://www.patrol-uk.info/authority-directory,2026-08-10,https://www.catoappeals.com/councils/gloucestershire-county-council
gosport-borough-council,Gosport Borough Council,Gosport Borough Council,England,PG,Parking,"Streetscene, Town Hall, High Street, Gosport, Hants. PO12 1EB",(023) 9258 4242,https://parking.gosport.gov.uk/pages/OnlineChallengeEntry.aspx,Traffic Penalty Tribunal,PATROL Authority Directory,https://www.patrol-uk.info/authority-directory,2026-08-10,https://www.catoappeals.com/councils/gosport-borough-council
gravesham-borough-council,Gravesham Borough Council,Gravesham Borough Council,England,GG,Parking,Parking Services Gravesham Borough Council Civic Centre Windmill Street Gravesend Kent DA12 1AU,01474 33 7000,https://www.gravesham.gov.uk/home/parking-and-roads,Traffic Penalty Tribunal,PATROL Authority Directory,https://www.patrol-uk.info/authority-directory,2026-08-10,https://www.catoappeals.com/councils/gravesham-borough-council
great-yarmouth-borough-council,Great Yarmouth Borough Council,Great Yarmouth Borough Council,England,YT,Parking,"Parking Services, Town Hall, Hall Plain, Great Yarmouth, Norfolk NR30 2QF",01493 856100,https://www.great-yarmouth.gov.uk/parkingandroads,Traffic Penalty Tribunal,PATROL Authority Directory,https://www.patrol-uk.info/authority-directory,2026-08-10,https://www.catoappeals.com/councils/great-yarmouth-borough-council
guildford-borough-council,Guildford Borough Council,Guildford Borough Council,England,GU,Parking,"Guildford Borough Council, Millmead House, Millmead, Guildford, Surrey GU2 4BB",01483 505050,https://www.guildford.gov.uk/challengeaparkingfine,Traffic Penalty Tribunal,PATROL Authority Directory,https://www.patrol-uk.info/authority-directory,2026-08-10,https://www.catoappeals.com/councils/guildford-borough-council
gwynedd-council,Gwynedd Council,Gwynedd Council,Wales,GW,Parking,"WPPP, PO BOX 273, Rhyl, Denbighshire LL18 9EJ",01745 939250,https://www.wppp.org.uk/,Traffic Penalty Tribunal,PATROL Authority Directory,https://www.patrol-uk.info/authority-directory,2026-08-10,https://www.catoappeals.com/councils/gwynedd-council
halton-borough-council,Halton Borough Council,Halton Borough Council,England,XM; MF,Merseyflow,"Merseyflow Customer Services, PO Box 327, Runcorn WA7 9DW",01928 878878,https://www.merseyflow.co.uk/Make-a-Representation,Traffic Penalty Tribunal,PATROL Authority Directory,https://www.patrol-uk.info/authority-directory,2026-08-10,https://www.catoappeals.com/councils/halton-borough-council
hampshire-county-council,Hampshire County Council,Hampshire County Council,England,PV,Parking; Bus Lane; Moving Traffic,"The Castle, Winchester, Hampshire SO23 8UJ",033 30068349,https://www.hants.gov.uk/transport/parking/parking-fine/challenge-pcn,Traffic Penalty Tribunal,PATROL Authority Directory,https://www.patrol-uk.info/authority-directory,2026-08-10,https://www.catoappeals.com/councils/hampshire-county-council
hampshire-county-council-with-basingstoke-borough-council,Hampshire County Council (with Basingstoke Borough Council),Hampshire County Council (Basingstoke),England,PA,Parking,"Basingstoke and Deane Borough Council, Civic Offices, London Road, Basingstoke, Hampshire RG21 7AH",01256 845 223,https://www.basingstoke.gov.uk/pcn,Traffic Penalty Tribunal,PATROL Authority Directory,https://www.patrol-uk.info/authority-directory,2026-08-10,https://www.catoappeals.com/councils/hampshire-county-council-with-basingstoke-borough-council
hampshire-county-council-with-hart-district-council,Hampshire County Council (with Hart District Council),Hampshire County Council (Hart),England,PH,Parking,"Hart District Council, PO Box 338, Fleet, Hampshire GU51 4WH",01252 77 44 27,http://www.hart.gov.uk/Parking,Traffic Penalty Tribunal,PATROL Authority Directory,https://www.patrol-uk.info/authority-directory,2026-08-10,https://www.catoappeals.com/councils/hampshire-county-council-with-hart-district-council
hampshire-county-council-with-havant-borough-council,Hampshire County Council (with Havant Borough Council),Hampshire County Council (Havant),England,VA,Parking,"Havant Borough Council, Parking Services Manager, Civic Offices, Civic Centre Road, Havant, Hampshire PO9 2AX",023 9244 6437,https://www.havant.gov.uk/,Traffic Penalty Tribunal,PATROL Authority Directory,https://www.patrol-uk.info/authority-directory,2026-08-10,https://www.catoappeals.com/councils/hampshire-county-council-with-havant-borough-council
hampshire-county-council-with-rushmoor-borough-council,Hampshire County Council (with Rushmoor Borough Council),Hampshire County Council (Rushmoor),England,PQ,Parking,"Rushmoor Borough Council, PO Box 312, Farnborough Road, Farnborough, Hampshire GU14 7WH",01252 398 290,http://www.rushmoor.gov.uk/parking,Traffic Penalty Tribunal,PATROL Authority Directory,https://www.patrol-uk.info/authority-directory,2026-08-10,https://www.catoappeals.com/councils/hampshire-county-council-with-rushmoor-borough-council
hampshire-county-council-with-winchester-county-council,Hampshire County Council (with Winchester County Council),Hampshire County Council (Winchester),England,YW,Parking,"Winchester City Council, PO Box 149, Winchester SO23 9ZD",01962 848346,https://pcn.winchester.gov.uk/,Traffic Penalty Tribunal,PATROL Authority Directory,https://www.patrol-uk.info/authority-directory,2026-08-10,https://www.catoappeals.com/councils/hampshire-county-council-with-winchester-county-council
harborough-district-council,Harborough District Council,Harborough District Council,England,VR,Parking,LCC Notice Processing Centre PO Box 9983 Leicester LE3 7DD,0116 3057953,https://www.leicestershire.gov.uk/roads-and-travel/cars-and-parking/challenge-a-parking-fine/make-a-challenge-against-a-parking-fine,Traffic Penalty Tribunal,PATROL Authority Directory,https://www.patrol-uk.info/authority-directory,2026-08-10,https://www.catoappeals.com/councils/harborough-district-council
harlow-district-council,Harlow District Council,Harlow District Council,England,HL,Parking,"North Essex Parking Partnership, PO Box 5575, Town Hall, Colchester CO1 9LT",01206 282316,https://www.parkingpartnership.org/,Traffic Penalty Tribunal,PATROL Authority Directory,https://www.patrol-uk.info/authority-directory,2026-08-10,https://www.catoappeals.com/councils/harlow-district-council
hart-district-council,Hart District Council,Hart District Council,England,HT,Parking,Parking Services Civic Offices Harlington Way Fleet Hampshire GU51 4AE,01252 625991,https://www.councilparking.org/hart/pages/home.aspx,Traffic Penalty Tribunal,PATROL Authority Directory,https://www.patrol-uk.info/authority-directory,2026-08-10,https://www.catoappeals.com/councils/hart-district-council
hartlepool-borough-council,Hartlepool Borough Council,Hartlepool Borough Council,England,HX,Parking; Littering From Vehicles,"Parking Section, Hartlepool Borough Council, Civic Centre, Victoria Road, Hartlepool TS24 8AY",01429 266522,https://www.hartlepool.gov.uk/info/20185/parking/198/appealing_against_your_parking_fine_pcn,Traffic Penalty Tribunal,PATROL Authority Directory,https://www.patrol-uk.info/authority-directory,2026-08-10,https://www.catoappeals.com/councils/hartlepool-borough-council
hastings-borough-council,Hastings Borough Council,Hastings Borough Council,England,HS,Parking,"Muriel Matters House, Breeds Place, Hastings, East Sussex TN34 3UY",01424 451066,http://www.hastings.gov.uk/parking,Traffic Penalty Tribunal,PATROL Authority Directory,https://www.patrol-uk.info/authority-directory,2026-08-10,https://www.catoappeals.com/councils/hastings-borough-council
havant-borough-council,Havant Borough Council,Havant Borough Council,England,HV,Parking,"Parking Services Manager, Civic Offices, Civic Centre Road, Havant, Hants PO9 2AX",023 9244 6437,https://www.havant.gov.uk/parking/parking-fines,Traffic Penalty Tribunal,PATROL Authority Directory,https://www.patrol-uk.info/authority-directory,2026-08-10,https://www.catoappeals.com/councils/havant-borough-council
herefordshire-council,Herefordshire Council,Herefordshire Council,England,HE,Parking,"Town Hall, 10 St. Owen Street, Hereford HR1 2SP",01432 260000,https://www.herefordshire.gov.uk/,Traffic Penalty Tribunal,PATROL Authority Directory,https://www.patrol-uk.info/authority-directory,2026-08-10,https://www.catoappeals.com/councils/herefordshire-council
hertfordshire-county-council,Hertfordshire County Council,Hertfordshire County Council,England,JY,Moving Traffic; Bus Lane,"Hertfordshire Traffic Enforcement, PO Box 377, Sheffield S98 1GY",0300 123 4040,https://www.hertfordshire.gov.uk/about-the-council/how-the-council-works/district-and-borough-councils.aspx,Traffic Penalty Tribunal,PATROL Authority Directory,https://www.patrol-uk.info/authority-directory,2026-08-10,https://www.catoappeals.com/councils/hertfordshire-county-council
hertsmere-borough-council,Hertsmere Borough Council,Hertsmere Borough Council,England,JW,Parking,"Civic Offices, Elstree Way, Borehamwood, Hertfordshire WD6 1WA",020 8207 2277,https://www.hertsmere.gov.uk/transport-streets-and-parking/penalty-charge-notices-and-enforcement/penalty-charge-notice-pcn,Traffic Penalty Tribunal,PATROL Authority Directory,https://www.patrol-uk.info/authority-directory,2026-08-10,https://www.catoappeals.com/councils/hertsmere-borough-council
high-peak-borough-council,High Peak Borough Council,High Peak Borough Council,England,HJ,Parking,"Central Processing Unit, PO Box 10282, Nottingham NG17 0DX",0345 129 7777,http://www.parksmarter.org.uk/,Traffic Penalty Tribunal,PATROL Authority Directory,https://www.patrol-uk.info/authority-directory,2026-08-10,https://www.catoappeals.com/councils/high-peak-borough-council
hinckley-and-bosworth-borough-council,Hinckley and Bosworth Borough Council,Hinckley and Bosworth Borough Council,England,VI,Parking; Littering From Vehicles,"LCC Notice Processing Centre, PO Box 9983 Leicester LE3 7DD",0116 3057953,https://www.leicestershire.gov.uk/roads-and-travel/cars-and-parking/challenge-a-parking-fine/make-a-challenge-against-a-parking-fine,Traffic Penalty Tribunal,PATROL Authority Directory,https://www.patrol-uk.info/authority-directory,2026-08-10,https://www.catoappeals.com/councils/hinckley-and-bosworth-borough-council
horsham-district-council,Horsham District Council,Horsham District Council,England,HM,Parking,"Parking Services, Parkside, Chart Way, Horsham, W. Sussex RH12 1RL",01403 215054,https://www.horsham.gov.uk/parking/parking-fines/appeal-your-penalty-charge-notice,Traffic Penalty Tribunal,PATROL Authority Directory,https://www.patrol-uk.info/authority-directory,2026-08-10,https://www.catoappeals.com/councils/horsham-district-council
huntingdonshire-district-council,Huntingdonshire District Council,Huntingdonshire District Council,England,OI,Parking,"St Mary's St, Huntingdon PE29 3TN",01480 388388,https://www.huntingdonshire.gov.uk/,Traffic Penalty Tribunal,PATROL Authority Directory,https://www.patrol-uk.info/authority-directory,2026-08-10,https://www.catoappeals.com/councils/huntingdonshire-district-council
hyndburn-borough-council,Hyndburn Borough Council,Hyndburn Borough Council,England,HD,Parking,"Chipside Lancashire, PO Box 3584, Chippenham, Wiltshire SN15 9EF",0345 505 2525,https://www.chipsidelancashire.org/challengepcn.asp,Traffic Penalty Tribunal,PATROL Authority Directory,https://www.patrol-uk.info/authority-directory,2026-08-10,https://www.catoappeals.com/councils/hyndburn-borough-council
ipswich-borough-council,Ipswich Borough Council,Ipswich Borough Council,England,IP,Parking,"Ipswich Parking Service, PO Box 668, Ipswich IP1 2DE",01473 405945,https://www.ipswich.gov.uk/pcn,Traffic Penalty Tribunal,PATROL Authority Directory,https://www.patrol-uk.info/authority-directory,2026-08-10,https://www.catoappeals.com/councils/ipswich-borough-council
isle-of-anglesey-county-council,Isle of Anglesey County Council,Isle of Anglesey County Council,Wales,YM,Parking,Isle of Anglesey County Council Council Offices Llangefni Anglesey LL77 7TW,01248 750057,https://www.wppp.org.uk/,Traffic Penalty Tribunal,PATROL Authority Directory,https://www.patrol-uk.info/authority-directory,2026-08-10,https://www.catoappeals.com/councils/isle-of-anglesey-county-council
isle-of-wight-council,Isle of Wight Council,Isle of Wight Council,England,IW,Parking,"Parking Services, : Isle of Wight Council, PO BOX 239, Newport, IOW PO30 9FQ",01983 823714,https://www.councilparking.org/iow/pages/OnlineChallengeEntry.aspx,Traffic Penalty Tribunal,PATROL Authority Directory,https://www.patrol-uk.info/authority-directory,2026-08-10,https://www.catoappeals.com/councils/isle-of-wight-council
kent-county-council,Kent County Council,Kent County Council,England,KN,Parking; Bus Lane; Moving Traffic,"Invicta House , County Square, Kent ME1 1XX",03000 41 81 81,https://www.kent.gov.uk/roads-and-travel/travelling-around-kent/driving/parking/parking-tickets-and-fines,Traffic Penalty Tribunal,PATROL Authority Directory,https://www.patrol-uk.info/authority-directory,2026-08-10,https://www.catoappeals.com/councils/kent-county-council
kent-county-council-with-dartford-borough-council,Kent County Council (with Dartford Borough Council),Kent County Council (Dartford),England,KD,Parking,"Dartford Borough Council, Civic Centre , Home Gardens, Dartford, Kent DA1 1DR",01322 343550,https://www.dartford.gov.uk/parking-transport-1/penalty-charge-notices,Traffic Penalty Tribunal,PATROL Authority Directory,https://www.patrol-uk.info/authority-directory,2026-08-10,https://www.catoappeals.com/councils/kent-county-council-with-dartford-borough-council
kent-county-council-with-dover-district-council,Kent County Council (with Dover District Council),Kent County Council (Dover),England,KV,Parking,"Dover District Council, White Cliffs Business Park, Whitfield, Dover, Kent CT16 3PJ",01304 821199,https://www.dover.gov.uk/,Traffic Penalty Tribunal,PATROL Authority Directory,https://www.patrol-uk.info/authority-directory,2026-08-10,https://www.catoappeals.com/councils/kent-county-council-with-dover-district-council
kent-county-council-with-sevenoaks-district-council,Kent County Council (with Sevenoaks District Council),Kent County Council (Sevenoaks),England,KS,Parking,"Sevenoaks District Council, Council Offices, Argyle Road, Sevenoaks TN13 1HG",01732 227175,https://parkingmax.co.uk/Parking/Sevenoaks,Traffic Penalty Tribunal,PATROL Authority Directory,https://www.patrol-uk.info/authority-directory,2026-08-10,https://www.catoappeals.com/councils/kent-county-council-with-sevenoaks-district-council
kent-county-council-with-swale-borough-council,Kent County Council (with Swale Borough Council),Kent County Council (Swale),England,KL,Parking,"Swale Borough Council, Swale House , East Street, Sittingbourne, Kent ME10 3HT",01795 417204,https://swale.gov.uk/parking-and-streets/pay-or-appeal-a-parking-fine/appeal#h2,Traffic Penalty Tribunal,PATROL Authority Directory,https://www.patrol-uk.info/authority-directory,2026-08-10,https://www.catoappeals.com/councils/kent-county-council-with-swale-borough-council
kent-county-council-with-thanet-district-council,Kent County Council (with Thanet District Council),Kent County Council (Thanet),England,KX,Parking,"Thanet District Council, PO Box 9, Cecil Street, Margate, Kent CT9 1XZ",01843 577472,https://www.kent.gov.uk/roads-and-travel/travelling-around-kent/parking,Traffic Penalty Tribunal,PATROL Authority Directory,https://www.patrol-uk.info/authority-directory,2026-08-10,https://www.catoappeals.com/councils/kent-county-council-with-thanet-district-council
kent-county-council-with-tonbridge-and-malling-borough-council,Kent County Council (with Tonbridge and Malling Borough Council),Kent County Council (Tonbridge and Malling),England,KO,Parking,"Gibson Building, Gibson Drive, King's Hill, West Malling, Kent ME19 4LZ",01732 876034,http://www.kent.gov.uk/roads-and-travel/travelling-around-kent/parking,Traffic Penalty Tribunal,PATROL Authority Directory,https://www.patrol-uk.info/authority-directory,2026-08-10,https://www.catoappeals.com/councils/kent-county-council-with-tonbridge-and-malling-borough-council
kent-county-council-with-tunbridge-wells-borough-council,Kent County Council (with Tunbridge Wells Borough Council),Kent County Council (Tunbridge Wells),England,KU,Parking; Bus Lane,"Tunbridge Wells Borough Council, Town Hall, Mount Pleasant Road, Tunbridge Wells, Kent TN1 1RS",01892 554084,https://tunbridgewells.gov.uk/parking/appeal-penalty-charge-notice,Traffic Penalty Tribunal,PATROL Authority Directory,https://www.patrol-uk.info/authority-directory,2026-08-10,https://www.catoappeals.com/councils/kent-county-council-with-tunbridge-wells-borough-council
kingston-upon-hull-city-council,Kingston upon Hull City Council,Kingston upon Hull City Council,England,KH,Littering From Vehicles; Parking; Bus Lane; Moving Traffic,"CPE Hull, PO Box 474, Hull HU9 9ES",01482 300300,https://www.hull.gov.uk/parking-and-transport/car-parks-and-parking/challenge-your-parking-penalty,Traffic Penalty Tribunal,PATROL Authority Directory,https://www.patrol-uk.info/authority-directory,2026-08-10,https://www.catoappeals.com/councils/kingston-upon-hull-city-council
kirklees-metropolitan-council,Kirklees Metropolitan Council,Kirklees Metropolitan Council,England,KM,Parking; Bus Lane,"The Parking Office, Albion Street, Huddersfield HD1 2NW",01484 223222,https://www.kirklees.gov.uk/beta/transport-roads-and-parking/appeal-a-parking-fine.aspx,Traffic Penalty Tribunal,PATROL Authority Directory,https://www.patrol-uk.info/authority-directory,2026-08-10,https://www.catoappeals.com/councils/kirklees-metropolitan-council
knowsley-metropolitan-borough-council,Knowsley Metropolitan Borough Council,Knowsley Metropolitan Borough Council,England,KI,Parking; Moving Traffic,"Knowsley Metropolitan Borough Council, Municipal Buildings, Huyton L36 9UX",0151 443 3100,https://www.knowsley.gov.uk/residents/roads/civil-parking-enforcement.aspx,Traffic Penalty Tribunal,PATROL Authority Directory,https://www.patrol-uk.info/authority-directory,2026-08-10,https://www.catoappeals.com/councils/knowsley-metropolitan-borough-council
lancashire-county-council,Lancashire County Council,Lancashire County Council,England,LQ,Parking; Bus Lane; Moving Traffic,Parking Services PO Box 1023 Preston PR1 3ZA,0300 123 6713,https://www.lancashire.gov.uk/roads-parking-and-travel/parking/pay-or-challenge-your-penalty-notice/,Traffic Penalty Tribunal,PATROL Authority Directory,https://www.patrol-uk.info/authority-directory,2026-08-10,https://www.catoappeals.com/councils/lancashire-county-council
lancaster-city-council,Lancaster City Council,Lancaster City Council,England,LA,Parking; Littering From Vehicles,"Parking Services Lancaster City Council, White Lund Depot, White Lund Road, LA3 3DT",0300 123 6713,https://www.lancashire.gov.uk/roads-parking-and-travel/parking/pay-or-challenge-your-penalty-notice/,Traffic Penalty Tribunal,PATROL Authority Directory,https://www.patrol-uk.info/authority-directory,2026-08-10,https://www.catoappeals.com/councils/lancaster-city-council
leeds-city-council,Leeds City Council,Leeds City Council,England,LS,Parking; Bus Lane; Moving Traffic,Leeds City Council Parking Services PO Box 139 LEEDS LS9 1AA,0113 376 0442,https://www.leeds.gov.uk/parking-roads-and-travel/parking/parking-tickets-and-bus-lane-fines/appeal-a-parking-ticket-or-bus-lane-fine,Traffic Penalty Tribunal,PATROL Authority Directory,https://www.patrol-uk.info/authority-directory,2026-08-10,https://www.catoappeals.com/councils/leeds-city-council
leicester-city-council,Leicester City Council,Leicester City Council,England,LE; LG,Littering From Vehicles; Parking; Bus Lane; Moving Traffic,"Parking Services, City Hall, 115 Charles Street, Leicester LE1 1FZ",0116 454 1000,https://www.leicester.gov.uk/,Traffic Penalty Tribunal,PATROL Authority Directory,https://www.patrol-uk.info/authority-directory,2026-08-10,https://www.catoappeals.com/councils/leicester-city-council
leicester-city-council-bus-lanes-lg,Leicester City Council (Bus Lanes - LG),Leicester City Council (Bus Lanes - LG),England,LG,Bus Lane; Moving Traffic,"Processing & Enforcement Services, PO Box 10169, Nottingham NG1 9HS",0116 454 1000,https://www.leicester.gov.uk/,Traffic Penalty Tribunal,PATROL Authority Directory,https://www.patrol-uk.info/authority-directory,2026-08-10,https://www.catoappeals.com/councils/leicester-city-council-bus-lanes-lg
leicestershire-county-council-with-blaby-district-council,Leicestershire County Council (with Blaby District Council),Leicestershire County Council (Blaby),England,VZ,Parking,LCC Notice Processing Centre PO Box 9983 Leicester LE3 7DD,0116 3057953,https://www.leicestershire.gov.uk/roads-and-travel/cars-and-parking/challenge-a-parking-fine/make-a-challenge-against-a-parking-fine,Traffic Penalty Tribunal,PATROL Authority Directory,https://www.patrol-uk.info/authority-directory,2026-08-10,https://www.catoappeals.com/councils/leicestershire-county-council-with-blaby-district-council
leicestershire-county-council-with-harborough-district-council,Leicestershire County Council (with Harborough District Council),Leicestershire County Council (Harborough),England,VX,Parking,LCC Notice Processing Centre PO Box 9983 Leicester LE3 7DD,0116 3057953,https://www.leicestershire.gov.uk/roads-and-travel/cars-and-parking/challenge-a-parking-fine/make-a-challenge-against-a-parking-fine,Traffic Penalty Tribunal,PATROL Authority Directory,https://www.patrol-uk.info/authority-directory,2026-08-10,https://www.catoappeals.com/councils/leicestershire-county-council-with-harborough-district-council
leicestershire-county-council-with-hinckley-and-bosworth-district-council,Leicestershire County Council (with Hinckley and Bosworth District Council),Leicestershire County Council (Hinckley and Bosworth),England,VW,Parking,LCC Notice Processing Centre PO Box 9983 Leicester LE3 7DD,0116 3057953,https://www.leicestershire.gov.uk/roads-and-travel/cars-and-parking/challenge-a-parking-fine/make-a-challenge-against-a-parking-fine,Traffic Penalty Tribunal,PATROL Authority Directory,https://www.patrol-uk.info/authority-directory,2026-08-10,https://www.catoappeals.com/councils/leicestershire-county-council-with-hinckley-and-bosworth-district-council
leicestershire-county-council-with-north-west-leicestershire-district-council,Leicestershire County Council (with North West Leicestershire District Council),Leicestershire County Council (North West Leicestershire),England,VT,Parking,LCC Notice Processing Centre PO Box 9983 Leicester LE3 7DD,0116 3057953,https://www.leicestershire.gov.uk/roads-and-travel/cars-and-parking/challenge-a-parking-fine/make-a-challenge-against-a-parking-fine,Traffic Penalty Tribunal,PATROL Authority Directory,https://www.patrol-uk.info/authority-directory,2026-08-10,https://www.catoappeals.com/councils/leicestershire-county-council-with-north-west-leicestershire-district-council
leicestershire-county-council-with-oadby-and-wigston-borough-council,Leicestershire County Council (with Oadby and Wigston Borough Council),Leicestershire County Council (Oadby and Wigston),England,VS,Parking,LCC Notice Processing Centre PO Box 9983 Leicester LE3 7 DD,0116 3057953,https://www.leicestershire.gov.uk/roads-and-travel/cars-and-parking/challenge-a-parking-fine/make-a-challenge-against-a-parking-fine,Traffic Penalty Tribunal,PATROL Authority Directory,https://www.patrol-uk.info/authority-directory,2026-08-10,https://www.catoappeals.com/councils/leicestershire-county-council-with-oadby-and-wigston-borough-council
lichfield-district-council,Lichfield District Council,Lichfield District Council,England,LF,Parking,"Parking Services, Lichfield District Council, Frog Lane, Lichfield, WS13 6YY",01543 308000,https://www.lichfielddc.gov.uk/car-parks/parking-fines-council-owned-car-parks,Traffic Penalty Tribunal,PATROL Authority Directory,https://www.patrol-uk.info/authority-directory,2026-08-10,https://www.catoappeals.com/councils/lichfield-district-council
lincolnshire-county-council,Lincolnshire County Council,Lincolnshire County Council,England,QJ,Parking,"Lincolnshire County Council, County Offices, Newland, Lincoln, LN1 1YL LN1 1YL",0333 370 5007,https://www.lincolnshire.gov.uk/parking/pay-challenge-parking-fine,Traffic Penalty Tribunal,PATROL Authority Directory,https://www.patrol-uk.info/authority-directory,2026-08-10,https://www.catoappeals.com/councils/lincolnshire-county-council
liverpool-city-council,Liverpool City Council,Liverpool City Council,England,LV,Parking; Bus Lane; Moving Traffic,"Liverpool City Council, Parking Services, Cunard Building, Water Street, Liverpool L3 1AH",0151 233 3011,https://liverpool.gov.uk/parking-roads-and-travel/parking-fines-and-challenges/challenge-a-parking-fine/,Traffic Penalty Tribunal,PATROL Authority Directory,https://www.patrol-uk.info/authority-directory,2026-08-10,https://www.catoappeals.com/councils/liverpool-city-council
luton-borough-council,Luton Borough Council,Luton Borough Council,England,LU; QU,Parking; Bus Lane; Moving Traffic; Littering From Vehicles,"The Parking Shop, Town Hall, George Street, Luton LU1 2BQ",01582 510333,https://m.luton.gov.uk/Page/Show/Transport_and_streets/Parking/Pages/Tickets-and-appeals.aspx,Traffic Penalty Tribunal,PATROL Authority Directory,https://www.patrol-uk.info/authority-directory,2026-08-10,https://www.catoappeals.com/councils/luton-borough-council
maidstone-borough-council,Maidstone Borough Council,Maidstone Borough Council,England,MD,Parking,"P.O. Box 249, Maidstone ME16 8BQ",01622 602600,https://pcn.maidstone.gov.uk/,Traffic Penalty Tribunal,PATROL Authority Directory,https://www.patrol-uk.info/authority-directory,2026-08-10,https://www.catoappeals.com/councils/maidstone-borough-council
maldon-district-council,Maldon District Council,Maldon District Council,England,ML,Parking,"South Essex Parking Partnership, Civic Centre, Duke Street, Chelmsford, Essex CM1 1JE",01245 606710,https://www.councilparking.org/maldon/pages/OnlineChallengeEntry.aspx,Traffic Penalty Tribunal,PATROL Authority Directory,https://www.patrol-uk.info/authority-directory,2026-08-10,https://www.catoappeals.com/councils/maldon-district-council
malvern-hills-district-council,Malvern Hills District Council,Malvern Hills District Council,England,MJ; MO,Parking,"Parking Services,Civic Centre, Queen Elizabeth Drive, Pershore, Worcestershire CV37 6HX",01386 565009,https://www.malvernhills.gov.uk/parking-and-streets/civil-parking-enforcement,Traffic Penalty Tribunal,PATROL Authority Directory,https://www.patrol-uk.info/authority-directory,2026-08-10,https://www.catoappeals.com/councils/malvern-hills-district-council
manchester-city-council,Manchester City Council,Manchester City Council,England,MC; ME; QM; ON,Bus Lane; Parking; Moving Traffic; Littering From Vehicles,"Street Management and Parking, PO Box 532, Manchester M60 2LA",0161 234 5000,https://www.manchester.gov.uk/info/100011/parking,Traffic Penalty Tribunal,PATROL Authority Directory,https://www.patrol-uk.info/authority-directory,2026-08-10,https://www.catoappeals.com/councils/manchester-city-council
mansfield-district-council,Mansfield District Council,Mansfield District Council,England,MQ,Parking,"Central Processing Unit, PO Box 10282, Nottingham NG17 0DX",0845 520 1357,https://www.nottinghamshire.gov.uk/transport/parking,Traffic Penalty Tribunal,PATROL Authority Directory,https://www.patrol-uk.info/authority-directory,2026-08-10,https://www.catoappeals.com/councils/mansfield-district-council
medway-council,Medway Council,Medway Council,England,MW,Parking; Bus Lane; Moving Traffic,"Parking Services, Gun Wharf, Dock Road, Chatham, Kent ME4 4TR",01634 332266,https://www.medway.gov.uk/info/200159/parking/149/appeal_a_parking_fine/2,Traffic Penalty Tribunal,PATROL Authority Directory,https://www.patrol-uk.info/authority-directory,2026-08-10,https://www.catoappeals.com/councils/medway-council
melton-borough-council,Melton Borough Council,Melton Borough Council,England,VM; VU,Parking,LCC Notice Processing Centre PO Box 9983 Leicester LE3 7DD,0116 3057953,https://www.leicestershire.gov.uk/roads-and-travel/cars-and-parking/challenge-a-parking-fine/make-a-challenge-against-a-parking-fine,Traffic Penalty Tribunal,PATROL Authority Directory,https://www.patrol-uk.info/authority-directory,2026-08-10,https://www.catoappeals.com/councils/melton-borough-council
merthyr-tydfil-county-borough-council,Merthyr Tydfil County Borough Council,Merthyr Tydfil County Borough Council,Wales,MU,Parking,"Civic Centre, Castle Street, Merthyr tydfil CF47 8AN",01685 725000,https://www.merthyr.gov.uk/resident/parking-roads-and-travel/parking/,Traffic Penalty Tribunal,PATROL Authority Directory,https://www.patrol-uk.info/authority-directory,2026-08-10,https://www.catoappeals.com/councils/merthyr-tydfil-county-borough-council
metropolitan-borough-of-wirral,Metropolitan Borough of Wirral,Metropolitan Borough of Wirral,England,WL,Parking; Moving Traffic,"Parking, Wallasey Town Hall, Brighton Street, Wallasey CH44 8ED",0151 606 2004,https://www.wirral.gov.uk/parking-roads-and-travel/parking/appeal-against-parking-fine,Traffic Penalty Tribunal,PATROL Authority Directory,https://www.patrol-uk.info/authority-directory,2026-08-10,https://www.catoappeals.com/councils/metropolitan-borough-of-wirral
mid-devon-district-council,Mid Devon District Council,Mid Devon District Council,England,MX,Parking; Littering From Vehicles,"Phoenix House, Phoenix Lane, Tiverton, Devon EX16 6PP",01884 255255,https://www.middevon.gov.uk/residents/car-parking/,Traffic Penalty Tribunal,PATROL Authority Directory,https://www.patrol-uk.info/authority-directory,2026-08-10,https://www.catoappeals.com/councils/mid-devon-district-council
mid-suffolk-district-council-with-ipswich-borough-council,Mid Suffolk District Council (with Ipswich Borough Council),Mid Suffolk District Council (Ipswich),England,PW,Parking,"Parking Services, PO Box 668, Ipswich, Suffolk IP1 2DE",01473 405945,https://www.ipswich.gov.uk/pcn,Traffic Penalty Tribunal,PATROL Authority Directory,https://www.patrol-uk.info/authority-directory,2026-08-10,https://www.catoappeals.com/councils/mid-suffolk-district-council-with-ipswich-borough-council
mid-suffolk-district-council-with-west-suffolk-council,Mid Suffolk District Council (with West Suffolk Council),Mid Suffolk District Council (West Suffolk),England,UZ,Parking,"West Suffolk Council, West Suffolk House, Western Way, Bury St Edmunds, Suffolk IP33 3YU",01284 763233,https://www.westsuffolk.gov.uk/parking/parking-fines-and-appeals.cfm,Traffic Penalty Tribunal,PATROL Authority Directory,https://www.patrol-uk.info/authority-directory,2026-08-10,https://www.catoappeals.com/councils/mid-suffolk-district-council-with-west-suffolk-council
mid-sussex-district-council,Mid Sussex District Council,Mid Sussex District Council,England,MS,Parking,"MSDC, Oaklands, Oaklands Road, Haywards Heath, West Sussex RH16 1SS",01444 458166,https://www.midsussex.gov.uk/parking-travel/parking-penalty-charges/,Traffic Penalty Tribunal,PATROL Authority Directory,https://www.patrol-uk.info/authority-directory,2026-08-10,https://www.catoappeals.com/councils/mid-sussex-district-council
middlesbrough-council,Middlesbrough Council,Middlesbrough Council,England,MR,Parking; Bus Lane,"Parking Services, Middlesbrough Council, Middlesbrough House, 50 Corporation Road, Middlesbrough TS1 2YQ",01642 726 003,https://www.middlesbrough.gov.uk/parking-roads-and-transport/penalty-charge-notices-and-enforcement/,Traffic Penalty Tribunal,PATROL Authority Directory,https://www.patrol-uk.info/authority-directory,2026-08-10,https://www.catoappeals.com/councils/middlesbrough-council
milton-keynes-city-council,Milton Keynes City Council,Milton Keynes City Council,England,MK,Parking; Littering From Vehicles,"Civic Offices, 1 Saxon Gate East, Central Milton Keynes MK9 3EJ",01908 691691,https://www.milton-keynes.gov.uk/parking/parking-tickets-penalty-charge-notices,Traffic Penalty Tribunal,PATROL Authority Directory,https://www.patrol-uk.info/authority-directory,2026-08-10,https://www.catoappeals.com/councils/milton-keynes-city-council
mole-valley-district-council,Mole Valley District Council,Mole Valley District Council,England,MV; MP,Parking; Littering From Vehicles,"Parking Services, Mole Valley District Council, Pippbrook, Dorking, Surrey RH4 1SJ",01306 885 001,https://www.molevalley.gov.uk/carparking,Traffic Penalty Tribunal,PATROL Authority Directory,https://www.patrol-uk.info/authority-directory,2026-08-10,https://www.catoappeals.com/councils/mole-valley-district-council
monmouthshire-county-council,Monmouthshire County Council,Monmouthshire County Council,Wales,MM,Parking,"SWPG, PO BOX 112, Pontypridd, CF37 9EL",033 33 200 867,https://www.monmouthshire.gov.uk/challenging-a-pcn/,Traffic Penalty Tribunal,PATROL Authority Directory,https://www.patrol-uk.info/authority-directory,2026-08-10,https://www.catoappeals.com/councils/monmouthshire-county-council
neath-port-talbot-county-borough-council,Neath Port Talbot County Borough Council,Neath Port Talbot County Borough Council,Wales,NT,Parking,"The Quays, Brunel Way, Baglan Energy Park, Briton Ferry SA11 2GG",01639 763939,https://www.npt.gov.uk/parking-roads-and-travel/parking/pay-or-appeal-a-parking-fine/,Traffic Penalty Tribunal,PATROL Authority Directory,https://www.patrol-uk.info/authority-directory,2026-08-10,https://www.catoappeals.com/councils/neath-port-talbot-county-borough-council
new-forest-district-council,New Forest District Council,New Forest District Council,England,NF,Parking,"Enforcement Office, Appletree Court, Beaulieu Road, Lyndhurst, Hampshire SO43 7PA",02380 285000,https://www.newforest.gov.uk/penalty#h21,Traffic Penalty Tribunal,PATROL Authority Directory,https://www.patrol-uk.info/authority-directory,2026-08-10,https://www.catoappeals.com/councils/new-forest-district-council
newark-and-sherwood-district-council,Newark and Sherwood District Council,Newark and Sherwood District Council,England,KQ,Parking,"Central Processing Unit, PO Box 10282, Nottingham NG17 0DX",0845 520 1357,https://www.nottinghamshire.gov.uk/transport/parking,Traffic Penalty Tribunal,PATROL Authority Directory,https://www.patrol-uk.info/authority-directory,2026-08-10,https://www.catoappeals.com/councils/newark-and-sherwood-district-council
newcastle-city-council,Newcastle City Council,Newcastle City Council,England,NU; LK; NA,Littering From Vehicles; Bus Lane; Parking; Clean Air Zone; Moving Traffic,"Parking Services/Infringement & Fixed Penalty Processing, PO Box 2BL, Newcastle-upon-Tyne NE99 2BL",0191 278 7878,https://parking.newcastle.gov.uk/pcn/,Traffic Penalty Tribunal,PATROL Authority Directory,https://www.patrol-uk.info/authority-directory,2026-08-10,https://www.catoappeals.com/councils/newcastle-city-council
newcastle-under-lyme-borough-council,Newcastle Under Lyme Borough Council,Newcastle Under Lyme Borough Council,England,NL,Littering From Vehicles; Parking,"Parking Services, PO Box 2994, Stoke on Trent ST4 9FG",0845 045 0420,https://www.newcastle-staffs.gov.uk/car-parking-1/parking-fines,Traffic Penalty Tribunal,PATROL Authority Directory,https://www.patrol-uk.info/authority-directory,2026-08-10,https://www.catoappeals.com/councils/newcastle-under-lyme-borough-council
newport-city-council,Newport City Council,Newport City Council,Wales,NC,Parking,"Newport Information Station, Old Station Building, Queensway, Newport, Wales NP20 4AX",01633 656656,http://www.swpg.co.uk/EN/Home.aspx,Traffic Penalty Tribunal,PATROL Authority Directory,https://www.patrol-uk.info/authority-directory,2026-08-10,https://www.catoappeals.com/councils/newport-city-council
norfolk-county-council,Norfolk County Council,Norfolk County Council,England,JX,Bus Lane; Moving Traffic,"Norfolk County Council, County Hall, Martineau Lane, Norwich, Norfolk NR1 2DH",03301 756 200,https://www.norfolk.gov.uk/article/40074/Pay-or-appeal-a-penalty-charge-notice,Traffic Penalty Tribunal,PATROL Authority Directory,https://www.patrol-uk.info/authority-directory,2026-08-10,https://www.catoappeals.com/councils/norfolk-county-council
north-devon-district-council,North Devon District Council,North Devon District Council,England,DX,Parking,"Parking Office, North Devon District Council, PO Box 379, Barnstaple, Devon EX32 2GR",01271 327711,https://www.northdevon.gov.uk/parking/penalty-charge-notices-pcns,Traffic Penalty Tribunal,PATROL Authority Directory,https://www.patrol-uk.info/authority-directory,2026-08-10,https://www.catoappeals.com/councils/north-devon-district-council
north-east-derbyshire-district-council,North East Derbyshire District Council,North East Derbyshire District Council,England,ND,Parking,"Central Processing Unit, PO Box 10282, Nottingham NG17 0DX",0845 520 2468,https://www.parksmarter.org.uk/dispute-your-pcn/dispute-your-pcn.aspx,Traffic Penalty Tribunal,PATROL Authority Directory,https://www.patrol-uk.info/authority-directory,2026-08-10,https://www.catoappeals.com/councils/north-east-derbyshire-district-council
north-east-lincolnshire-council,North East Lincolnshire Council,North East Lincolnshire Council,England,NI,Parking,"North East Lincolnshire Council, Parking Services, PO Box 493, Grimsby, DN31 1HU",01472 326290,https://www.nelincs.gov.uk/,Traffic Penalty Tribunal,PATROL Authority Directory,https://www.patrol-uk.info/authority-directory,2026-08-10,https://www.catoappeals.com/councils/north-east-lincolnshire-council
north-essex-parking-partnership,North Essex Parking Partnership,North Essex Parking Partnership,England,ID; IE; IF; IG; IH; II,Parking,"North Essex Parking Partnership, PO Box 5575, Town Hall, Colchester CO1 9LT",01206 282316,https://www.parkingpartnership.org/,Traffic Penalty Tribunal,PATROL Authority Directory,https://www.patrol-uk.info/authority-directory,2026-08-10,https://www.catoappeals.com/councils/north-essex-parking-partnership
north-gloucestershire-borough-council,North Gloucestershire Borough Council,North Gloucestershire Borough Council,England,TU,Parking,"Apcoa Parking, P.O. Box 1010, Uxbridge UB8 9NT",01684 295010,https://www.tewkesbury.gov.uk/parking-tickets,Traffic Penalty Tribunal,PATROL Authority Directory,https://www.patrol-uk.info/authority-directory,2026-08-10,https://www.catoappeals.com/councils/north-gloucestershire-borough-council
north-hertfordshire-district-council,North Hertfordshire District Council,North Hertfordshire District Council,England,HC,Parking,"Council Offices, PO Box 227 Gernon Road, Letchworth Garden City, Hertfordshire SG6 3JF",01462 474631,https://www.north-herts.gov.uk/challenge-penalty-charge-notice,Traffic Penalty Tribunal,PATROL Authority Directory,https://www.patrol-uk.info/authority-directory,2026-08-10,https://www.catoappeals.com/councils/north-hertfordshire-district-council
north-kesteven-district-council,North Kesteven District Council,North Kesteven District Council,England,QN,Parking,"Lincolnshire County Council, PO Box 1329, Lincoln LN5 5TL",0333 370 5007,https://www.lincolnshire.gov.uk/parking,Traffic Penalty Tribunal,PATROL Authority Directory,https://www.patrol-uk.info/authority-directory,2026-08-10,https://www.catoappeals.com/councils/north-kesteven-district-council
north-lincolnshire-council,North Lincolnshire Council,North Lincolnshire Council,England,NK,Parking,"Parking Services, Church Square House, PO BOX 42, Scunthorpe, North Lincolnshire DN15 6XQ",01724 297000,https://www.councilparking.org/northlincs/pages/home.aspx,Traffic Penalty Tribunal,PATROL Authority Directory,https://www.patrol-uk.info/authority-directory,2026-08-10,https://www.catoappeals.com/councils/north-lincolnshire-council
north-norfolk-district-council,North Norfolk District Council,North Norfolk District Council,England,JF,Parking,"PO Box 1149, King’s Lynn, Norfolk",01553 616222,"https://www.north-norfolk.gov.uk/tasks/your-community/appeal-parking-fine/#:~:text=Ifyoufeelyouhave,andWestNorfolkBoroughCouncil.",Traffic Penalty Tribunal,PATROL Authority Directory,https://www.patrol-uk.info/authority-directory,2026-08-10,https://www.catoappeals.com/councils/north-norfolk-district-council
north-northamptonshire-council,North Northamptonshire Council,North Northamptonshire Council,England,NO,Parking; Bus Lane; Moving Traffic,"Bowling Green Road, Kettering, Northants NN15 7QX",0300 126 3000,https://www.northnorthants.gov.uk/parking/parking-bus-lane-and-moving-traffic-penalty-charge-notices,Traffic Penalty Tribunal,PATROL Authority Directory,https://www.patrol-uk.info/authority-directory,2026-08-10,https://www.catoappeals.com/councils/north-northamptonshire-council
north-somerset-council,North Somerset Council,North Somerset Council,England,NS,Parking; Bus Lane,"Parking Services. North Somerset Council, Walliscote Grove Road, Weston-super-Mare. Somerset BS22 1UJ",01934 888030,https://www.n-somerset.gov.uk/my-services/parking-travel-roads/parking/civil-parking-enforcement-2/how-to-challenge-a-pcn/,Traffic Penalty Tribunal,PATROL Authority Directory,https://www.patrol-uk.info/authority-directory,2026-08-10,https://www.catoappeals.com/councils/north-somerset-council
north-tyneside-council,North Tyneside Council,North Tyneside Council,England,NH,Parking; Bus Lane,"Parking Control, North Tyneside Council, Quadrant, The Silverlink North, Cobalt Business Park, North Tyneside NE27 0BY",(0191) 643 2121,https://my.northtyneside.gov.uk/category/698/parking,Traffic Penalty Tribunal,PATROL Authority Directory,https://www.patrol-uk.info/authority-directory,2026-08-10,https://www.catoappeals.com/councils/north-tyneside-council
north-warwickshire-borough-council,North Warwickshire Borough Council,North Warwickshire Borough Council,England,RS,Parking,"Council House, South St, Atherstone CV9 1DE",01827 715341,https://www.northwarks.gov.uk/parking/parking-1/2,Traffic Penalty Tribunal,PATROL Authority Directory,https://www.patrol-uk.info/authority-directory,2026-08-10,https://www.catoappeals.com/councils/north-warwickshire-borough-council
north-west-leicestershire-district-council,North West Leicestershire District Council,North West Leicestershire District Council,England,VL; LI,Parking; Littering From Vehicles,"Council Offices, Whitwick Road, Coalville, Leicestershire, LE67 3FJ",0116 3057953,https://www.leicestershire.gov.uk/roads-and-travel/cars-and-parking/challenge-a-parking-fine/make-a-challenge-against-a-parking-fine,Traffic Penalty Tribunal,PATROL Authority Directory,https://www.patrol-uk.info/authority-directory,2026-08-10,https://www.catoappeals.com/councils/north-west-leicestershire-district-council
north-yorkshire-council,North Yorkshire Council,North Yorkshire Council,England,HA; YN,Parking; Moving Traffic,"County Hall, Racecourse Lane, Northallerton DL7 8AH",0300 131 2 131,https://www.northyorks.gov.uk/roads-parking-and-travel/parking-fines-and-enforcement/appeal-parking-fine,Traffic Penalty Tribunal,PATROL Authority Directory,https://www.patrol-uk.info/authority-directory,2026-08-10,https://www.catoappeals.com/councils/north-yorkshire-council
northumberland-county-council,Northumberland County Council,Northumberland County Council,England,NV; UN,Parking; Bus Lane,Parking Services County Hall Morpeth Northumberland NE61 2EF,0345 600 6400,https://www.northumberland.gov.uk/parking/parking-fine,Traffic Penalty Tribunal,PATROL Authority Directory,https://www.patrol-uk.info/authority-directory,2026-08-10,https://www.catoappeals.com/councils/northumberland-county-council
norwich-city-council,Norwich City Council,Norwich City Council,England,NR; UG; UH,Parking,"Parking Services, City Hall, St Peter's Street, Norwich NR2 1NH",01553 616222,https://www.parkingoperations.co.uk/penalty-charges/,Traffic Penalty Tribunal,PATROL Authority Directory,https://www.patrol-uk.info/authority-directory,2026-08-10,https://www.catoappeals.com/councils/norwich-city-council
nottingham-city-council,Nottingham City Council,Nottingham City Council,England,NG,Parking; Bus Lane; Moving Traffic,"Parking and Enforcement, PO Box 10169, Nottingham NG1 9HS",0115 876 1499,https://www.nottinghamcity.gov.uk/information-for-residents/transport-parking-and-streets/parking-and-permits/penalty-charge-notices/appeal-your-parking-ticket-or-bus-lane-fine/,Traffic Penalty Tribunal,PATROL Authority Directory,https://www.patrol-uk.info/authority-directory,2026-08-10,https://www.catoappeals.com/councils/nottingham-city-council
nottinghamshire-county-council,Nottinghamshire County Council,Nottinghamshire County Council,England,NQ,Parking; Bus Lane; Moving Traffic,"Central Processing Unit, PO Box 10282, Sutton in Ashfield, Notts NG17 5GA",0845 5201357,https://www.nottinghamshire.gov.uk/transport/parking,Traffic Penalty Tribunal,PATROL Authority Directory,https://www.patrol-uk.info/authority-directory,2026-08-10,https://www.catoappeals.com/councils/nottinghamshire-county-council
nuneaton-and-bedworth-borough-council,Nuneaton and Bedworth Borough Council,Nuneaton and Bedworth Borough Council,England,NB,Parking,"Parking Services, Nuneaton and Bedworth Borough Council, Town Hall, Nuneaton CV11 5AA",024 7637 6376,https://www.nuneatonandbedworth.gov.uk/parking,Traffic Penalty Tribunal,PATROL Authority Directory,https://www.patrol-uk.info/authority-directory,2026-08-10,https://www.catoappeals.com/councils/nuneaton-and-bedworth-borough-council
oadby-and-wigston-borough-council,Oadby and Wigston Borough Council,Oadby and Wigston Borough Council,England,VO,Parking,LCC Notice Processing Centre PO Box 9983 Leicester LE3 7DD,0116 3057953,https://www.leicestershire.gov.uk/roads-and-travel/cars-and-parking/challenge-a-parking-fine/make-a-challenge-against-a-parking-fine,Traffic Penalty Tribunal,PATROL Authority Directory,https://www.patrol-uk.info/authority-directory,2026-08-10,https://www.catoappeals.com/councils/oadby-and-wigston-borough-council
oldham-metropolitan-borough-council,Oldham Metropolitan Borough Council,Oldham Metropolitan Borough Council,England,OD,Parking; Bus Lane; Moving Traffic,"Parking Services. Oldham Council, Civic Centre, West Street OL1 1UT",0161 770 6654,https://www.oldham.gov.uk/info/201061/parking/1846/parking_tickets_and_fines,Traffic Penalty Tribunal,PATROL Authority Directory,https://www.patrol-uk.info/authority-directory,2026-08-10,https://www.catoappeals.com/councils/oldham-metropolitan-borough-council
oxfordshire-county-council,Oxfordshire County Council,Oxfordshire County Council,England,OX,Parking; Bus Lane; Clean Air Zone; Moving Traffic; Congestion Charge,Civil Enforcement Team Ron Groves House 23 Oxford Road Kidlington Oxon OX5 2BP,0345 337 1138,https://www.oxfordshire.gov.uk/residents/roads-and-transport/parking/parking-and-bus-gate-fines/appeal-against-parking-fine,Traffic Penalty Tribunal,PATROL Authority Directory,https://www.patrol-uk.info/authority-directory,2026-08-10,https://www.catoappeals.com/councils/oxfordshire-county-council
oxfordshire-county-council-with-cherwell-district-council,Oxfordshire County Council (with Cherwell District Council),Oxfordshire County Council (Cherwell),England,CS,Parking,"Bodicote House, White Post Road, Bodicote, Oxon OX15 4AA",01295 227 008,https://www.oxfordshire.gov.uk/transport-and-travel/parking/parking-and-bus-gate-fines/appeal-against-parking-fine,Traffic Penalty Tribunal,PATROL Authority Directory,https://www.patrol-uk.info/authority-directory,2026-08-10,https://www.catoappeals.com/councils/oxfordshire-county-council-with-cherwell-district-council
oxfordshire-county-council-with-west-oxfordshire-dc,Oxfordshire County Council (with West Oxfordshire DC),Oxfordshire County Council (West Oxfordshire DC),England,OC; OF,Parking; Littering From Vehicles,"West Oxfordshire District Council Woodgreen Witney, Oxon OX28 1NB",01993 861000,https://www.councilparking.org/CFW/pages/home.aspx,Traffic Penalty Tribunal,PATROL Authority Directory,https://www.patrol-uk.info/authority-directory,2026-08-10,https://www.catoappeals.com/councils/oxfordshire-county-council-with-west-oxfordshire-dc
pembrokeshire-county-council,Pembrokeshire County Council,Pembrokeshire County Council,Wales,PK,Parking,"WPPP, PO BOX 273, Rhyl, Denbighshire LL18 9EJ",01745 939250,https://www.wppp.org.uk/,Traffic Penalty Tribunal,PATROL Authority Directory,https://www.patrol-uk.info/authority-directory,2026-08-10,https://www.catoappeals.com/councils/pembrokeshire-county-council
pendle-borough-council,Pendle Borough Council,Pendle Borough Council,England,PD,Parking,"Chipside Lancashire, PO Box 3584, Chippenham, Wiltshire SN15 9EF",0345 505 2525,http://www.chipsidelancashire.org,Traffic Penalty Tribunal,PATROL Authority Directory,https://www.patrol-uk.info/authority-directory,2026-08-10,https://www.catoappeals.com/councils/pendle-borough-council
peterborough-city-council,Peterborough City Council,Peterborough City Council,England,PB,Parking; Moving Traffic,Parking Services PO Box 1077 Peterborough PE1 9JR,01733 452514,https://www.peterborough.gov.uk/residents/parking/parking-tickets-and-policies,Traffic Penalty Tribunal,PATROL Authority Directory,https://www.patrol-uk.info/authority-directory,2026-08-10,https://www.catoappeals.com/councils/peterborough-city-council
plymouth-city-council,Plymouth City Council,Plymouth City Council,England,PL,Bus Lane; Parking,Parking and Marine Services Plymouth City Council Plymouth PL1 2AA,01752 546220,https://www.plymouth.gov.uk/parking-and-bus-lane-fines,Traffic Penalty Tribunal,PATROL Authority Directory,https://www.patrol-uk.info/authority-directory,2026-08-10,https://www.catoappeals.com/councils/plymouth-city-council
portsmouth-city-council,Portsmouth City Council,Portsmouth City Council,England,PO,Parking; Bus Lane; Clean Air Zone; Moving Traffic,"Parking Service, Floor 4, Civic Offices, Guidhall Square, Portsmouth PO1 2NE",02392 688310,https://ocmlive.xrxpsc.com/portsmouth/OCM-FE/OCM/,Traffic Penalty Tribunal,PATROL Authority Directory,https://www.patrol-uk.info/authority-directory,2026-08-10,https://www.catoappeals.com/councils/portsmouth-city-council
powys-county-council,Powys County Council,Powys County Council,Wales,PP,Parking,"Powys County Council, Powys County Hall, Llandrindod Wells, Powys LD1 5LG",01597 826000,https://www.wppp.org.uk/,Traffic Penalty Tribunal,PATROL Authority Directory,https://www.patrol-uk.info/authority-directory,2026-08-10,https://www.catoappeals.com/councils/powys-county-council
preston-city-council,Preston City Council,Preston City Council,England,PR,Parking,"Chipside Lancashire, PO Box 3584, Chippenham, Wiltshire SN15 9EF",0345 505 2525,https://www.chipsidelancashire.org/challengepcn.asp,Traffic Penalty Tribunal,PATROL Authority Directory,https://www.patrol-uk.info/authority-directory,2026-08-10,https://www.catoappeals.com/councils/preston-city-council
reading-borough-council,Reading Borough Council,Reading Borough Council,England,RG,Parking; Bus Lane; Moving Traffic,"Reading Borough Council, PO BOX 3011, Reading RG1 9RY",0118 937 3077,https://www.reading.gov.uk/vehicles-roads-and-transport/fines-and-penalty-charge-notices/,Traffic Penalty Tribunal,PATROL Authority Directory,https://www.patrol-uk.info/authority-directory,2026-08-10,https://www.catoappeals.com/councils/reading-borough-council
redcar-and-cleveland-borough-council,Redcar and Cleveland Borough Council,Redcar and Cleveland Borough Council,England,RC,Parking,"Redcar & Cleveland House, Kirkleatham Street, Redcar TS10 1RT",01642 774774,https://www.redcar-cleveland.gov.uk/roads-and-parking/pay-or-challenge-a-penalty-charge-notice,Traffic Penalty Tribunal,PATROL Authority Directory,https://www.patrol-uk.info/authority-directory,2026-08-10,https://www.catoappeals.com/councils/redcar-and-cleveland-borough-council
redditch-borough-council,Redditch Borough Council,Redditch Borough Council,England,RJ; RP,Parking,"Parking Services, Civic Centre, Queen Elizabeth Drive, Pershore WR10 1PT",01386 565009,https://www.redditchbc.gov.uk/residents/my-place/parking/parking-fines-charges-and-appeals/appeal-a-penalty-charge/,Traffic Penalty Tribunal,PATROL Authority Directory,https://www.patrol-uk.info/authority-directory,2026-08-10,https://www.catoappeals.com/councils/redditch-borough-council
reigate-and-banstead-borough-council,Reigate and Banstead Borough Council,Reigate and Banstead Borough Council,England,RI,Parking,"Earlswood Depot, Horley Road, Redhill, Surrey RH1 6PN",01737 276000,https://www.reigate-banstead.gov.uk/info/20150/parking/269/challenge_a_parking_fine,Traffic Penalty Tribunal,PATROL Authority Directory,https://www.patrol-uk.info/authority-directory,2026-08-10,https://www.catoappeals.com/councils/reigate-and-banstead-borough-council
rhondda-cynon-taf-county-borough-council,Rhondda Cynon Taf County Borough Council,Rhondda Cynon Taf County Borough Council,Wales,ZR,Parking,"SWPG, PO BOX 112, CF37 9EL",03333 200 867,http://www.swpg.co.uk/?lang=cy-GB,Traffic Penalty Tribunal,PATROL Authority Directory,https://www.patrol-uk.info/authority-directory,2026-08-10,https://www.catoappeals.com/councils/rhondda-cynon-taf-county-borough-council
ribble-valley-borough-council,Ribble Valley Borough Council,Ribble Valley Borough Council,England,RV,Parking,"Chipside Lancashire, PO Box 3584, Chippenham, Wiltshire SN15 9EF",0345 505 2525,https://www.chipsidelancashire.org/challengepcn.asp,Traffic Penalty Tribunal,PATROL Authority Directory,https://www.patrol-uk.info/authority-directory,2026-08-10,https://www.catoappeals.com/councils/ribble-valley-borough-council
rochdale-metropolitan-borough-council,Rochdale Metropolitan Borough Council,Rochdale Metropolitan Borough Council,England,RE,Parking; Moving Traffic,"Parking Services, Rochdale MBC, PO Box 50, Rochdale, OL16 1FL",0300 303 8879,https://www.rochdale.gov.uk/parking-roads-transport/parking-fines/2,Traffic Penalty Tribunal,PATROL Authority Directory,https://www.patrol-uk.info/authority-directory,2026-08-10,https://www.catoappeals.com/councils/rochdale-metropolitan-borough-council
rochford-district-council,Rochford District Council,Rochford District Council,England,RF,Parking,"Transportation Section, Civic Suite, 2 Hockley Road, Rayleigh, Essex SS6 8EB",01702 318025,https://www.rochford.gov.uk/parking-and-travel,Traffic Penalty Tribunal,PATROL Authority Directory,https://www.patrol-uk.info/authority-directory,2026-08-10,https://www.catoappeals.com/councils/rochford-district-council
rotherham-metropolitan-borough-council,Rotherham Metropolitan Borough Council,Rotherham Metropolitan Borough Council,England,RH,Parking; Moving Traffic,"Riverside House, Main Street, Rotherham S60 1AE",01709 382121,https://www.rotherham.gov.uk/parking/pay-challenge-parking-ticket/2,Traffic Penalty Tribunal,PATROL Authority Directory,https://www.patrol-uk.info/authority-directory,2026-08-10,https://www.catoappeals.com/councils/rotherham-metropolitan-borough-council
royal-borough-of-windsor-and-maidenhead,Royal Borough of Windsor and Maidenhead,Royal Borough of Windsor and Maidenhead,England,RW,Parking; Moving Traffic,"Parking Services, Maidenhead Library, St Ives Road, Maidenhead SL6 1QU",01628683880,https://www.rbwm.gov.uk/home/transport-and-streets/parking/challenge-your-parking-fine,Traffic Penalty Tribunal,PATROL Authority Directory,https://www.patrol-uk.info/authority-directory,2026-08-10,https://www.catoappeals.com/councils/royal-borough-of-windsor-and-maidenhead
rugby-borough-council,Rugby Borough Council,Rugby Borough Council,England,RU,Parking,"Parking Services, Town Hall, Evreux Way, Rugby CV21 2RR",01788 533533,https://www.rugby.gov.uk/w/pay-a-parking-fine,Traffic Penalty Tribunal,PATROL Authority Directory,https://www.patrol-uk.info/authority-directory,2026-08-10,https://www.catoappeals.com/councils/rugby-borough-council
runnymede-borough-council,Runnymede Borough Council,Runnymede Borough Council,England,RY,Parking,"Civic Offices, Station Road, Addlestone, Surrey KT15 2AH",01932 838383,"https://www.runnymede.gov.uk/parking-5/pay-parking-fine/3#:~:text=Ifyoufeelthatthe,whilstweconsideryourchallenge.",Traffic Penalty Tribunal,PATROL Authority Directory,https://www.patrol-uk.info/authority-directory,2026-08-10,https://www.catoappeals.com/councils/runnymede-borough-council
rushcliffe-borough-council,Rushcliffe Borough Council,Rushcliffe Borough Council,England,RQ,Parking,"Central Processing Unit, PO Box 10282, Nottingham NG17 0DX",0845 845 0450,https://www.nottinghamshire.gov.uk/transport/parking,Traffic Penalty Tribunal,PATROL Authority Directory,https://www.patrol-uk.info/authority-directory,2026-08-10,https://www.catoappeals.com/councils/rushcliffe-borough-council
rushmoor-borough-council,Rushmoor Borough Council,Rushmoor Borough Council,England,RM,Parking,"Parking Office Manager, Rushmoor Parking Management, Council Offices, Farnborough Road, Farnborough GU14 7JU",01252 398 399,http://www.rushmoor.gov.uk/parking,Traffic Penalty Tribunal,PATROL Authority Directory,https://www.patrol-uk.info/authority-directory,2026-08-10,https://www.catoappeals.com/councils/rushmoor-borough-council
rutland-county-council,Rutland County Council,Rutland County Council,England,RL,Parking,"Parking Services, Rutland County Council, Catmose, Oakham, Rutland LE15 6HP",01604 625 623,https://www.rutland.gov.uk/roads-transport-parking/parking/penalty-charge-notices,Traffic Penalty Tribunal,PATROL Authority Directory,https://www.patrol-uk.info/authority-directory,2026-08-10,https://www.catoappeals.com/councils/rutland-county-council
salford-city-council,Salford City Council,Salford City Council,England,SL,Parking; Bus Lane; Moving Traffic,"Parking Services, P.O. Box 491, Manchester M28 8DU",not published,http://www.salford.gov.uk/parking-roads-and-travel/how-to-pay-or-challenge-a-pcn/,Traffic Penalty Tribunal,PATROL Authority Directory,https://www.patrol-uk.info/authority-directory,2026-08-10,https://www.catoappeals.com/councils/salford-city-council
sandwell-metropolitan-borough-council,Sandwell Metropolitan Borough Council,Sandwell Metropolitan Borough Council,England,SD,Parking; Bus Lane,"Sandwell Council, PO Box 2374, Freeth Street, OLDBURY B69 3DE",0121 368 1177,https://www.sandwell.gov.uk/info/200286/parking_and_permits/2143/appeal_against_a_parking_fine,Traffic Penalty Tribunal,PATROL Authority Directory,https://www.patrol-uk.info/authority-directory,2026-08-10,https://www.catoappeals.com/councils/sandwell-metropolitan-borough-council
sefton-metropolitan-borough-council,Sefton Metropolitan Borough Council,Sefton Metropolitan Borough Council,England,SF,Parking,parkingcc@sefton.gov.uk email,0345 140 0845,https://www.sefton.gov.uk/parking-roads-travel/parking/challenges-representations/,Traffic Penalty Tribunal,PATROL Authority Directory,https://www.patrol-uk.info/authority-directory,2026-08-10,https://www.catoappeals.com/councils/sefton-metropolitan-borough-council
sevenoaks-district-council,Sevenoaks District Council,Sevenoaks District Council,England,SV,Parking,"Strategic Services Dept, Argyle Road, Sevenoaks, Kent TN13 1HG",01732 227000,https://parking.sevenoaks.gov.uk/pages/home.aspx,Traffic Penalty Tribunal,PATROL Authority Directory,https://www.patrol-uk.info/authority-directory,2026-08-10,https://www.catoappeals.com/councils/sevenoaks-district-council
sheffield-city-council,Sheffield City Council,Sheffield City Council,England,FD,Parking; Bus Lane; Clean Air Zone; Moving Traffic,"Parking Services, PO Box 3830, Sheffield S1 9AQ",0114 273 4567,https://www.sheffield.gov.uk/parking/appeal-against-parking-bus-lane-fine,Traffic Penalty Tribunal,PATROL Authority Directory,https://www.patrol-uk.info/authority-directory,2026-08-10,https://www.catoappeals.com/councils/sheffield-city-council
shropshire-council,Shropshire Council,Shropshire Council,England,ZX,Parking; Moving Traffic,"The Shire Hall, Abbey Forgate, Shrewsbury, Shropshire SY2 6ND",0345 678 9019,https://www.shropshire.gov.uk/parking/pay-or-appeal-a-parking-fine/appeal-a-parking-fine/,Traffic Penalty Tribunal,PATROL Authority Directory,https://www.patrol-uk.info/authority-directory,2026-08-10,https://www.catoappeals.com/councils/shropshire-council
slough-borough-council,Slough Borough Council,Slough Borough Council,England,SB,Parking; Bus Lane; Moving Traffic,parking@slough.gov.uk email,01753 551018,https://www.slough.gov.uk/parking-roads-travel,Traffic Penalty Tribunal,PATROL Authority Directory,https://www.patrol-uk.info/authority-directory,2026-08-10,https://www.catoappeals.com/councils/slough-borough-council
solihull-metropolitan-borough-council,Solihull Metropolitan Borough Council,Solihull Metropolitan Borough Council,England,OH,Moving Traffic; Parking; Bus Lane,"Parking Services, Council House, Solihull B91 9QT",0121 704 8001,https://www.solihull.gov.uk/Parking/Appeal-a-parking-fine,Traffic Penalty Tribunal,PATROL Authority Directory,https://www.patrol-uk.info/authority-directory,2026-08-10,https://www.catoappeals.com/councils/solihull-metropolitan-borough-council
somerset-council,Somerset Council,Somerset Council,England,US; UQ,Parking; Bus Lane,"County Hall, The Crescent, Taunton TA1 4DY",0300 123 2224,"https://www.somerset.gov.uk/roads-travel-and-parking/parking-fines-penalty-charge-notices/#:~:text=Youcanonlyappealto,andevidenceofthepayment.",Traffic Penalty Tribunal,PATROL Authority Directory,https://www.patrol-uk.info/authority-directory,2026-08-10,https://www.catoappeals.com/councils/somerset-council
south-derbyshire-district-council,South Derbyshire District Council,South Derbyshire District Council,England,DI,Parking,"Central Processing Unit, PO Box 10282, Nottingham NG17 0DX",0845 520 2468,https://www.parksmarter.org.uk/dispute-your-pcn/dispute-your-pcn.aspx,Traffic Penalty Tribunal,PATROL Authority Directory,https://www.patrol-uk.info/authority-directory,2026-08-10,https://www.catoappeals.com/councils/south-derbyshire-district-council
south-essex-parking-partnership,South Essex Parking Partnership,South Essex Parking Partnership,England,XP,Parking,"South Essex Parking Partnership, Chelmsford City Council, Civic Centre Duke Street, Chelmsford, Essex CM1 1JE",01245 606710,https://www.parkingpartnership.org/south/,Traffic Penalty Tribunal,PATROL Authority Directory,https://www.patrol-uk.info/authority-directory,2026-08-10,https://www.catoappeals.com/councils/south-essex-parking-partnership
south-gloucestershire-council,South Gloucestershire Council,South Gloucestershire Council,England,GS; QP,Parking; Bus Lane; Littering From Vehicles; Moving Traffic,"South Gloucestershire Council, Parking Services. PO Box 1954, Yate, Bristol BS34 0DD",03452 450682,https://www.southglos.gov.uk/transport-and-streets/parking/parking-enforcement-and-fines/parking-fines/,Traffic Penalty Tribunal,PATROL Authority Directory,https://www.patrol-uk.info/authority-directory,2026-08-10,https://www.catoappeals.com/councils/south-gloucestershire-council
south-hams-district-council,South Hams District Council,South Hams District Council,England,MH,Parking,parking@swdevon.gov.uk send email,01803 861234,https://www.southhams.gov.uk/parking/penalty-charge-notices-pcns/pay-or-challenge-penalty-charge-notice-pcn,Traffic Penalty Tribunal,PATROL Authority Directory,https://www.patrol-uk.info/authority-directory,2026-08-10,https://www.catoappeals.com/councils/south-hams-district-council
south-holland-district-council,South Holland District Council,South Holland District Council,England,QH,Parking,"Council Offices, Priory Road, Spalding, Lincolnshire PE11 2XE",01775 761161,https://www.sholland.gov.uk/article/5852/Penalty-Charge-Notice-PCN,Traffic Penalty Tribunal,PATROL Authority Directory,https://www.patrol-uk.info/authority-directory,2026-08-10,https://www.catoappeals.com/councils/south-holland-district-council
south-kesteven-district-council,South Kesteven District Council,South Kesteven District Council,England,QK,Parking,"Lincolnshire Parking, PO Box 10282, Nottingham NG17 0DZ",0845 470 6040,https://www.southkesteven.gov.uk/parking-transport-and-roads/parking/penalty-charge-notices-pcn,Traffic Penalty Tribunal,PATROL Authority Directory,https://www.patrol-uk.info/authority-directory,2026-08-10,https://www.catoappeals.com/councils/south-kesteven-district-council
south-norfolk-district-council,South Norfolk District Council,South Norfolk District Council,England,YU,Parking,"PO Box 1149, King’s Lynn, Norfolk",not published,https://parking.west-norfolk.gov.uk,Traffic Penalty Tribunal,PATROL Authority Directory,https://www.patrol-uk.info/authority-directory,2026-08-10,https://www.catoappeals.com/councils/south-norfolk-district-council
south-oxfordshire-district-council,South Oxfordshire District Council,South Oxfordshire District Council,England,XO,Parking,"Abbey House, Abbey Cl, Abingdon OX14 3JE",01235 470118,https://www.southoxon.gov.uk/south-oxfordshire-district-council/parking/parking-fines/,Traffic Penalty Tribunal,PATROL Authority Directory,https://www.patrol-uk.info/authority-directory,2026-08-10,https://www.catoappeals.com/councils/south-oxfordshire-district-council
south-ribble-borough-council,South Ribble Borough Council,South Ribble Borough Council,England,SR,Parking,"Parking Section, South Ribble B.C., Civic Centre, Leyland PR25 2EF",0845 505 2525,https://www.chipsidelancashire.org/challengepcn.asp,Traffic Penalty Tribunal,PATROL Authority Directory,https://www.patrol-uk.info/authority-directory,2026-08-10,https://www.catoappeals.com/councils/south-ribble-borough-council
south-staffordshire-district-council,South Staffordshire District Council,South Staffordshire District Council,England,ZS,Parking,"Parking Services, PO Box 2994, Stoke on Trent ST4 9FG",0300 111 8000,https://www.sstaffs.gov.uk/planning/planning-enforcement/parking-fines,Traffic Penalty Tribunal,PATROL Authority Directory,https://www.patrol-uk.info/authority-directory,2026-08-10,https://www.catoappeals.com/councils/south-staffordshire-district-council
south-tyneside-council,South Tyneside Council,South Tyneside Council,England,TY,Parking; Bus Lane,"Town Hall and Civic Offices, Westoe Road, South Shields NE33 2RL",0191 424 7900,https://www.southtyneside.gov.uk/article/1365/Parking-fines-Penalty-Charge-Notices-PCNs,Traffic Penalty Tribunal,PATROL Authority Directory,https://www.patrol-uk.info/authority-directory,2026-08-10,https://www.catoappeals.com/councils/south-tyneside-council
southampton-city-council,Southampton City Council,Southampton City Council,England,SN,Parking; Moving Traffic; Bus Lane,"Parking Services, PO Box 1098, Southampton SO14 7WE",023 8083 3008,https://www.southampton.gov.uk/travel-transport/fines-and-charges/parking-fines/challenge-parking-fine,Traffic Penalty Tribunal,PATROL Authority Directory,https://www.patrol-uk.info/authority-directory,2026-08-10,https://www.catoappeals.com/councils/southampton-city-council
southend-on-sea-city-council,Southend-on-Sea City Council,Southend-on-Sea City Council,England,OS,Parking; Moving Traffic,"Department for Place, Civic Centre, Victoria Avenue, Southend on Sea SS2 6YN",01702 215003,http://www.southend.gov.uk/info/100011/parking_travel_and_roads,Traffic Penalty Tribunal,PATROL Authority Directory,https://www.patrol-uk.info/authority-directory,2026-08-10,https://www.catoappeals.com/councils/southend-on-sea-city-council
spelthorne-borough-council,Spelthorne Borough Council,Spelthorne Borough Council,England,SY,Parking,"Council Offices, Knowle Green, Staines TW18 1XB",01784 451499,https://www.spelthorne.gov.uk/article/17359/Parking-fines-Penalty-Charge-Notices,Traffic Penalty Tribunal,PATROL Authority Directory,https://www.patrol-uk.info/authority-directory,2026-08-10,https://www.catoappeals.com/councils/spelthorne-borough-council
st-albans-city-and-district-council,St Albans City and District Council,St Albans City and District Council,England,AB,Parking,"Parking Services, Civic Centre, St Peters Street, St Albans, Herts AL1 3JE",01727 819206,https://www.stalbans.gov.uk/penalty-charge-notices,Traffic Penalty Tribunal,PATROL Authority Directory,https://www.patrol-uk.info/authority-directory,2026-08-10,https://www.catoappeals.com/councils/st-albans-city-and-district-council
st-helens-council,St Helens Council,St Helens Council,England,SZ,Parking,"Parking Services Section, Wesley House, Corporation Street, St Helens, Merseyside WA10 1HF",01744 676128,https://www.sthelens.gov.uk/article/3115/Dispute-a-parking-fine,Traffic Penalty Tribunal,PATROL Authority Directory,https://www.patrol-uk.info/authority-directory,2026-08-10,https://www.catoappeals.com/councils/st-helens-council
stafford-borough-council,Stafford Borough Council,Stafford Borough Council,England,ZZ,Parking,"Parking Services, PO Box 2994, Stoke on Trent ST4 9FG",01785 619000,https://www.staffordbc.gov.uk/car-parking-how-do-i-challenge-a-penalty-charge-notice-pcn-issued-on-a-stafford-borough-car-park,Traffic Penalty Tribunal,PATROL Authority Directory,https://www.patrol-uk.info/authority-directory,2026-08-10,https://www.catoappeals.com/councils/stafford-borough-council
staffordshire-county-council,Staffordshire County Council,Staffordshire County Council,England,GE,Parking; Bus Lane,"Parking Services, PO Box 2994, Stoke on Trent ST4 9FG",0300 111 8000,https://www.staffordshire.gov.uk/Highways/Parking-and-enforcement/On-Street-Parking/Penalty-charge-notices/On-street-parking-enforcement.aspx,Traffic Penalty Tribunal,PATROL Authority Directory,https://www.patrol-uk.info/authority-directory,2026-08-10,https://www.catoappeals.com/councils/staffordshire-county-council
staffordshire-moorlands-district-council,Staffordshire Moorlands District Council,Staffordshire Moorlands District Council,England,ZM,Parking,"Parking Services, PO Box 2994, Stoke on Trent ST4 9FG",01782 237999,https://www.staffsmoorlands.gov.uk/article/505/Parking,Traffic Penalty Tribunal,PATROL Authority Directory,https://www.patrol-uk.info/authority-directory,2026-08-10,https://www.catoappeals.com/councils/staffordshire-moorlands-district-council
stevenage-borough-council,Stevenage Borough Council,Stevenage Borough Council,England,SG,Parking,"Wallfields, Pegs Lane, Hertford SG13 8EQ",01279 655261,https://www.hertsparking.co.uk/eastherts/default.aspx,Traffic Penalty Tribunal,PATROL Authority Directory,https://www.patrol-uk.info/authority-directory,2026-08-10,https://www.catoappeals.com/councils/stevenage-borough-council
stockport-metropolitan-borough-council,Stockport Metropolitan Borough Council,Stockport Metropolitan Borough Council,England,SM,Parking; Bus Lane; CCTV,"Parking Team, Stopford House, Stockport SK1 3XE",0161 217 6111,https://www.stockport.gov.uk/parking-fines/how-to-appeal-a-parking-fine,Traffic Penalty Tribunal,PATROL Authority Directory,https://www.patrol-uk.info/authority-directory,2026-08-10,https://www.catoappeals.com/councils/stockport-metropolitan-borough-council
stockton-on-tees-borough-council,Stockton-On-Tees Borough Council,Stockton-On-Tees Borough Council,England,SQ,Parking; Bus Lane,"Municipal Buildings, Church Road, Stockton-on-Tees TS18 1LD",01642 393939,https://www.stockton.gov.uk/article/2203/Pay-a-parking-or-bus-lane-fine,Traffic Penalty Tribunal,PATROL Authority Directory,https://www.patrol-uk.info/authority-directory,2026-08-10,https://www.catoappeals.com/councils/stockton-on-tees-borough-council
stoke-on-trent-city-council,Stoke-on-Trent City Council,Stoke-on-Trent City Council,England,SK,Parking; Bus Lane; Moving Traffic,"Parking Services, PO Box 2994, Stoke on Trent ST4 9FG",01782 237999,https://www.stoke.gov.uk/,Traffic Penalty Tribunal,PATROL Authority Directory,https://www.patrol-uk.info/authority-directory,2026-08-10,https://www.catoappeals.com/councils/stoke-on-trent-city-council
stratford-on-avon-district-council,Stratford-on-Avon District Council,Stratford-on-Avon District Council,England,ST,Parking,"Elizabeth House, Church Street, Stratford Upon Avon, Warwickshire CV37 6HX",01789 267575,https://www.stratford.gov.uk/parking-roads-transport/,Traffic Penalty Tribunal,PATROL Authority Directory,https://www.patrol-uk.info/authority-directory,2026-08-10,https://www.catoappeals.com/councils/stratford-on-avon-district-council
stroud-district-council,Stroud District Council,Stroud District Council,England,ZP,Littering From Vehicles; Parking,Parking Services Ebley Mill Ebley Wharf Ebley Stroud Gloucestershire GL5 4UB,01453 766 321,https://www.stroud.gov.uk/,Traffic Penalty Tribunal,PATROL Authority Directory,https://www.patrol-uk.info/authority-directory,2026-08-10,https://www.catoappeals.com/councils/stroud-district-council
suffolk-county-council-with-east-suffolk-council,Suffolk County Council (with East Suffolk Council),Suffolk County Council (East Suffolk),England,JS,Parking,"East Suffolk House, Riduna Park, Station Road, Melton, Woodbridge, Suffolk IP12 1RT",0333 016 2000,https://www.eastsuffolk.gov.uk/parking,Traffic Penalty Tribunal,PATROL Authority Directory,https://www.patrol-uk.info/authority-directory,2026-08-10,https://www.catoappeals.com/councils/suffolk-county-council-with-east-suffolk-council
suffolk-county-council-with-ipswich-borough-council,Suffolk County Council (with Ipswich Borough Council),Suffolk County Council (Ipswich),England,IX,Parking,"Ipswich Borough Council, Ipswich Parking Service, PO Box 668, Ipswich, Suffolk IP1 9AS",01473 432847,https://www.ipswich.gov.uk/parking,Traffic Penalty Tribunal,PATROL Authority Directory,https://www.patrol-uk.info/authority-directory,2026-08-10,https://www.catoappeals.com/councils/suffolk-county-council-with-ipswich-borough-council
suffolk-county-council-with-west-suffolk-council,Suffolk County Council (with West Suffolk Council),Suffolk County Council (West Suffolk),England,FS,Parking,"West Suffolk Council, West Suffolk House, Western Way, Bury St Edmunds, Suffolk IP33 3YU",01284 763233,https://www.westsuffolk.gov.uk/parking/parking-fines-and-appeals.cfm,Traffic Penalty Tribunal,PATROL Authority Directory,https://www.patrol-uk.info/authority-directory,2026-08-10,https://www.catoappeals.com/councils/suffolk-county-council-with-west-suffolk-council
sunderland-city-council,Sunderland City Council,Sunderland City Council,England,SX,Parking; Bus Lane; Littering From Vehicles,"Parking Services, Jack Crawford House, Commercial Road, Sunderland SR2 8QR",0191 561 7835,https://www.sunderland.gov.uk/parking,Traffic Penalty Tribunal,PATROL Authority Directory,https://www.patrol-uk.info/authority-directory,2026-08-10,https://www.catoappeals.com/councils/sunderland-city-council
surrey-county-council,Surrey County Council,Surrey County Council,England,RR,Parking; Bus Lane; Moving Traffic,"11 Woodhatch Rd, Cockshot Hill, Reigate RH2 8EF",0345 600 9009,https://www.surreycc.gov.uk/,Traffic Penalty Tribunal,PATROL Authority Directory,https://www.patrol-uk.info/authority-directory,2026-08-10,https://www.catoappeals.com/councils/surrey-county-council
surrey-county-council-with-guildford-borough-council,Surrey County Council (with Guildford Borough Council),Surrey County Council (Guildford),England,FM,Parking,"Millmead House, Millmead, Guildford, Surrey GU2 4BB",01483 505050,https://www.guildford.gov.uk/challengeaparkingfine,Traffic Penalty Tribunal,PATROL Authority Directory,https://www.patrol-uk.info/authority-directory,2026-08-10,https://www.catoappeals.com/councils/surrey-county-council-with-guildford-borough-council
surrey-county-council-with-mole-valley-district-council,Surrey County Council (with Mole Valley District Council),Surrey County Council (Mole Valley),England,MY,Parking,"Mole Valley District Council, Pippbrook, Dorking, Surrey RH4 1SJ",01306 879369,https://www.molevalley.gov.uk/,Traffic Penalty Tribunal,PATROL Authority Directory,https://www.patrol-uk.info/authority-directory,2026-08-10,https://www.catoappeals.com/councils/surrey-county-council-with-mole-valley-district-council
surrey-county-council-with-reigate-and-banstead-borough-council,Surrey County Council (with Reigate and Banstead Borough Council),Surrey County Council (Reigate and Banstead),England,RZ,Parking,"Reigate and Banstead Borough Council, Earlswood Depot, Horley Road, Redhill, Surrey RH1 6PN",01737 276000,https://www.reigate-banstead.gov.uk/info/20150/parking/269/challenge_a_parking_fine,Traffic Penalty Tribunal,PATROL Authority Directory,https://www.patrol-uk.info/authority-directory,2026-08-10,https://www.catoappeals.com/councils/surrey-county-council-with-reigate-and-banstead-borough-council
surrey-county-council-with-runnymede-borough-council,Surrey County Council (with Runnymede Borough Council),Surrey County Council (Runnymede),England,RN,Parking,"Runnymede Borough Council, Civic Offices, Station Road, Addlestone, Surrey KT15 2AH",01932 425194,https://www.runnymede.gov.uk/,Traffic Penalty Tribunal,PATROL Authority Directory,https://www.patrol-uk.info/authority-directory,2026-08-10,https://www.catoappeals.com/councils/surrey-county-council-with-runnymede-borough-council
surrey-county-council-with-spelthorne-borough-council,Surrey County Council (with Spelthorne Borough Council),Surrey County Council (Spelthorne),England,PS,Parking,"Spelthorne Borough Council, Council Offices, Knowle Green, Staines, Surrey TW18 1XB",01784 446266,https://www.spelthorne.gov.uk/article/17359/Parking-fines-Penalty-Charge-Notices,Traffic Penalty Tribunal,PATROL Authority Directory,https://www.patrol-uk.info/authority-directory,2026-08-10,https://www.catoappeals.com/councils/surrey-county-council-with-spelthorne-borough-council
surrey-county-council-with-woking-borough-council,Surrey County Council (with Woking Borough Council),Surrey County Council (Woking),England,YK,Bus Lane,"Woking Borough Council, Civic Offices, Gloucester Square, Woking, Surrey GU21 6YL",01483 743100,https://www.woking.gov.uk/parking-streets-travel/parking/penalty-charge-notices-pcns-issued-council-car-parks/appeal-penalty-charge-notice-pcn,Traffic Penalty Tribunal,PATROL Authority Directory,https://www.patrol-uk.info/authority-directory,2026-08-10,https://www.catoappeals.com/councils/surrey-county-council-with-woking-borough-council
surrey-heath-borough-council,Surrey Heath Borough Council,Surrey Heath Borough Council,England,HH,Parking,"Environmental Services, Surrey Heath House, Knoll Road, Camberley, Surrey GU15 3HD",01276 707100,https://www.surreyheath.gov.uk/,Traffic Penalty Tribunal,PATROL Authority Directory,https://www.patrol-uk.info/authority-directory,2026-08-10,https://www.catoappeals.com/councils/surrey-heath-borough-council
swale-borough-council,Swale Borough Council,Swale Borough Council,England,SW,Parking,"Parking Services, Swale House, East Street, Sittingbourne, Kent ME10 3HT",01795417850,https://swale.gov.uk/parking-and-streets/pay-or-appeal-a-parking-fine,Traffic Penalty Tribunal,PATROL Authority Directory,https://www.patrol-uk.info/authority-directory,2026-08-10,https://www.catoappeals.com/councils/swale-borough-council
swindon-borough-council,Swindon Borough Council,Swindon Borough Council,England,SI,Parking; Bus Lane; CCTV,"Parking Administration, Civic Offices, Euclid Street, Swindon SN1 2JH",01793 445500,https://www.swindon.gov.uk/info/20034/parking_tickets_and_bus_lane_fines/318/appeal_against_a_penalty_charge_notice,Traffic Penalty Tribunal,PATROL Authority Directory,https://www.patrol-uk.info/authority-directory,2026-08-10,https://www.catoappeals.com/councils/swindon-borough-council
tameside-metropolitan-borough-council,Tameside Metropolitan Borough Council,Tameside Metropolitan Borough Council,England,TM,Parking; Bus Lane,"Parking Services, Tame St Depot, Tame Street, Stalybridge, Lancashire SK15 1ST",0161 342 8355,https://www.tameside.gov.uk/parking/pcn,Traffic Penalty Tribunal,PATROL Authority Directory,https://www.patrol-uk.info/authority-directory,2026-08-10,https://www.catoappeals.com/councils/tameside-metropolitan-borough-council
tamworth-borough-council,Tamworth Borough Council,Tamworth Borough Council,England,TX,Parking,"Parking Services, PO Box 2994, Stoke on Trent ST4 9FG",01782 237999,"https://www.tamworth.gov.uk/parking-fines#:~:text=AppealingafineToappeal,bedetailedonyournotice.",Traffic Penalty Tribunal,PATROL Authority Directory,https://www.patrol-uk.info/authority-directory,2026-08-10,https://www.catoappeals.com/councils/tamworth-borough-council
tandridge-district-council,Tandridge District Council,Tandridge District Council,England,TE,Parking,"Parking Services, PO Box 221 RH8 8AQ",0330 175 5930,https://www.tandridge.gov.uk/Parking-streets-and-transport/Parking,Traffic Penalty Tribunal,PATROL Authority Directory,https://www.patrol-uk.info/authority-directory,2026-08-10,https://www.catoappeals.com/councils/tandridge-district-council
teignbridge-district-council,Teignbridge District Council,Teignbridge District Council,England,UP; TI,Littering From Vehicles; Parking,"Environment and Safety, Teignbridge District Council, Forde House, Brunel Road, Newton Abbot, Devon TQ12 4XX",01626 361101,https://www.teignbridge.gov.uk/parking/penalty-charge-notices-parking-fines/appeal-a-penalty-charge-notice/,Traffic Penalty Tribunal,PATROL Authority Directory,https://www.patrol-uk.info/authority-directory,2026-08-10,https://www.catoappeals.com/councils/teignbridge-district-council
tendring-district-council,Tendring District Council,Tendring District Council,England,TG,Parking,"North Essex Parking Partnership, PO Box 5575, Town Hall, Colchester CO1 9LT",01206 282316,https://www.parkingpartnership.org/,Traffic Penalty Tribunal,PATROL Authority Directory,https://www.patrol-uk.info/authority-directory,2026-08-10,https://www.catoappeals.com/councils/tendring-district-council
test-valley-borough-council,Test Valley Borough Council,Test Valley Borough Council,England,TS,Parking,"Parking Section, Beech Hurst, Weyhill Road, Andover SP10 3AJ",01264 368000,https://pcn.testvalley.gov.uk/3scuserservices/,Traffic Penalty Tribunal,PATROL Authority Directory,https://www.patrol-uk.info/authority-directory,2026-08-10,https://www.catoappeals.com/councils/test-valley-borough-council
thanet-district-council,Thanet District Council,Thanet District Council,England,TD,Parking,"Thanet District Council, PO BOX 1498, NN1 9GT",01843 577471,https://www.thanet.gov.uk/info-pages/pay-or-appeal-your-parking-fine/,Traffic Penalty Tribunal,PATROL Authority Directory,https://www.patrol-uk.info/authority-directory,2026-08-10,https://www.catoappeals.com/councils/thanet-district-council
the-borough-council-of-kings-lynn-and-west-norfolk,The Borough Council of Kings Lynn and West Norfolk,The Borough Council of Kings Lynn and West Norfolk,England,KZ,Parking,"Parking Operations, PO Box 1149, King's Lynn, Norfolk PE30 9AH",01553 616200,https://parking.west-norfolk.gov.uk/,Traffic Penalty Tribunal,PATROL Authority Directory,https://www.patrol-uk.info/authority-directory,2026-08-10,https://www.catoappeals.com/councils/the-borough-council-of-kings-lynn-and-west-norfolk
the-borough-council-of-kings-lynn-and-west-norfolk-working-under-the-authority-delegated-by-norfolk-county-council,The Borough Council of Kings Lynn and West Norfolk working under the authority delegated by Norfolk County Council,The Borough Council of Kings Lynn and West Norfolk for Norfolk County Council,England,JC; JE; JG; JI; JT; KR; UJ; JH; JU; UO,Parking,"Parking Operations, PO Box 1149, King's Lynn, Norfolk PE30 9AH",01553 616200,https://www.west-norfolk.gov.uk/info/20005/parking/122/parking_fines,Traffic Penalty Tribunal,PATROL Authority Directory,https://www.patrol-uk.info/authority-directory,2026-08-10,https://www.catoappeals.com/councils/the-borough-council-of-kings-lynn-and-west-norfolk-working-under-the-authority-delegated-by-norfolk-county-council
the-city-and-county-of-swansea,The City and County of Swansea,The City and County of Swansea,Wales,WJ,Parking,"The Business Centre, 11B St. Mary's Square, Swansea SA1 3LP",01792 545038,http://parking.swansea.gov.uk/pages/home.aspx,Traffic Penalty Tribunal,PATROL Authority Directory,https://www.patrol-uk.info/authority-directory,2026-08-10,https://www.catoappeals.com/councils/the-city-and-county-of-swansea
three-rivers-district-council,Three Rivers District Council,Three Rivers District Council,England,AI,Parking,"Parking Services, Hertsmere Borough Council Civic Office, Elstree Way, Borehamwood WD6 1WA",0208 207 7422,https://www.threerivers.gov.uk/egcl-page/parking,Traffic Penalty Tribunal,PATROL Authority Directory,https://www.patrol-uk.info/authority-directory,2026-08-10,https://www.catoappeals.com/councils/three-rivers-district-council
thurrock-council,Thurrock Council,Thurrock Council,England,TK,Parking; Moving Traffic,"Civic Offices, New Road, Grays, Essex RM17 6SL",01375 652 652,https://www.thurrock.gov.uk/parking-enforcement/challenging-penalty-charge-notice,Traffic Penalty Tribunal,PATROL Authority Directory,https://www.patrol-uk.info/authority-directory,2026-08-10,https://www.catoappeals.com/councils/thurrock-council
tonbridge-and-malling-borough-council,Tonbridge and Malling Borough Council,Tonbridge and Malling Borough Council,England,TN,Parking,Parking.office@tmbc.gov.uk please ema,01732 844522,https://parking.tmbc.gov.uk/parking/,Traffic Penalty Tribunal,PATROL Authority Directory,https://www.patrol-uk.info/authority-directory,2026-08-10,https://www.catoappeals.com/councils/tonbridge-and-malling-borough-council
torbay-council,Torbay Council,Torbay Council,England,TB,Parking,"Parking Services, PO Box 422, Torbay TQ2 5WU",01803 207695,https://www.torbay.gov.uk/parking/,Traffic Penalty Tribunal,PATROL Authority Directory,https://www.patrol-uk.info/authority-directory,2026-08-10,https://www.catoappeals.com/councils/torbay-council
torfaen-county-borough-council,Torfaen County Borough Council,Torfaen County Borough Council,Wales,AE,Parking,"Torfaen County Borough Council Civic Centre, Glantorvaen Rd, Pontypool NP4 6YB",01495 762200,https://pcn.swpg.co.uk/live-3sc-user/default.aspx,Traffic Penalty Tribunal,PATROL Authority Directory,https://www.patrol-uk.info/authority-directory,2026-08-10,https://www.catoappeals.com/councils/torfaen-county-borough-council
torridge-district-council,Torridge District Council,Torridge District Council,England,TC,Parking,"The Parking Office, Torridge District Council, Riverbank House, Bideford, Devon, EX39 2QG",01237 428700,https://www.torridge.gov.uk/article/20653/Penalty-charge-notices-PCNs,Traffic Penalty Tribunal,PATROL Authority Directory,https://www.patrol-uk.info/authority-directory,2026-08-10,https://www.catoappeals.com/councils/torridge-district-council
trafford-metropolitan-borough-council,Trafford Metropolitan Borough Council,Trafford Metropolitan Borough Council,England,TR,Parking; Moving Traffic,"Parking Services, Trafford Council, Trafford Town Hall, Talbot Road, Stretford M33 7ZF",0161 912 2000,https://www.trafford.gov.uk/,Traffic Penalty Tribunal,PATROL Authority Directory,https://www.patrol-uk.info/authority-directory,2026-08-10,https://www.catoappeals.com/councils/trafford-metropolitan-borough-council
tunbridge-wells-borough-council,Tunbridge Wells Borough Council,Tunbridge Wells Borough Council,England,TW,Parking; Bus Lane,"Parking Department, Town Hall, Tunbridge Wells, Kent TN1 1RS",01892 526121,https://tunbridgewells.gov.uk/parking/appeal-penalty-charge-notice,Traffic Penalty Tribunal,PATROL Authority Directory,https://www.patrol-uk.info/authority-directory,2026-08-10,https://www.catoappeals.com/councils/tunbridge-wells-borough-council
uttlesford-district-council,Uttlesford District Council,Uttlesford District Council,England,UF,Parking; Littering From Vehicles,"North Essex Parking Partnership, PO Box 5575, Town Hall, Colchester CO1 9LT",01206 282316,https://www.parkingpartnership.org/,Traffic Penalty Tribunal,PATROL Authority Directory,https://www.patrol-uk.info/authority-directory,2026-08-10,https://www.catoappeals.com/councils/uttlesford-district-council
vale-of-glamorgan-council,Vale of Glamorgan Council,Vale of Glamorgan Council,Wales,VG,Parking,"Parking Section, Vale of Glamorgan Council, Alps Quarry Road, Wenvoe, Cardiff CF5 6AA",01446 700111,https://www.wppp.org.uk/,Traffic Penalty Tribunal,PATROL Authority Directory,https://www.patrol-uk.info/authority-directory,2026-08-10,https://www.catoappeals.com/councils/vale-of-glamorgan-council
vale-of-white-horse-district-council,Vale of White Horse District Council,Vale of White Horse District Council,England,VJ,Parking,"Abbey House, Abbey Close, Abingdon OX14 3JE",01235 422 422,https://www.whitehorsedc.gov.uk/vale-of-white-horse-district-council/parking-roads-and-streets/parking/parking-fines/,Traffic Penalty Tribunal,PATROL Authority Directory,https://www.patrol-uk.info/authority-directory,2026-08-10,https://www.catoappeals.com/councils/vale-of-white-horse-district-council
wakefield-metropolitan-district-council,Wakefield Metropolitan District Council,Wakefield Metropolitan District Council,England,WP,Parking,"Parking Services, PO Box 47, Wakefield WF1 2QW",0345 8 506 506,https://www.wakefield.gov.uk/roads-and-travel/parking,Traffic Penalty Tribunal,PATROL Authority Directory,https://www.patrol-uk.info/authority-directory,2026-08-10,https://www.catoappeals.com/councils/wakefield-metropolitan-district-council
walsall-metropolitan-borough-council,Walsall Metropolitan Borough Council,Walsall Metropolitan Borough Council,England,XD; WK,Parking; Bus Lane; Moving Traffic; Littering From Vehicles,"2nd Floor, Civic Centre, Darwall Street, Walsall WS1 1DG",01922 652525,https://go.walsall.gov.uk/roads-parking-and-travel/parking-and-travel/pay-your-penalty-charge-notice-pcn,Traffic Penalty Tribunal,PATROL Authority Directory,https://www.patrol-uk.info/authority-directory,2026-08-10,https://www.catoappeals.com/councils/walsall-metropolitan-borough-council
warrington-borough-council,Warrington Borough Council,Warrington Borough Council,England,WI,Parking; Bus Lane,"Parking Services, New Town House, Buttermarket Street, Warrington, WA1 2NH",01925 443322,https://www.warrington.gov.uk/parkingfines,Traffic Penalty Tribunal,PATROL Authority Directory,https://www.patrol-uk.info/authority-directory,2026-08-10,https://www.catoappeals.com/councils/warrington-borough-council
warwick-district-council,Warwick District Council,Warwick District Council,England,WQ,Parking,"Town Hall, Parade, Royal Leamington Spa CV32 4AT",01926 456128,http://www.warwickdc.gov.uk/info/20530/parking,Traffic Penalty Tribunal,PATROL Authority Directory,https://www.patrol-uk.info/authority-directory,2026-08-10,https://www.catoappeals.com/councils/warwick-district-council
warwickshire-county-council,Warwickshire County Council,Warwickshire County Council,England,ZQ,Parking,Warwickshire County Council PO Box 231 Sheffield S98 1PH,03330030033,https://www.warwickshire.gov.uk/parking,Traffic Penalty Tribunal,PATROL Authority Directory,https://www.patrol-uk.info/authority-directory,2026-08-10,https://www.catoappeals.com/councils/warwickshire-county-council
watford-borough-council,Watford Borough Council,Watford Borough Council,England,WT,Parking; Bus Lane,"The Parking Service, Town Hall, Hempstead Road, Watford, Hertfordshire WD17 3EX",01923 226400,https://www.watford.gov.uk/parking/pay-challenge-penalty-charge-notice-pcn/2,Traffic Penalty Tribunal,PATROL Authority Directory,https://www.patrol-uk.info/authority-directory,2026-08-10,https://www.catoappeals.com/councils/watford-borough-council
waverley-borough-council,Waverley Borough Council,Waverley Borough Council,England,WZ,Parking,"Parking Services, The Burys, Godalming, Surrey GU7 1HR",01483 523408,https://www.waverley.gov.uk/services/parking/car-parks/parking-fines,Traffic Penalty Tribunal,PATROL Authority Directory,https://www.patrol-uk.info/authority-directory,2026-08-10,https://www.catoappeals.com/councils/waverley-borough-council
welwyn-hatfield-borough-council,Welwyn Hatfield Borough Council,Welwyn Hatfield Borough Council,England,WW,Parking,"Parking Office, Wallfields, Pegs Lane, Hertford SG13 8EQ",01279 655 261,https://www.eastherts.gov.uk/pcnonline,Traffic Penalty Tribunal,PATROL Authority Directory,https://www.patrol-uk.info/authority-directory,2026-08-10,https://www.catoappeals.com/councils/welwyn-hatfield-borough-council
west-berkshire-district-council,West Berkshire District Council,West Berkshire District Council,England,KK,Parking; Bus Lane; Moving Traffic,"Parking Services, West Berkshire Council Offices, Market Street, Newbury, Berkshire RG14 5LD",01635 551111,https://www.westberks.gov.uk/parkingenforcement,Traffic Penalty Tribunal,PATROL Authority Directory,https://www.patrol-uk.info/authority-directory,2026-08-10,https://www.catoappeals.com/councils/west-berkshire-district-council
west-devon-borough-council,West Devon Borough Council,West Devon Borough Council,England,DW,Parking,parking@swdevon.gov.uk send email,01822 813600,https://www.westdevon.gov.uk/parking/penalty-charge-notices-pcns/pay-or-challenge-penalty-charge-notice-pcn,Traffic Penalty Tribunal,PATROL Authority Directory,https://www.patrol-uk.info/authority-directory,2026-08-10,https://www.catoappeals.com/councils/west-devon-borough-council
west-lancashire-borough-council,West Lancashire Borough Council,West Lancashire Borough Council,England,LN,Parking,"West Lancashire Borough Council, 52 Derby Street, Ormskirk, Lancashire L39 2DF",01695 577177,https://www.chipsidelancashire.org/challengepcn.asp,Traffic Penalty Tribunal,PATROL Authority Directory,https://www.patrol-uk.info/authority-directory,2026-08-10,https://www.catoappeals.com/councils/west-lancashire-borough-council
west-lindsey-district-council,West Lindsey District Council,West Lindsey District Council,England,QW,Parking,Central Processing Unit PO Box 10282 Sutton-in-Ashfield Nottinghamshire NG17 0DX,0300 777 0123,https://www.west-lindsey.gov.uk/my-services/my-community/transport-and-parking/parking,Traffic Penalty Tribunal,PATROL Authority Directory,https://www.patrol-uk.info/authority-directory,2026-08-10,https://www.catoappeals.com/councils/west-lindsey-district-council
west-northamptonshire-council,West Northamptonshire Council,West Northamptonshire Council,England,NP,Parking; Bus Lane; Moving Traffic,Parking Services Northamptonshire County Council One Angel Square Angel Street Northampton NN1 1ED,0300 126 700,https://www.westnorthants.gov.uk/parking/appeal-parking-penalty-charge-notice-pcn,Traffic Penalty Tribunal,PATROL Authority Directory,https://www.patrol-uk.info/authority-directory,2026-08-10,https://www.catoappeals.com/councils/west-northamptonshire-council
west-suffolk-council,West Suffolk Council,West Suffolk Council,England,JR,Parking,"West Suffolk Council, West Suffolk House, Western Way, Bury St Edmunds,, Suffolk IP33 3YU",01284 763233,https://www.westsuffolk.gov.uk/parking/parking-fines-and-appeals.cfm,Traffic Penalty Tribunal,PATROL Authority Directory,https://www.patrol-uk.info/authority-directory,2026-08-10,https://www.catoappeals.com/councils/west-suffolk-council
west-sussex-county-council-with-adur-district-council,West Sussex County Council (with Adur District Council),West Sussex County Council (Adur),England,AD,Parking,"Parking Services Team, Adur and Worthing Councils, Portland House, 44 Richmond Road, Worthing, West Sussex, BN11 1HS BN11 1HS",01903 221089,http://www.westsussex.gov.uk/living/roads_and_transport/parking.aspx,Traffic Penalty Tribunal,PATROL Authority Directory,https://www.patrol-uk.info/authority-directory,2026-08-10,https://www.catoappeals.com/councils/west-sussex-county-council-with-adur-district-council
west-sussex-county-council-with-chichester-district-council,West Sussex County Council (with Chichester District Council),West Sussex County Council (Chichester),England,ZK,Parking,"Parking Services, East Pallant House, 1 East Pallant, Chichester, West Sussex PO19 1TY",01243 534500,http://www.chichester.gov.uk/parkingtickets,Traffic Penalty Tribunal,PATROL Authority Directory,https://www.patrol-uk.info/authority-directory,2026-08-10,https://www.catoappeals.com/councils/west-sussex-county-council-with-chichester-district-council
west-sussex-county-council-with-horsham-borough-council,West Sussex County Council (with Horsham Borough Council),West Sussex County Council (Horsham),England,VD,Parking,"Horsham District Council, North Point North Street, Horsham, West Sussex RH12 1RL",01403 215056,http://www.westsussex.gov.uk/living/roads_and_transport/parking.aspx,Traffic Penalty Tribunal,PATROL Authority Directory,https://www.patrol-uk.info/authority-directory,2026-08-10,https://www.catoappeals.com/councils/west-sussex-county-council-with-horsham-borough-council
west-sussex-county-council-with-mid-sussex-district-council,West Sussex County Council (with Mid Sussex District Council),West Sussex County Council (Mid Sussex),England,XS,Parking,"Mid Sussex District Council, Oaklands, Oaklands Road, Haywards Heath, West Sussex RH16 1SS",01444 477212,https://www.westsussex.gov.uk/roads-and-travel/parking/penalty-charge-notices-pcns/#challenge-a-pcn,Traffic Penalty Tribunal,PATROL Authority Directory,https://www.patrol-uk.info/authority-directory,2026-08-10,https://www.catoappeals.com/councils/west-sussex-county-council-with-mid-sussex-district-council
west-sussex-county-council-with-worthing-borough-council,West Sussex County Council (with Worthing Borough Council),West Sussex County Council (Worthing),England,UW,Parking,"Parking Services Team, Adur and Worthing Councils, Portland House, 44 Richmond Road, Worthing, West Sussex BN11 1HS",01903 221089,http://www.westsussex.gov.uk/living/roads_and_transport/parking.aspx,Traffic Penalty Tribunal,PATROL Authority Directory,https://www.patrol-uk.info/authority-directory,2026-08-10,https://www.catoappeals.com/councils/west-sussex-county-council-with-worthing-borough-council
westmorland-and-furness-council,Westmorland and Furness Council,Westmorland and Furness Council,England,VK,Parking,"Kendal County Hall, Busher Walk, Kendal LA9 4RQ",0300 373 3300,https://www.westmorlandandfurness.gov.uk/parking-streets-and-transport/parking/pay-or-challenge-penalty-charge-notice-0,Traffic Penalty Tribunal,PATROL Authority Directory,https://www.patrol-uk.info/authority-directory,2026-08-10,https://www.catoappeals.com/councils/westmorland-and-furness-council
wigan-metropolitan-borough-council,Wigan Metropolitan Borough Council,Wigan Metropolitan Borough Council,England,OE; WG,Littering From Vehicles; Parking; Moving Traffic,"Parking Services, Wigan Council PO Box 100 Wigan WN1 3DS",01942 488280,https://www.wigan.gov.uk/Resident/Parking-Roads-Travel/Parking/Parking-fines/Appeal-a-parking-or-moving-traffic-fine.aspx,Traffic Penalty Tribunal,PATROL Authority Directory,https://www.patrol-uk.info/authority-directory,2026-08-10,https://www.catoappeals.com/councils/wigan-metropolitan-borough-council
wiltshire-council,Wiltshire Council,Wiltshire Council,England,WN,Parking; Bus Lane,"Monkton Hill, Chippenham, Wiltshire SN15 1ER",01249 706131,https://www.wiltshire.gov.uk/parking-tickets,Traffic Penalty Tribunal,PATROL Authority Directory,https://www.patrol-uk.info/authority-directory,2026-08-10,https://www.catoappeals.com/councils/wiltshire-council
winchester-city-council,Winchester City Council,Winchester City Council,England,WR,Parking,"Parking Services, City Offices, Colebrook Street, Winchester SO23 9LJ",01962 848 346,https://pcn.winchester.gov.uk/,Traffic Penalty Tribunal,PATROL Authority Directory,https://www.patrol-uk.info/authority-directory,2026-08-10,https://www.catoappeals.com/councils/winchester-city-council
woking-borough-council,Woking Borough Council,Woking Borough Council,England,WO,Bus Lane; Parking,"Parking Services Dept, Woking Borough Council, Civic Offices, Gloucester Square, Woking GU21 6YL",01483 755855,https://www.woking.gov.uk/parking-streets-travel/parking/penalty-charge-notices-pcns/appeal-penalty-charge-notice-pcn,Traffic Penalty Tribunal,PATROL Authority Directory,https://www.patrol-uk.info/authority-directory,2026-08-10,https://www.catoappeals.com/councils/woking-borough-council
wokingham-borough-council,Wokingham Borough Council,Wokingham Borough Council,England,CW,Parking; Moving Traffic,"Wokingham Parking Services, PO Box 273, Sheffield S98 1RH",0333 2341 777,https://www.wokingham.gov.uk/parking-and-transport/parking-and-permits/pay-or-appeal-a-parking-fine/,Traffic Penalty Tribunal,PATROL Authority Directory,https://www.patrol-uk.info/authority-directory,2026-08-10,https://www.catoappeals.com/councils/wokingham-borough-council
wolverhampton-city-council,Wolverhampton City Council,Wolverhampton City Council,England,WV,Parking; Bus Lane,"Wolverhampton City Council, Parking Services, PO Box 4921, Wolverhampton, WV2 9FT",01902 550300,https://www.wolverhampton.gov.uk/parking-and-roads/parking-fines-penalty-charge-notices/how-challenge-your-penalty-charge-notice-or-view-photographic-evidence,Traffic Penalty Tribunal,PATROL Authority Directory,https://www.patrol-uk.info/authority-directory,2026-08-10,https://www.catoappeals.com/councils/wolverhampton-city-council
worcester-city-council,Worcester City Council,Worcester City Council,England,WC,Parking,"Parking Services, The Guildhall, High Street, Worcester, WR1 2EY",01905 722233,https://www.worcester.gov.uk/parking/pay-penalty-charge-notice,Traffic Penalty Tribunal,PATROL Authority Directory,https://www.patrol-uk.info/authority-directory,2026-08-10,https://www.catoappeals.com/councils/worcester-city-council
worcestershire-county-council,Worcestershire County Council,Worcestershire County Council,England,PY,Bus Lane,"Worcestershire County Council, PO Box 1580, 1 The Lakes, Northampton NN1 9JS",01604 625 661,https://buslanepayments.worcestershire.gov.uk,Traffic Penalty Tribunal,PATROL Authority Directory,https://www.patrol-uk.info/authority-directory,2026-08-10,https://www.catoappeals.com/councils/worcestershire-county-council
worcestershire-county-council-with-worcester-city-council,Worcestershire County Council (with Worcester City Council),Worcestershire County Council (Worcester),England,OR,Parking,"The Guildhall, High Street, Worceste WR1 2EY",01905 722233,https://www.worcester.gov.uk/parking/pay-penalty-charge-notice,Traffic Penalty Tribunal,PATROL Authority Directory,https://www.patrol-uk.info/authority-directory,2026-08-10,https://www.catoappeals.com/councils/worcestershire-county-council-with-worcester-city-council
worcestershire-county-council-with-wychavon-district-council,Worcestershire County Council (with Wychavon District Council),Worcestershire County Council (Wychavon),England,ZW,Littering From Vehicles; Parking,"Wychavon District Council, Civic Centre, Queen Elizabeth Drive, Pershore, Worcestershire WR10 1PT",01386 565 226,https://selfservice.wychavon.gov.uk/parkingappeals/wdc_search.jsp,Traffic Penalty Tribunal,PATROL Authority Directory,https://www.patrol-uk.info/authority-directory,2026-08-10,https://www.catoappeals.com/councils/worcestershire-county-council-with-wychavon-district-council
worcestershire-county-council-with-wyre-forest-district-council,Worcestershire County Council (with Wyre Forest District Council),Worcestershire County Council (Wyre Forest),England,ZF,Parking,"Wychavon District Council, Civic Centre, Queen Elizabeth Drive, Pershore, Worcestershire WR10 1PT",01386 565009,http://swict.malvernhills.gov.uk/parkingappeals/wfdc_search.jsp,Traffic Penalty Tribunal,PATROL Authority Directory,https://www.patrol-uk.info/authority-directory,2026-08-10,https://www.catoappeals.com/councils/worcestershire-county-council-with-wyre-forest-district-council
worthing-borough-council,Worthing Borough Council,Worthing Borough Council,England,UW; WU,Parking; Bus Lane,"Adur & Worthing Councils, Portland House, 44 Richmond Road Worthing BN11 1HA",01903 221180,https://www.adur-worthing.gov.uk/parking/appeal-a-penalty-charge-notice/,Traffic Penalty Tribunal,PATROL Authority Directory,https://www.patrol-uk.info/authority-directory,2026-08-10,https://www.catoappeals.com/councils/worthing-borough-council
wrexham-county-borough-council,Wrexham County Borough Council,Wrexham County Borough Council,Wales,WX,Parking,"WPPP, PO BOX 273, Rhyl, Denbighshire LL18 9EJ",01824 708489,https://www.wppp.org.uk/,Traffic Penalty Tribunal,PATROL Authority Directory,https://www.patrol-uk.info/authority-directory,2026-08-10,https://www.catoappeals.com/councils/wrexham-county-borough-council
wychavon-district-council,Wychavon District Council,Wychavon District Council,England,ZW; WH,Littering From Vehicles; Parking,"Parking Services Unit, Civic Centre, Queen Elizabeth Drive, Pershore, Worcester WR10 1PT",01386 565009,https://selfservice.wychavon.gov.uk/parkingappeals/wdc_search.jsp,Traffic Penalty Tribunal,PATROL Authority Directory,https://www.patrol-uk.info/authority-directory,2026-08-10,https://www.catoappeals.com/councils/wychavon-district-council
wyre-borough-council,Wyre Borough Council,Wyre Borough Council,England,WB,Parking,"Civic Centre, Breck Road, Poulton-le-Fylde, Lancashire FY6 7PU",01253 891000,https://www.paynotice.co.uk/Lancashire/pages/step1.aspx,Traffic Penalty Tribunal,PATROL Authority Directory,https://www.patrol-uk.info/authority-directory,2026-08-10,https://www.catoappeals.com/councils/wyre-borough-council
wyre-forest-district-council,Wyre Forest District Council,Wyre Forest District Council,England,FW,Parking,"Wyre Forest District Council Green Street, Kidderminster DY10 1HA",01562 732928,http://www.wyreforestdc.gov.uk/streets-and-parking/parking.aspx,Traffic Penalty Tribunal,PATROL Authority Directory,https://www.patrol-uk.info/authority-directory,2026-08-10,https://www.catoappeals.com/councils/wyre-forest-district-council
