council,region,tribunal,year,pcns_issued,appeals_received,appeals_decided,allowed_pct,not_contested_pct,source,page
Barking and Dagenham,London,London Tribunals (Environment and Traffic Adjudicators),2024-25,123059,774,740,51.9,27.4,"London Tribunals, Environment and Traffic Adjudicators annual statistics",https://www.catoappeals.com/councils/barking-and-dagenham
Barnet,London,London Tribunals (Environment and Traffic Adjudicators),2024-25,155225,605,488,52,18.2,"London Tribunals, Environment and Traffic Adjudicators annual statistics",https://www.catoappeals.com/councils/barnet
Bexley,London,London Tribunals (Environment and Traffic Adjudicators),2024-25,62563,277,193,44.6,29.5,"London Tribunals, Environment and Traffic Adjudicators annual statistics",https://www.catoappeals.com/councils/bexley
Brent,London,London Tribunals (Environment and Traffic Adjudicators),2024-25,167211,645,496,47.6,25.6,"London Tribunals, Environment and Traffic Adjudicators annual statistics",https://www.catoappeals.com/councils/brent
Bromley,London,London Tribunals (Environment and Traffic Adjudicators),2024-25,81907,271,197,39.6,29.9,"London Tribunals, Environment and Traffic Adjudicators annual statistics",https://www.catoappeals.com/councils/bromley
Camden,London,London Tribunals (Environment and Traffic Adjudicators),2024-25,219055,732,575,39.8,22.4,"London Tribunals, Environment and Traffic Adjudicators annual statistics",https://www.catoappeals.com/councils/camden
City of London,London,London Tribunals (Environment and Traffic Adjudicators),2024-25,69142,154,144,38.9,18.8,"London Tribunals, Environment and Traffic Adjudicators annual statistics",https://www.catoappeals.com/councils/city-of-london
Croydon,London,London Tribunals (Environment and Traffic Adjudicators),2024-25,115850,531,408,50,20.1,"London Tribunals, Environment and Traffic Adjudicators annual statistics",https://www.catoappeals.com/councils/croydon
Ealing,London,London Tribunals (Environment and Traffic Adjudicators),2024-25,155632,433,349,42.1,22.9,"London Tribunals, Environment and Traffic Adjudicators annual statistics",https://www.catoappeals.com/councils/ealing
Enfield,London,London Tribunals (Environment and Traffic Adjudicators),2024-25,71005,324,241,35.7,16.6,"London Tribunals, Environment and Traffic Adjudicators annual statistics",https://www.catoappeals.com/councils/enfield
Greenwich,London,London Tribunals (Environment and Traffic Adjudicators),2024-25,102854,404,393,54.7,4.3,"London Tribunals, Environment and Traffic Adjudicators annual statistics",https://www.catoappeals.com/councils/greenwich
Hackney,London,London Tribunals (Environment and Traffic Adjudicators),2024-25,116745,443,341,30.5,11.1,"London Tribunals, Environment and Traffic Adjudicators annual statistics",https://www.catoappeals.com/councils/hackney
Hammersmith and Fulham,London,London Tribunals (Environment and Traffic Adjudicators),2024-25,145125,409,303,43.6,32,"London Tribunals, Environment and Traffic Adjudicators annual statistics",https://www.catoappeals.com/councils/hammersmith-and-fulham
Haringey,London,London Tribunals (Environment and Traffic Adjudicators),2024-25,192290,925,732,53.6,37.2,"London Tribunals, Environment and Traffic Adjudicators annual statistics",https://www.catoappeals.com/councils/haringey
Harrow,London,London Tribunals (Environment and Traffic Adjudicators),2024-25,118055,547,485,47,24.9,"London Tribunals, Environment and Traffic Adjudicators annual statistics",https://www.catoappeals.com/councils/harrow
Havering,London,London Tribunals (Environment and Traffic Adjudicators),2024-25,101201,594,620,56.1,33.7,"London Tribunals, Environment and Traffic Adjudicators annual statistics",https://www.catoappeals.com/councils/havering
Hillingdon,London,London Tribunals (Environment and Traffic Adjudicators),2024-25,70742,180,172,83.1,73.8,"London Tribunals, Environment and Traffic Adjudicators annual statistics",https://www.catoappeals.com/councils/hillingdon
Hounslow,London,London Tribunals (Environment and Traffic Adjudicators),2024-25,107890,449,362,66,38.4,"London Tribunals, Environment and Traffic Adjudicators annual statistics",https://www.catoappeals.com/councils/hounslow
Islington,London,London Tribunals (Environment and Traffic Adjudicators),2024-25,248027,1275,1102,35.7,20.8,"London Tribunals, Environment and Traffic Adjudicators annual statistics",https://www.catoappeals.com/councils/islington
Kensington and Chelsea,London,London Tribunals (Environment and Traffic Adjudicators),2024-25,241099,343,247,49,41.7,"London Tribunals, Environment and Traffic Adjudicators annual statistics",https://www.catoappeals.com/councils/kensington-and-chelsea
Kingston upon Thames,London,London Tribunals (Environment and Traffic Adjudicators),2024-25,73126,250,226,40.7,15,"London Tribunals, Environment and Traffic Adjudicators annual statistics",https://www.catoappeals.com/councils/kingston-upon-thames
Lambeth,London,London Tribunals (Environment and Traffic Adjudicators),2024-25,179588,1234,1148,57.4,37.8,"London Tribunals, Environment and Traffic Adjudicators annual statistics",https://www.catoappeals.com/councils/lambeth
Lewisham,London,London Tribunals (Environment and Traffic Adjudicators),2024-25,60393,386,328,57.3,41.2,"London Tribunals, Environment and Traffic Adjudicators annual statistics",https://www.catoappeals.com/councils/lewisham
Merton,London,London Tribunals (Environment and Traffic Adjudicators),2024-25,93800,315,305,56.1,40,"London Tribunals, Environment and Traffic Adjudicators annual statistics",https://www.catoappeals.com/councils/merton
Newham,London,London Tribunals (Environment and Traffic Adjudicators),2024-25,267318,1982,1607,50.4,20,"London Tribunals, Environment and Traffic Adjudicators annual statistics",https://www.catoappeals.com/councils/newham
Redbridge,London,London Tribunals (Environment and Traffic Adjudicators),2024-25,160209,2060,1804,70.1,39.9,"London Tribunals, Environment and Traffic Adjudicators annual statistics",https://www.catoappeals.com/councils/redbridge
Richmond upon Thames,London,London Tribunals (Environment and Traffic Adjudicators),2024-25,118876,195,188,45.2,21.3,"London Tribunals, Environment and Traffic Adjudicators annual statistics",https://www.catoappeals.com/councils/richmond-upon-thames
Southwark,London,London Tribunals (Environment and Traffic Adjudicators),2024-25,181723,763,549,29.3,11.5,"London Tribunals, Environment and Traffic Adjudicators annual statistics",https://www.catoappeals.com/councils/southwark
Sutton,London,London Tribunals (Environment and Traffic Adjudicators),2024-25,45847,65,42,26.2,14.3,"London Tribunals, Environment and Traffic Adjudicators annual statistics",https://www.catoappeals.com/councils/sutton
Tower Hamlets,London,London Tribunals (Environment and Traffic Adjudicators),2024-25,130390,472,438,32.9,13.2,"London Tribunals, Environment and Traffic Adjudicators annual statistics",https://www.catoappeals.com/councils/tower-hamlets
Waltham Forest,London,London Tribunals (Environment and Traffic Adjudicators),2024-25,130633,686,586,45.7,19.1,"London Tribunals, Environment and Traffic Adjudicators annual statistics",https://www.catoappeals.com/councils/waltham-forest
Wandsworth,London,London Tribunals (Environment and Traffic Adjudicators),2024-25,132283,340,379,31.9,12.4,"London Tribunals, Environment and Traffic Adjudicators annual statistics",https://www.catoappeals.com/councils/wandsworth
Westminster,London,London Tribunals (Environment and Traffic Adjudicators),2024-25,516562,1232,933,66.1,56.2,"London Tribunals, Environment and Traffic Adjudicators annual statistics",https://www.catoappeals.com/councils/westminster
Adur District Council,England outside London,Traffic Penalty Tribunal,not published,not published,not published,not published,not published,not published,Traffic Penalty Tribunal annual report - no per-authority figures published,https://www.catoappeals.com/councils/adur-district-council
Amber Valley Borough Council,England outside London,Traffic Penalty Tribunal,not published,not published,not published,not published,not published,not published,Traffic Penalty Tribunal annual report - no per-authority figures published,https://www.catoappeals.com/councils/amber-valley-borough-council
Arun District Council,England outside London,Traffic Penalty Tribunal,not published,not published,not published,not published,not published,not published,Traffic Penalty Tribunal annual report - no per-authority figures published,https://www.catoappeals.com/councils/arun-district-council
Ashfield District Council,England outside London,Traffic Penalty Tribunal,not published,not published,not published,not published,not published,not published,Traffic Penalty Tribunal annual report - no per-authority figures published,https://www.catoappeals.com/councils/ashfield-district-council
Ashford Borough Council,England outside London,Traffic Penalty Tribunal,not published,not published,not published,not published,not published,not published,Traffic Penalty Tribunal annual report - no per-authority figures published,https://www.catoappeals.com/councils/ashford-borough-council
Babergh District Council (with Ipswich Borough Council),England outside London,Traffic Penalty Tribunal,not published,not published,not published,not published,not published,not published,Traffic Penalty Tribunal annual report - no per-authority figures published,https://www.catoappeals.com/councils/babergh-district-council-with-ipswich-borough-council
Babergh District Council (with West Suffolk Council),England outside London,Traffic Penalty Tribunal,not published,not published,not published,not published,not published,not published,Traffic Penalty Tribunal annual report - no per-authority figures published,https://www.catoappeals.com/councils/babergh-district-council-with-west-suffolk-council
Barnsley Metropolitan Borough Council,England outside London,Traffic Penalty Tribunal,not published,not published,not published,not published,not published,not published,Traffic Penalty Tribunal annual report - no per-authority figures published,https://www.catoappeals.com/councils/barnsley-metropolitan-borough-council
Basildon Borough Council,England outside London,Traffic Penalty Tribunal,not published,not published,not published,not published,not published,not published,Traffic Penalty Tribunal annual report - no per-authority figures published,https://www.catoappeals.com/councils/basildon-borough-council
Basingstoke and Deane Borough Council,England outside London,Traffic Penalty Tribunal,not published,not published,not published,not published,not published,not published,Traffic Penalty Tribunal annual report - no per-authority figures published,https://www.catoappeals.com/councils/basingstoke-and-deane-borough-council
Bassetlaw District Council,England outside London,Traffic Penalty Tribunal,not published,not published,not published,not published,not published,not published,Traffic Penalty Tribunal annual report - no per-authority figures published,https://www.catoappeals.com/councils/bassetlaw-district-council
Bath and North East Somerset Council,England outside London,Traffic Penalty Tribunal,not published,not published,not published,not published,not published,not published,Traffic Penalty Tribunal annual report - no per-authority figures published,https://www.catoappeals.com/councils/bath-and-north-east-somerset-council
Bedford Borough Council,England outside London,Traffic Penalty Tribunal,not published,not published,not published,not published,not published,not published,Traffic Penalty Tribunal annual report - no per-authority figures published,https://www.catoappeals.com/councils/bedford-borough-council
Birmingham City Council,England outside London,Traffic Penalty Tribunal,not published,not published,not published,not published,not published,not published,Traffic Penalty Tribunal annual report - no per-authority figures published,https://www.catoappeals.com/councils/birmingham-city-council
Blaby District Council,England outside London,Traffic Penalty Tribunal,not published,not published,not published,not published,not published,not published,Traffic Penalty Tribunal annual report - no per-authority figures published,https://www.catoappeals.com/councils/blaby-district-council
Blackburn with Darwen Borough Council,England outside London,Traffic Penalty Tribunal,not published,not published,not published,not published,not published,not published,Traffic Penalty Tribunal annual report - no per-authority figures published,https://www.catoappeals.com/councils/blackburn-with-darwen-borough-council
Blackpool Council,England outside London,Traffic Penalty Tribunal,not published,not published,not published,not published,not published,not published,Traffic Penalty Tribunal annual report - no per-authority figures published,https://www.catoappeals.com/councils/blackpool-council
Blaenau Gwent County Borough Council,Wales,Traffic Penalty Tribunal,not published,not published,not published,not published,not published,not published,Traffic Penalty Tribunal annual report - no per-authority figures published,https://www.catoappeals.com/councils/blaenau-gwent-county-borough-council
Bolsover District Council,England outside London,Traffic Penalty Tribunal,not published,not published,not published,not published,not published,not published,Traffic Penalty Tribunal annual report - no per-authority figures published,https://www.catoappeals.com/councils/bolsover-district-council
Bolton Council,England outside London,Traffic Penalty Tribunal,not published,not published,not published,not published,not published,not published,Traffic Penalty Tribunal annual report - no per-authority figures published,https://www.catoappeals.com/councils/bolton-council
Borough of Telford and Wrekin Council,England outside London,Traffic Penalty Tribunal,not published,not published,not published,not published,not published,not published,Traffic Penalty Tribunal annual report - no per-authority figures published,https://www.catoappeals.com/councils/borough-of-telford-and-wrekin-council
Boston Borough Council,England outside London,Traffic Penalty Tribunal,not published,not published,not published,not published,not published,not published,Traffic Penalty Tribunal annual report - no per-authority figures published,https://www.catoappeals.com/councils/boston-borough-council
"Bournemouth, Christchurch and Poole (BCP)",England outside London,Traffic Penalty Tribunal,not published,not published,not published,not published,not published,not published,Traffic Penalty Tribunal annual report - no per-authority figures published,https://www.catoappeals.com/councils/bournemouth-christchurch-and-poole-bcp
Bracknell Forest Borough Council,England outside London,Traffic Penalty Tribunal,not published,not published,not published,not published,not published,not published,Traffic Penalty Tribunal annual report - no per-authority figures published,https://www.catoappeals.com/councils/bracknell-forest-borough-council
Braintree District Council,England outside London,Traffic Penalty Tribunal,not published,not published,not published,not published,not published,not published,Traffic Penalty Tribunal annual report - no per-authority figures published,https://www.catoappeals.com/councils/braintree-district-council
Breckland Council,England outside London,Traffic Penalty Tribunal,not published,not published,not published,not published,not published,not published,Traffic Penalty Tribunal annual report - no per-authority figures published,https://www.catoappeals.com/councils/breckland-council
Brentwood Borough Council,England outside London,Traffic Penalty Tribunal,not published,not published,not published,not published,not published,not published,Traffic Penalty Tribunal annual report - no per-authority figures published,https://www.catoappeals.com/councils/brentwood-borough-council
Bridgend County Borough Council,Wales,Traffic Penalty Tribunal,not published,not published,not published,not published,not published,not published,Traffic Penalty Tribunal annual report - no per-authority figures published,https://www.catoappeals.com/councils/bridgend-county-borough-council
Brighton and Hove City Council,England outside London,Traffic Penalty Tribunal,not published,not published,not published,not published,not published,not published,Traffic Penalty Tribunal annual report - no per-authority figures published,https://www.catoappeals.com/councils/brighton-and-hove-city-council
Bristol City Council,England outside London,Traffic Penalty Tribunal,not published,not published,not published,not published,not published,not published,Traffic Penalty Tribunal annual report - no per-authority figures published,https://www.catoappeals.com/councils/bristol-city-council
Bromsgrove District Council,England outside London,Traffic Penalty Tribunal,not published,not published,not published,not published,not published,not published,Traffic Penalty Tribunal annual report - no per-authority figures published,https://www.catoappeals.com/councils/bromsgrove-district-council
Broxbourne Borough Council,England outside London,Traffic Penalty Tribunal,not published,not published,not published,not published,not published,not published,Traffic Penalty Tribunal annual report - no per-authority figures published,https://www.catoappeals.com/councils/broxbourne-borough-council
Broxtowe Borough Council,England outside London,Traffic Penalty Tribunal,not published,not published,not published,not published,not published,not published,Traffic Penalty Tribunal annual report - no per-authority figures published,https://www.catoappeals.com/councils/broxtowe-borough-council
Buckinghamshire Council,England outside London,Traffic Penalty Tribunal,not published,not published,not published,not published,not published,not published,Traffic Penalty Tribunal annual report - no per-authority figures published,https://www.catoappeals.com/councils/buckinghamshire-council
Burnley Borough Council,England outside London,Traffic Penalty Tribunal,not published,not published,not published,not published,not published,not published,Traffic Penalty Tribunal annual report - no per-authority figures published,https://www.catoappeals.com/councils/burnley-borough-council
Bury Metropolitan Borough Council,England outside London,Traffic Penalty Tribunal,not published,not published,not published,not published,not published,not published,Traffic Penalty Tribunal annual report - no per-authority figures published,https://www.catoappeals.com/councils/bury-metropolitan-borough-council
Caerphilly County Borough Council,Wales,Traffic Penalty Tribunal,not published,not published,not published,not published,not published,not published,Traffic Penalty Tribunal annual report - no per-authority figures published,https://www.catoappeals.com/councils/caerphilly-county-borough-council
Calderdale Borough Council,England outside London,Traffic Penalty Tribunal,not published,not published,not published,not published,not published,not published,Traffic Penalty Tribunal annual report - no per-authority figures published,https://www.catoappeals.com/councils/calderdale-borough-council
Cambridge City Council,England outside London,Traffic Penalty Tribunal,not published,not published,not published,not published,not published,not published,Traffic Penalty Tribunal annual report - no per-authority figures published,https://www.catoappeals.com/councils/cambridge-city-council
Cambridgeshire County Council,England outside London,Traffic Penalty Tribunal,not published,not published,not published,not published,not published,not published,Traffic Penalty Tribunal annual report - no per-authority figures published,https://www.catoappeals.com/councils/cambridgeshire-county-council
Cannock Chase District Council,England outside London,Traffic Penalty Tribunal,not published,not published,not published,not published,not published,not published,Traffic Penalty Tribunal annual report - no per-authority figures published,https://www.catoappeals.com/councils/cannock-chase-district-council
Canterbury City Council,England outside London,Traffic Penalty Tribunal,not published,not published,not published,not published,not published,not published,Traffic Penalty Tribunal annual report - no per-authority figures published,https://www.catoappeals.com/councils/canterbury-city-council
Cardiff Council,Wales,Traffic Penalty Tribunal,not published,not published,not published,not published,not published,not published,Traffic Penalty Tribunal annual report - no per-authority figures published,https://www.catoappeals.com/councils/cardiff-council
Carmarthenshire County Council,Wales,Traffic Penalty Tribunal,not published,not published,not published,not published,not published,not published,Traffic Penalty Tribunal annual report - no per-authority figures published,https://www.catoappeals.com/councils/carmarthenshire-county-council
Castle Point Borough Council,England outside London,Traffic Penalty Tribunal,not published,not published,not published,not published,not published,not published,Traffic Penalty Tribunal annual report - no per-authority figures published,https://www.catoappeals.com/councils/castle-point-borough-council
Central Bedfordshire Council,England outside London,Traffic Penalty Tribunal,not published,not published,not published,not published,not published,not published,Traffic Penalty Tribunal annual report - no per-authority figures published,https://www.catoappeals.com/councils/central-bedfordshire-council
Ceredigion County Council,Wales,Traffic Penalty Tribunal,not published,not published,not published,not published,not published,not published,Traffic Penalty Tribunal annual report - no per-authority figures published,https://www.catoappeals.com/councils/ceredigion-county-council
Charnwood Borough Council,England outside London,Traffic Penalty Tribunal,not published,not published,not published,not published,not published,not published,Traffic Penalty Tribunal annual report - no per-authority figures published,https://www.catoappeals.com/councils/charnwood-borough-council
Chelmsford City Council,England outside London,Traffic Penalty Tribunal,not published,not published,not published,not published,not published,not published,Traffic Penalty Tribunal annual report - no per-authority figures published,https://www.catoappeals.com/councils/chelmsford-city-council
Cheltenham Borough Council (Off Street),England outside London,Traffic Penalty Tribunal,not published,not published,not published,not published,not published,not published,Traffic Penalty Tribunal annual report - no per-authority figures published,https://www.catoappeals.com/councils/cheltenham-borough-council-off-street
Cheltenham Borough Council (On Street),England outside London,Traffic Penalty Tribunal,not published,not published,not published,not published,not published,not published,Traffic Penalty Tribunal annual report - no per-authority figures published,https://www.catoappeals.com/councils/cheltenham-borough-council-on-street
Cheshire East Council,England outside London,Traffic Penalty Tribunal,not published,not published,not published,not published,not published,not published,Traffic Penalty Tribunal annual report - no per-authority figures published,https://www.catoappeals.com/councils/cheshire-east-council
Cheshire West and Chester Council,England outside London,Traffic Penalty Tribunal,not published,not published,not published,not published,not published,not published,Traffic Penalty Tribunal annual report - no per-authority figures published,https://www.catoappeals.com/councils/cheshire-west-and-chester-council
Chesterfield Borough Council,England outside London,Traffic Penalty Tribunal,not published,not published,not published,not published,not published,not published,Traffic Penalty Tribunal annual report - no per-authority figures published,https://www.catoappeals.com/councils/chesterfield-borough-council
Chichester District Council,England outside London,Traffic Penalty Tribunal,not published,not published,not published,not published,not published,not published,Traffic Penalty Tribunal annual report - no per-authority figures published,https://www.catoappeals.com/councils/chichester-district-council
Chorley Borough Council,England outside London,Traffic Penalty Tribunal,not published,not published,not published,not published,not published,not published,Traffic Penalty Tribunal annual report - no per-authority figures published,https://www.catoappeals.com/councils/chorley-borough-council
City of Bradford Metropolitan District Council,England outside London,Traffic Penalty Tribunal,not published,not published,not published,not published,not published,not published,Traffic Penalty Tribunal annual report - no per-authority figures published,https://www.catoappeals.com/councils/city-of-bradford-metropolitan-district-council
City of Doncaster Council,England outside London,Traffic Penalty Tribunal,not published,not published,not published,not published,not published,not published,Traffic Penalty Tribunal annual report - no per-authority figures published,https://www.catoappeals.com/councils/city-of-doncaster-council
City of Lincoln Council,England outside London,Traffic Penalty Tribunal,not published,not published,not published,not published,not published,not published,Traffic Penalty Tribunal annual report - no per-authority figures published,https://www.catoappeals.com/councils/city-of-lincoln-council
City of York Council,England outside London,Traffic Penalty Tribunal,not published,not published,not published,not published,not published,not published,Traffic Penalty Tribunal annual report - no per-authority figures published,https://www.catoappeals.com/councils/city-of-york-council
Colchester City Council,England outside London,Traffic Penalty Tribunal,not published,not published,not published,not published,not published,not published,Traffic Penalty Tribunal annual report - no per-authority figures published,https://www.catoappeals.com/councils/colchester-city-council
Conwy County Borough Council,Wales,Traffic Penalty Tribunal,not published,not published,not published,not published,not published,not published,Traffic Penalty Tribunal annual report - no per-authority figures published,https://www.catoappeals.com/councils/conwy-county-borough-council
Cornwall Council,England outside London,Traffic Penalty Tribunal,not published,not published,not published,not published,not published,not published,Traffic Penalty Tribunal annual report - no per-authority figures published,https://www.catoappeals.com/councils/cornwall-council
Cotswold District Council,England outside London,Traffic Penalty Tribunal,not published,not published,not published,not published,not published,not published,Traffic Penalty Tribunal annual report - no per-authority figures published,https://www.catoappeals.com/councils/cotswold-district-council
Coventry City Council,England outside London,Traffic Penalty Tribunal,not published,not published,not published,not published,not published,not published,Traffic Penalty Tribunal annual report - no per-authority figures published,https://www.catoappeals.com/councils/coventry-city-council
Crawley Borough Council,England outside London,Traffic Penalty Tribunal,not published,not published,not published,not published,not published,not published,Traffic Penalty Tribunal annual report - no per-authority figures published,https://www.catoappeals.com/councils/crawley-borough-council
Cumberland Council,England outside London,Traffic Penalty Tribunal,not published,not published,not published,not published,not published,not published,Traffic Penalty Tribunal annual report - no per-authority figures published,https://www.catoappeals.com/councils/cumberland-council
Dacorum Borough Council,England outside London,Traffic Penalty Tribunal,not published,not published,not published,not published,not published,not published,Traffic Penalty Tribunal annual report - no per-authority figures published,https://www.catoappeals.com/councils/dacorum-borough-council
Darlington Borough Council,England outside London,Traffic Penalty Tribunal,not published,not published,not published,not published,not published,not published,Traffic Penalty Tribunal annual report - no per-authority figures published,https://www.catoappeals.com/councils/darlington-borough-council
Dartford Borough Council,England outside London,Traffic Penalty Tribunal,not published,not published,not published,not published,not published,not published,Traffic Penalty Tribunal annual report - no per-authority figures published,https://www.catoappeals.com/councils/dartford-borough-council
Denbighshire County Council,Wales,Traffic Penalty Tribunal,not published,not published,not published,not published,not published,not published,Traffic Penalty Tribunal annual report - no per-authority figures published,https://www.catoappeals.com/councils/denbighshire-county-council
Derby City Council,England outside London,Traffic Penalty Tribunal,not published,not published,not published,not published,not published,not published,Traffic Penalty Tribunal annual report - no per-authority figures published,https://www.catoappeals.com/councils/derby-city-council
Derbyshire County Council,England outside London,Traffic Penalty Tribunal,not published,not published,not published,not published,not published,not published,Traffic Penalty Tribunal annual report - no per-authority figures published,https://www.catoappeals.com/councils/derbyshire-county-council
Derbyshire Dales District Council,England outside London,Traffic Penalty Tribunal,not published,not published,not published,not published,not published,not published,Traffic Penalty Tribunal annual report - no per-authority figures published,https://www.catoappeals.com/councils/derbyshire-dales-district-council
Devon County Council,England outside London,Traffic Penalty Tribunal,not published,not published,not published,not published,not published,not published,Traffic Penalty Tribunal annual report - no per-authority figures published,https://www.catoappeals.com/councils/devon-county-council
Dorset Council,England outside London,Traffic Penalty Tribunal,not published,not published,not published,not published,not published,not published,Traffic Penalty Tribunal annual report - no per-authority figures published,https://www.catoappeals.com/councils/dorset-council
Dover District Council,England outside London,Traffic Penalty Tribunal,not published,not published,not published,not published,not published,not published,Traffic Penalty Tribunal annual report - no per-authority figures published,https://www.catoappeals.com/councils/dover-district-council
Dudley Metropolitan Borough Council,England outside London,Traffic Penalty Tribunal,not published,not published,not published,not published,not published,not published,Traffic Penalty Tribunal annual report - no per-authority figures published,https://www.catoappeals.com/councils/dudley-metropolitan-borough-council
Durham County Council,England outside London,Traffic Penalty Tribunal,not published,not published,not published,not published,not published,not published,Traffic Penalty Tribunal annual report - no per-authority figures published,https://www.catoappeals.com/councils/durham-county-council
East Devon District Council,England outside London,Traffic Penalty Tribunal,not published,not published,not published,not published,not published,not published,Traffic Penalty Tribunal annual report - no per-authority figures published,https://www.catoappeals.com/councils/east-devon-district-council
East Hampshire District Council,England outside London,Traffic Penalty Tribunal,not published,not published,not published,not published,not published,not published,Traffic Penalty Tribunal annual report - no per-authority figures published,https://www.catoappeals.com/councils/east-hampshire-district-council
East Hertfordshire District Council,England outside London,Traffic Penalty Tribunal,not published,not published,not published,not published,not published,not published,Traffic Penalty Tribunal annual report - no per-authority figures published,https://www.catoappeals.com/councils/east-hertfordshire-district-council
East Lindsey District Council,England outside London,Traffic Penalty Tribunal,not published,not published,not published,not published,not published,not published,Traffic Penalty Tribunal annual report - no per-authority figures published,https://www.catoappeals.com/councils/east-lindsey-district-council
East Riding of Yorkshire Council,England outside London,Traffic Penalty Tribunal,not published,not published,not published,not published,not published,not published,Traffic Penalty Tribunal annual report - no per-authority figures published,https://www.catoappeals.com/councils/east-riding-of-yorkshire-council
East Staffordshire Borough Council,England outside London,Traffic Penalty Tribunal,not published,not published,not published,not published,not published,not published,Traffic Penalty Tribunal annual report - no per-authority figures published,https://www.catoappeals.com/councils/east-staffordshire-borough-council
East Suffolk Council,England outside London,Traffic Penalty Tribunal,not published,not published,not published,not published,not published,not published,Traffic Penalty Tribunal annual report - no per-authority figures published,https://www.catoappeals.com/councils/east-suffolk-council
East Sussex County Council (Eastbourne),England outside London,Traffic Penalty Tribunal,not published,not published,not published,not published,not published,not published,Traffic Penalty Tribunal annual report - no per-authority figures published,https://www.catoappeals.com/councils/east-sussex-county-council-eastbourne
East Sussex County Council (Hastings),England outside London,Traffic Penalty Tribunal,not published,not published,not published,not published,not published,not published,Traffic Penalty Tribunal annual report - no per-authority figures published,https://www.catoappeals.com/councils/east-sussex-county-council-hastings
East Sussex County Council (Lewes),England outside London,Traffic Penalty Tribunal,not published,not published,not published,not published,not published,not published,Traffic Penalty Tribunal annual report - no per-authority figures published,https://www.catoappeals.com/councils/east-sussex-county-council-lewes
East Sussex County Council (Rother),England outside London,Traffic Penalty Tribunal,not published,not published,not published,not published,not published,not published,Traffic Penalty Tribunal annual report - no per-authority figures published,https://www.catoappeals.com/councils/east-sussex-county-council-rother
Eastleigh Borough Council,England outside London,Traffic Penalty Tribunal,not published,not published,not published,not published,not published,not published,Traffic Penalty Tribunal annual report - no per-authority figures published,https://www.catoappeals.com/councils/eastleigh-borough-council
Elmbridge Borough Council,England outside London,Traffic Penalty Tribunal,not published,not published,not published,not published,not published,not published,Traffic Penalty Tribunal annual report - no per-authority figures published,https://www.catoappeals.com/councils/elmbridge-borough-council
Epping Forest District Council,England outside London,Traffic Penalty Tribunal,not published,not published,not published,not published,not published,not published,Traffic Penalty Tribunal annual report - no per-authority figures published,https://www.catoappeals.com/councils/epping-forest-district-council
Epsom and Ewell Borough Council,England outside London,Traffic Penalty Tribunal,not published,not published,not published,not published,not published,not published,Traffic Penalty Tribunal annual report - no per-authority figures published,https://www.catoappeals.com/councils/epsom-and-ewell-borough-council
Erewash Borough Council,England outside London,Traffic Penalty Tribunal,not published,not published,not published,not published,not published,not published,Traffic Penalty Tribunal annual report - no per-authority figures published,https://www.catoappeals.com/councils/erewash-borough-council
Essex County Council,England outside London,Traffic Penalty Tribunal,not published,not published,not published,not published,not published,not published,Traffic Penalty Tribunal annual report - no per-authority figures published,https://www.catoappeals.com/councils/essex-county-council
Exeter City Council,England outside London,Traffic Penalty Tribunal,not published,not published,not published,not published,not published,not published,Traffic Penalty Tribunal annual report - no per-authority figures published,https://www.catoappeals.com/councils/exeter-city-council
Fareham Borough Council,England outside London,Traffic Penalty Tribunal,not published,not published,not published,not published,not published,not published,Traffic Penalty Tribunal annual report - no per-authority figures published,https://www.catoappeals.com/councils/fareham-borough-council
Flintshire County Council,Wales,Traffic Penalty Tribunal,not published,not published,not published,not published,not published,not published,Traffic Penalty Tribunal annual report - no per-authority figures published,https://www.catoappeals.com/councils/flintshire-county-council
Folkestone and Hythe District Council,England outside London,Traffic Penalty Tribunal,not published,not published,not published,not published,not published,not published,Traffic Penalty Tribunal annual report - no per-authority figures published,https://www.catoappeals.com/councils/folkestone-and-hythe-district-council
Forest of Dean District Council,England outside London,Traffic Penalty Tribunal,not published,not published,not published,not published,not published,not published,Traffic Penalty Tribunal annual report - no per-authority figures published,https://www.catoappeals.com/councils/forest-of-dean-district-council
Fylde Borough Council,England outside London,Traffic Penalty Tribunal,not published,not published,not published,not published,not published,not published,Traffic Penalty Tribunal annual report - no per-authority figures published,https://www.catoappeals.com/councils/fylde-borough-council
Gateshead Council,England outside London,Traffic Penalty Tribunal,not published,not published,not published,not published,not published,not published,Traffic Penalty Tribunal annual report - no per-authority figures published,https://www.catoappeals.com/councils/gateshead-council
Gedling Borough Council,England outside London,Traffic Penalty Tribunal,not published,not published,not published,not published,not published,not published,Traffic Penalty Tribunal annual report - no per-authority figures published,https://www.catoappeals.com/councils/gedling-borough-council
Gloucester City Council,England outside London,Traffic Penalty Tribunal,not published,not published,not published,not published,not published,not published,Traffic Penalty Tribunal annual report - no per-authority figures published,https://www.catoappeals.com/councils/gloucester-city-council
Gloucestershire County Council,England outside London,Traffic Penalty Tribunal,not published,not published,not published,not published,not published,not published,Traffic Penalty Tribunal annual report - no per-authority figures published,https://www.catoappeals.com/councils/gloucestershire-county-council
Gosport Borough Council,England outside London,Traffic Penalty Tribunal,not published,not published,not published,not published,not published,not published,Traffic Penalty Tribunal annual report - no per-authority figures published,https://www.catoappeals.com/councils/gosport-borough-council
Gravesham Borough Council,England outside London,Traffic Penalty Tribunal,not published,not published,not published,not published,not published,not published,Traffic Penalty Tribunal annual report - no per-authority figures published,https://www.catoappeals.com/councils/gravesham-borough-council
Great Yarmouth Borough Council,England outside London,Traffic Penalty Tribunal,not published,not published,not published,not published,not published,not published,Traffic Penalty Tribunal annual report - no per-authority figures published,https://www.catoappeals.com/councils/great-yarmouth-borough-council
Guildford Borough Council,England outside London,Traffic Penalty Tribunal,not published,not published,not published,not published,not published,not published,Traffic Penalty Tribunal annual report - no per-authority figures published,https://www.catoappeals.com/councils/guildford-borough-council
Gwynedd Council,Wales,Traffic Penalty Tribunal,not published,not published,not published,not published,not published,not published,Traffic Penalty Tribunal annual report - no per-authority figures published,https://www.catoappeals.com/councils/gwynedd-council
Halton Borough Council,England outside London,Traffic Penalty Tribunal,not published,not published,not published,not published,not published,not published,Traffic Penalty Tribunal annual report - no per-authority figures published,https://www.catoappeals.com/councils/halton-borough-council
Hampshire County Council,England outside London,Traffic Penalty Tribunal,not published,not published,not published,not published,not published,not published,Traffic Penalty Tribunal annual report - no per-authority figures published,https://www.catoappeals.com/councils/hampshire-county-council
Hampshire County Council (with Basingstoke Borough Council),England outside London,Traffic Penalty Tribunal,not published,not published,not published,not published,not published,not published,Traffic Penalty Tribunal annual report - no per-authority figures published,https://www.catoappeals.com/councils/hampshire-county-council-with-basingstoke-borough-council
Hampshire County Council (with Hart District Council),England outside London,Traffic Penalty Tribunal,not published,not published,not published,not published,not published,not published,Traffic Penalty Tribunal annual report - no per-authority figures published,https://www.catoappeals.com/councils/hampshire-county-council-with-hart-district-council
Hampshire County Council (with Havant Borough Council),England outside London,Traffic Penalty Tribunal,not published,not published,not published,not published,not published,not published,Traffic Penalty Tribunal annual report - no per-authority figures published,https://www.catoappeals.com/councils/hampshire-county-council-with-havant-borough-council
Hampshire County Council (with Rushmoor Borough Council),England outside London,Traffic Penalty Tribunal,not published,not published,not published,not published,not published,not published,Traffic Penalty Tribunal annual report - no per-authority figures published,https://www.catoappeals.com/councils/hampshire-county-council-with-rushmoor-borough-council
Hampshire County Council (with Winchester County Council),England outside London,Traffic Penalty Tribunal,not published,not published,not published,not published,not published,not published,Traffic Penalty Tribunal annual report - no per-authority figures published,https://www.catoappeals.com/councils/hampshire-county-council-with-winchester-county-council
Harborough District Council,England outside London,Traffic Penalty Tribunal,not published,not published,not published,not published,not published,not published,Traffic Penalty Tribunal annual report - no per-authority figures published,https://www.catoappeals.com/councils/harborough-district-council
Harlow District Council,England outside London,Traffic Penalty Tribunal,not published,not published,not published,not published,not published,not published,Traffic Penalty Tribunal annual report - no per-authority figures published,https://www.catoappeals.com/councils/harlow-district-council
Hart District Council,England outside London,Traffic Penalty Tribunal,not published,not published,not published,not published,not published,not published,Traffic Penalty Tribunal annual report - no per-authority figures published,https://www.catoappeals.com/councils/hart-district-council
Hartlepool Borough Council,England outside London,Traffic Penalty Tribunal,not published,not published,not published,not published,not published,not published,Traffic Penalty Tribunal annual report - no per-authority figures published,https://www.catoappeals.com/councils/hartlepool-borough-council
Hastings Borough Council,England outside London,Traffic Penalty Tribunal,not published,not published,not published,not published,not published,not published,Traffic Penalty Tribunal annual report - no per-authority figures published,https://www.catoappeals.com/councils/hastings-borough-council
Havant Borough Council,England outside London,Traffic Penalty Tribunal,not published,not published,not published,not published,not published,not published,Traffic Penalty Tribunal annual report - no per-authority figures published,https://www.catoappeals.com/councils/havant-borough-council
Herefordshire Council,England outside London,Traffic Penalty Tribunal,not published,not published,not published,not published,not published,not published,Traffic Penalty Tribunal annual report - no per-authority figures published,https://www.catoappeals.com/councils/herefordshire-council
Hertfordshire County Council,England outside London,Traffic Penalty Tribunal,not published,not published,not published,not published,not published,not published,Traffic Penalty Tribunal annual report - no per-authority figures published,https://www.catoappeals.com/councils/hertfordshire-county-council
Hertsmere Borough Council,England outside London,Traffic Penalty Tribunal,not published,not published,not published,not published,not published,not published,Traffic Penalty Tribunal annual report - no per-authority figures published,https://www.catoappeals.com/councils/hertsmere-borough-council
High Peak Borough Council,England outside London,Traffic Penalty Tribunal,not published,not published,not published,not published,not published,not published,Traffic Penalty Tribunal annual report - no per-authority figures published,https://www.catoappeals.com/councils/high-peak-borough-council
Hinckley and Bosworth Borough Council,England outside London,Traffic Penalty Tribunal,not published,not published,not published,not published,not published,not published,Traffic Penalty Tribunal annual report - no per-authority figures published,https://www.catoappeals.com/councils/hinckley-and-bosworth-borough-council
Horsham District Council,England outside London,Traffic Penalty Tribunal,not published,not published,not published,not published,not published,not published,Traffic Penalty Tribunal annual report - no per-authority figures published,https://www.catoappeals.com/councils/horsham-district-council
Huntingdonshire District Council,England outside London,Traffic Penalty Tribunal,not published,not published,not published,not published,not published,not published,Traffic Penalty Tribunal annual report - no per-authority figures published,https://www.catoappeals.com/councils/huntingdonshire-district-council
Hyndburn Borough Council,England outside London,Traffic Penalty Tribunal,not published,not published,not published,not published,not published,not published,Traffic Penalty Tribunal annual report - no per-authority figures published,https://www.catoappeals.com/councils/hyndburn-borough-council
Ipswich Borough Council,England outside London,Traffic Penalty Tribunal,not published,not published,not published,not published,not published,not published,Traffic Penalty Tribunal annual report - no per-authority figures published,https://www.catoappeals.com/councils/ipswich-borough-council
Isle of Anglesey County Council,Wales,Traffic Penalty Tribunal,not published,not published,not published,not published,not published,not published,Traffic Penalty Tribunal annual report - no per-authority figures published,https://www.catoappeals.com/councils/isle-of-anglesey-county-council
Isle of Wight Council,England outside London,Traffic Penalty Tribunal,not published,not published,not published,not published,not published,not published,Traffic Penalty Tribunal annual report - no per-authority figures published,https://www.catoappeals.com/councils/isle-of-wight-council
Kent County Council,England outside London,Traffic Penalty Tribunal,not published,not published,not published,not published,not published,not published,Traffic Penalty Tribunal annual report - no per-authority figures published,https://www.catoappeals.com/councils/kent-county-council
Kent County Council (with Dartford Borough Council),England outside London,Traffic Penalty Tribunal,not published,not published,not published,not published,not published,not published,Traffic Penalty Tribunal annual report - no per-authority figures published,https://www.catoappeals.com/councils/kent-county-council-with-dartford-borough-council
Kent County Council (with Dover District Council),England outside London,Traffic Penalty Tribunal,not published,not published,not published,not published,not published,not published,Traffic Penalty Tribunal annual report - no per-authority figures published,https://www.catoappeals.com/councils/kent-county-council-with-dover-district-council
Kent County Council (with Sevenoaks District Council),England outside London,Traffic Penalty Tribunal,not published,not published,not published,not published,not published,not published,Traffic Penalty Tribunal annual report - no per-authority figures published,https://www.catoappeals.com/councils/kent-county-council-with-sevenoaks-district-council
Kent County Council (with Swale Borough Council),England outside London,Traffic Penalty Tribunal,not published,not published,not published,not published,not published,not published,Traffic Penalty Tribunal annual report - no per-authority figures published,https://www.catoappeals.com/councils/kent-county-council-with-swale-borough-council
Kent County Council (with Thanet District Council),England outside London,Traffic Penalty Tribunal,not published,not published,not published,not published,not published,not published,Traffic Penalty Tribunal annual report - no per-authority figures published,https://www.catoappeals.com/councils/kent-county-council-with-thanet-district-council
Kent County Council (with Tonbridge and Malling Borough Council),England outside London,Traffic Penalty Tribunal,not published,not published,not published,not published,not published,not published,Traffic Penalty Tribunal annual report - no per-authority figures published,https://www.catoappeals.com/councils/kent-county-council-with-tonbridge-and-malling-borough-council
Kent County Council (with Tunbridge Wells Borough Council),England outside London,Traffic Penalty Tribunal,not published,not published,not published,not published,not published,not published,Traffic Penalty Tribunal annual report - no per-authority figures published,https://www.catoappeals.com/councils/kent-county-council-with-tunbridge-wells-borough-council
Kingston upon Hull City Council,England outside London,Traffic Penalty Tribunal,not published,not published,not published,not published,not published,not published,Traffic Penalty Tribunal annual report - no per-authority figures published,https://www.catoappeals.com/councils/kingston-upon-hull-city-council
Kirklees Metropolitan Council,England outside London,Traffic Penalty Tribunal,not published,not published,not published,not published,not published,not published,Traffic Penalty Tribunal annual report - no per-authority figures published,https://www.catoappeals.com/councils/kirklees-metropolitan-council
Knowsley Metropolitan Borough Council,England outside London,Traffic Penalty Tribunal,not published,not published,not published,not published,not published,not published,Traffic Penalty Tribunal annual report - no per-authority figures published,https://www.catoappeals.com/councils/knowsley-metropolitan-borough-council
Lancashire County Council,England outside London,Traffic Penalty Tribunal,not published,not published,not published,not published,not published,not published,Traffic Penalty Tribunal annual report - no per-authority figures published,https://www.catoappeals.com/councils/lancashire-county-council
Lancaster City Council,England outside London,Traffic Penalty Tribunal,not published,not published,not published,not published,not published,not published,Traffic Penalty Tribunal annual report - no per-authority figures published,https://www.catoappeals.com/councils/lancaster-city-council
Leeds City Council,England outside London,Traffic Penalty Tribunal,not published,not published,not published,not published,not published,not published,Traffic Penalty Tribunal annual report - no per-authority figures published,https://www.catoappeals.com/councils/leeds-city-council
Leicester City Council,England outside London,Traffic Penalty Tribunal,not published,not published,not published,not published,not published,not published,Traffic Penalty Tribunal annual report - no per-authority figures published,https://www.catoappeals.com/councils/leicester-city-council
Leicester City Council (Bus Lanes - LG),England outside London,Traffic Penalty Tribunal,not published,not published,not published,not published,not published,not published,Traffic Penalty Tribunal annual report - no per-authority figures published,https://www.catoappeals.com/councils/leicester-city-council-bus-lanes-lg
Leicestershire County Council (with Blaby District Council),England outside London,Traffic Penalty Tribunal,not published,not published,not published,not published,not published,not published,Traffic Penalty Tribunal annual report - no per-authority figures published,https://www.catoappeals.com/councils/leicestershire-county-council-with-blaby-district-council
Leicestershire County Council (with Harborough District Council),England outside London,Traffic Penalty Tribunal,not published,not published,not published,not published,not published,not published,Traffic Penalty Tribunal annual report - no per-authority figures published,https://www.catoappeals.com/councils/leicestershire-county-council-with-harborough-district-council
Leicestershire County Council (with Hinckley and Bosworth District Council),England outside London,Traffic Penalty Tribunal,not published,not published,not published,not published,not published,not published,Traffic Penalty Tribunal annual report - no per-authority figures published,https://www.catoappeals.com/councils/leicestershire-county-council-with-hinckley-and-bosworth-district-council
Leicestershire County Council (with North West Leicestershire District Council),England outside London,Traffic Penalty Tribunal,not published,not published,not published,not published,not published,not published,Traffic Penalty Tribunal annual report - no per-authority figures published,https://www.catoappeals.com/councils/leicestershire-county-council-with-north-west-leicestershire-district-council
Leicestershire County Council (with Oadby and Wigston Borough Council),England outside London,Traffic Penalty Tribunal,not published,not published,not published,not published,not published,not published,Traffic Penalty Tribunal annual report - no per-authority figures published,https://www.catoappeals.com/councils/leicestershire-county-council-with-oadby-and-wigston-borough-council
Lichfield District Council,England outside London,Traffic Penalty Tribunal,not published,not published,not published,not published,not published,not published,Traffic Penalty Tribunal annual report - no per-authority figures published,https://www.catoappeals.com/councils/lichfield-district-council
Lincolnshire County Council,England outside London,Traffic Penalty Tribunal,not published,not published,not published,not published,not published,not published,Traffic Penalty Tribunal annual report - no per-authority figures published,https://www.catoappeals.com/councils/lincolnshire-county-council
Liverpool City Council,England outside London,Traffic Penalty Tribunal,not published,not published,not published,not published,not published,not published,Traffic Penalty Tribunal annual report - no per-authority figures published,https://www.catoappeals.com/councils/liverpool-city-council
Luton Borough Council,England outside London,Traffic Penalty Tribunal,not published,not published,not published,not published,not published,not published,Traffic Penalty Tribunal annual report - no per-authority figures published,https://www.catoappeals.com/councils/luton-borough-council
Maidstone Borough Council,England outside London,Traffic Penalty Tribunal,not published,not published,not published,not published,not published,not published,Traffic Penalty Tribunal annual report - no per-authority figures published,https://www.catoappeals.com/councils/maidstone-borough-council
Maldon District Council,England outside London,Traffic Penalty Tribunal,not published,not published,not published,not published,not published,not published,Traffic Penalty Tribunal annual report - no per-authority figures published,https://www.catoappeals.com/councils/maldon-district-council
Malvern Hills District Council,England outside London,Traffic Penalty Tribunal,not published,not published,not published,not published,not published,not published,Traffic Penalty Tribunal annual report - no per-authority figures published,https://www.catoappeals.com/councils/malvern-hills-district-council
Manchester City Council,England outside London,Traffic Penalty Tribunal,not published,not published,not published,not published,not published,not published,Traffic Penalty Tribunal annual report - no per-authority figures published,https://www.catoappeals.com/councils/manchester-city-council
Mansfield District Council,England outside London,Traffic Penalty Tribunal,not published,not published,not published,not published,not published,not published,Traffic Penalty Tribunal annual report - no per-authority figures published,https://www.catoappeals.com/councils/mansfield-district-council
Medway Council,England outside London,Traffic Penalty Tribunal,not published,not published,not published,not published,not published,not published,Traffic Penalty Tribunal annual report - no per-authority figures published,https://www.catoappeals.com/councils/medway-council
Melton Borough Council,England outside London,Traffic Penalty Tribunal,not published,not published,not published,not published,not published,not published,Traffic Penalty Tribunal annual report - no per-authority figures published,https://www.catoappeals.com/councils/melton-borough-council
Merthyr Tydfil County Borough Council,Wales,Traffic Penalty Tribunal,not published,not published,not published,not published,not published,not published,Traffic Penalty Tribunal annual report - no per-authority figures published,https://www.catoappeals.com/councils/merthyr-tydfil-county-borough-council
Metropolitan Borough of Wirral,England outside London,Traffic Penalty Tribunal,not published,not published,not published,not published,not published,not published,Traffic Penalty Tribunal annual report - no per-authority figures published,https://www.catoappeals.com/councils/metropolitan-borough-of-wirral
Mid Devon District Council,England outside London,Traffic Penalty Tribunal,not published,not published,not published,not published,not published,not published,Traffic Penalty Tribunal annual report - no per-authority figures published,https://www.catoappeals.com/councils/mid-devon-district-council
Mid Suffolk District Council (with Ipswich Borough Council),England outside London,Traffic Penalty Tribunal,not published,not published,not published,not published,not published,not published,Traffic Penalty Tribunal annual report - no per-authority figures published,https://www.catoappeals.com/councils/mid-suffolk-district-council-with-ipswich-borough-council
Mid Suffolk District Council (with West Suffolk Council),England outside London,Traffic Penalty Tribunal,not published,not published,not published,not published,not published,not published,Traffic Penalty Tribunal annual report - no per-authority figures published,https://www.catoappeals.com/councils/mid-suffolk-district-council-with-west-suffolk-council
Mid Sussex District Council,England outside London,Traffic Penalty Tribunal,not published,not published,not published,not published,not published,not published,Traffic Penalty Tribunal annual report - no per-authority figures published,https://www.catoappeals.com/councils/mid-sussex-district-council
Middlesbrough Council,England outside London,Traffic Penalty Tribunal,not published,not published,not published,not published,not published,not published,Traffic Penalty Tribunal annual report - no per-authority figures published,https://www.catoappeals.com/councils/middlesbrough-council
Milton Keynes City Council,England outside London,Traffic Penalty Tribunal,not published,not published,not published,not published,not published,not published,Traffic Penalty Tribunal annual report - no per-authority figures published,https://www.catoappeals.com/councils/milton-keynes-city-council
Mole Valley District Council,England outside London,Traffic Penalty Tribunal,not published,not published,not published,not published,not published,not published,Traffic Penalty Tribunal annual report - no per-authority figures published,https://www.catoappeals.com/councils/mole-valley-district-council
Monmouthshire County Council,Wales,Traffic Penalty Tribunal,not published,not published,not published,not published,not published,not published,Traffic Penalty Tribunal annual report - no per-authority figures published,https://www.catoappeals.com/councils/monmouthshire-county-council
Neath Port Talbot County Borough Council,Wales,Traffic Penalty Tribunal,not published,not published,not published,not published,not published,not published,Traffic Penalty Tribunal annual report - no per-authority figures published,https://www.catoappeals.com/councils/neath-port-talbot-county-borough-council
New Forest District Council,England outside London,Traffic Penalty Tribunal,not published,not published,not published,not published,not published,not published,Traffic Penalty Tribunal annual report - no per-authority figures published,https://www.catoappeals.com/councils/new-forest-district-council
Newark and Sherwood District Council,England outside London,Traffic Penalty Tribunal,not published,not published,not published,not published,not published,not published,Traffic Penalty Tribunal annual report - no per-authority figures published,https://www.catoappeals.com/councils/newark-and-sherwood-district-council
Newcastle City Council,England outside London,Traffic Penalty Tribunal,not published,not published,not published,not published,not published,not published,Traffic Penalty Tribunal annual report - no per-authority figures published,https://www.catoappeals.com/councils/newcastle-city-council
Newcastle Under Lyme Borough Council,England outside London,Traffic Penalty Tribunal,not published,not published,not published,not published,not published,not published,Traffic Penalty Tribunal annual report - no per-authority figures published,https://www.catoappeals.com/councils/newcastle-under-lyme-borough-council
Newport City Council,Wales,Traffic Penalty Tribunal,not published,not published,not published,not published,not published,not published,Traffic Penalty Tribunal annual report - no per-authority figures published,https://www.catoappeals.com/councils/newport-city-council
Norfolk County Council,England outside London,Traffic Penalty Tribunal,not published,not published,not published,not published,not published,not published,Traffic Penalty Tribunal annual report - no per-authority figures published,https://www.catoappeals.com/councils/norfolk-county-council
North Devon District Council,England outside London,Traffic Penalty Tribunal,not published,not published,not published,not published,not published,not published,Traffic Penalty Tribunal annual report - no per-authority figures published,https://www.catoappeals.com/councils/north-devon-district-council
North East Derbyshire District Council,England outside London,Traffic Penalty Tribunal,not published,not published,not published,not published,not published,not published,Traffic Penalty Tribunal annual report - no per-authority figures published,https://www.catoappeals.com/councils/north-east-derbyshire-district-council
North East Lincolnshire Council,England outside London,Traffic Penalty Tribunal,not published,not published,not published,not published,not published,not published,Traffic Penalty Tribunal annual report - no per-authority figures published,https://www.catoappeals.com/councils/north-east-lincolnshire-council
North Essex Parking Partnership,England outside London,Traffic Penalty Tribunal,not published,not published,not published,not published,not published,not published,Traffic Penalty Tribunal annual report - no per-authority figures published,https://www.catoappeals.com/councils/north-essex-parking-partnership
North Gloucestershire Borough Council,England outside London,Traffic Penalty Tribunal,not published,not published,not published,not published,not published,not published,Traffic Penalty Tribunal annual report - no per-authority figures published,https://www.catoappeals.com/councils/north-gloucestershire-borough-council
North Hertfordshire District Council,England outside London,Traffic Penalty Tribunal,not published,not published,not published,not published,not published,not published,Traffic Penalty Tribunal annual report - no per-authority figures published,https://www.catoappeals.com/councils/north-hertfordshire-district-council
North Kesteven District Council,England outside London,Traffic Penalty Tribunal,not published,not published,not published,not published,not published,not published,Traffic Penalty Tribunal annual report - no per-authority figures published,https://www.catoappeals.com/councils/north-kesteven-district-council
North Lincolnshire Council,England outside London,Traffic Penalty Tribunal,not published,not published,not published,not published,not published,not published,Traffic Penalty Tribunal annual report - no per-authority figures published,https://www.catoappeals.com/councils/north-lincolnshire-council
North Norfolk District Council,England outside London,Traffic Penalty Tribunal,not published,not published,not published,not published,not published,not published,Traffic Penalty Tribunal annual report - no per-authority figures published,https://www.catoappeals.com/councils/north-norfolk-district-council
North Northamptonshire Council,England outside London,Traffic Penalty Tribunal,not published,not published,not published,not published,not published,not published,Traffic Penalty Tribunal annual report - no per-authority figures published,https://www.catoappeals.com/councils/north-northamptonshire-council
North Somerset Council,England outside London,Traffic Penalty Tribunal,not published,not published,not published,not published,not published,not published,Traffic Penalty Tribunal annual report - no per-authority figures published,https://www.catoappeals.com/councils/north-somerset-council
North Tyneside Council,England outside London,Traffic Penalty Tribunal,not published,not published,not published,not published,not published,not published,Traffic Penalty Tribunal annual report - no per-authority figures published,https://www.catoappeals.com/councils/north-tyneside-council
North Warwickshire Borough Council,England outside London,Traffic Penalty Tribunal,not published,not published,not published,not published,not published,not published,Traffic Penalty Tribunal annual report - no per-authority figures published,https://www.catoappeals.com/councils/north-warwickshire-borough-council
North West Leicestershire District Council,England outside London,Traffic Penalty Tribunal,not published,not published,not published,not published,not published,not published,Traffic Penalty Tribunal annual report - no per-authority figures published,https://www.catoappeals.com/councils/north-west-leicestershire-district-council
North Yorkshire Council,England outside London,Traffic Penalty Tribunal,not published,not published,not published,not published,not published,not published,Traffic Penalty Tribunal annual report - no per-authority figures published,https://www.catoappeals.com/councils/north-yorkshire-council
Northumberland County Council,England outside London,Traffic Penalty Tribunal,not published,not published,not published,not published,not published,not published,Traffic Penalty Tribunal annual report - no per-authority figures published,https://www.catoappeals.com/councils/northumberland-county-council
Norwich City Council,England outside London,Traffic Penalty Tribunal,not published,not published,not published,not published,not published,not published,Traffic Penalty Tribunal annual report - no per-authority figures published,https://www.catoappeals.com/councils/norwich-city-council
Nottingham City Council,England outside London,Traffic Penalty Tribunal,not published,not published,not published,not published,not published,not published,Traffic Penalty Tribunal annual report - no per-authority figures published,https://www.catoappeals.com/councils/nottingham-city-council
Nottinghamshire County Council,England outside London,Traffic Penalty Tribunal,not published,not published,not published,not published,not published,not published,Traffic Penalty Tribunal annual report - no per-authority figures published,https://www.catoappeals.com/councils/nottinghamshire-county-council
Nuneaton and Bedworth Borough Council,England outside London,Traffic Penalty Tribunal,not published,not published,not published,not published,not published,not published,Traffic Penalty Tribunal annual report - no per-authority figures published,https://www.catoappeals.com/councils/nuneaton-and-bedworth-borough-council
Oadby and Wigston Borough Council,England outside London,Traffic Penalty Tribunal,not published,not published,not published,not published,not published,not published,Traffic Penalty Tribunal annual report - no per-authority figures published,https://www.catoappeals.com/councils/oadby-and-wigston-borough-council
Oldham Metropolitan Borough Council,England outside London,Traffic Penalty Tribunal,not published,not published,not published,not published,not published,not published,Traffic Penalty Tribunal annual report - no per-authority figures published,https://www.catoappeals.com/councils/oldham-metropolitan-borough-council
Oxfordshire County Council,England outside London,Traffic Penalty Tribunal,not published,not published,not published,not published,not published,not published,Traffic Penalty Tribunal annual report - no per-authority figures published,https://www.catoappeals.com/councils/oxfordshire-county-council
Oxfordshire County Council (with Cherwell District Council),England outside London,Traffic Penalty Tribunal,not published,not published,not published,not published,not published,not published,Traffic Penalty Tribunal annual report - no per-authority figures published,https://www.catoappeals.com/councils/oxfordshire-county-council-with-cherwell-district-council
Oxfordshire County Council (with West Oxfordshire DC),England outside London,Traffic Penalty Tribunal,not published,not published,not published,not published,not published,not published,Traffic Penalty Tribunal annual report - no per-authority figures published,https://www.catoappeals.com/councils/oxfordshire-county-council-with-west-oxfordshire-dc
Pembrokeshire County Council,Wales,Traffic Penalty Tribunal,not published,not published,not published,not published,not published,not published,Traffic Penalty Tribunal annual report - no per-authority figures published,https://www.catoappeals.com/councils/pembrokeshire-county-council
Pendle Borough Council,England outside London,Traffic Penalty Tribunal,not published,not published,not published,not published,not published,not published,Traffic Penalty Tribunal annual report - no per-authority figures published,https://www.catoappeals.com/councils/pendle-borough-council
Peterborough City Council,England outside London,Traffic Penalty Tribunal,not published,not published,not published,not published,not published,not published,Traffic Penalty Tribunal annual report - no per-authority figures published,https://www.catoappeals.com/councils/peterborough-city-council
Plymouth City Council,England outside London,Traffic Penalty Tribunal,not published,not published,not published,not published,not published,not published,Traffic Penalty Tribunal annual report - no per-authority figures published,https://www.catoappeals.com/councils/plymouth-city-council
Portsmouth City Council,England outside London,Traffic Penalty Tribunal,not published,not published,not published,not published,not published,not published,Traffic Penalty Tribunal annual report - no per-authority figures published,https://www.catoappeals.com/councils/portsmouth-city-council
Powys County Council,Wales,Traffic Penalty Tribunal,not published,not published,not published,not published,not published,not published,Traffic Penalty Tribunal annual report - no per-authority figures published,https://www.catoappeals.com/councils/powys-county-council
Preston City Council,England outside London,Traffic Penalty Tribunal,not published,not published,not published,not published,not published,not published,Traffic Penalty Tribunal annual report - no per-authority figures published,https://www.catoappeals.com/councils/preston-city-council
Reading Borough Council,England outside London,Traffic Penalty Tribunal,not published,not published,not published,not published,not published,not published,Traffic Penalty Tribunal annual report - no per-authority figures published,https://www.catoappeals.com/councils/reading-borough-council
Redcar and Cleveland Borough Council,England outside London,Traffic Penalty Tribunal,not published,not published,not published,not published,not published,not published,Traffic Penalty Tribunal annual report - no per-authority figures published,https://www.catoappeals.com/councils/redcar-and-cleveland-borough-council
Redditch Borough Council,England outside London,Traffic Penalty Tribunal,not published,not published,not published,not published,not published,not published,Traffic Penalty Tribunal annual report - no per-authority figures published,https://www.catoappeals.com/councils/redditch-borough-council
Reigate and Banstead Borough Council,England outside London,Traffic Penalty Tribunal,not published,not published,not published,not published,not published,not published,Traffic Penalty Tribunal annual report - no per-authority figures published,https://www.catoappeals.com/councils/reigate-and-banstead-borough-council
Rhondda Cynon Taf County Borough Council,Wales,Traffic Penalty Tribunal,not published,not published,not published,not published,not published,not published,Traffic Penalty Tribunal annual report - no per-authority figures published,https://www.catoappeals.com/councils/rhondda-cynon-taf-county-borough-council
Ribble Valley Borough Council,England outside London,Traffic Penalty Tribunal,not published,not published,not published,not published,not published,not published,Traffic Penalty Tribunal annual report - no per-authority figures published,https://www.catoappeals.com/councils/ribble-valley-borough-council
Rochdale Metropolitan Borough Council,England outside London,Traffic Penalty Tribunal,not published,not published,not published,not published,not published,not published,Traffic Penalty Tribunal annual report - no per-authority figures published,https://www.catoappeals.com/councils/rochdale-metropolitan-borough-council
Rochford District Council,England outside London,Traffic Penalty Tribunal,not published,not published,not published,not published,not published,not published,Traffic Penalty Tribunal annual report - no per-authority figures published,https://www.catoappeals.com/councils/rochford-district-council
Rotherham Metropolitan Borough Council,England outside London,Traffic Penalty Tribunal,not published,not published,not published,not published,not published,not published,Traffic Penalty Tribunal annual report - no per-authority figures published,https://www.catoappeals.com/councils/rotherham-metropolitan-borough-council
Royal Borough of Windsor and Maidenhead,England outside London,Traffic Penalty Tribunal,not published,not published,not published,not published,not published,not published,Traffic Penalty Tribunal annual report - no per-authority figures published,https://www.catoappeals.com/councils/royal-borough-of-windsor-and-maidenhead
Rugby Borough Council,England outside London,Traffic Penalty Tribunal,not published,not published,not published,not published,not published,not published,Traffic Penalty Tribunal annual report - no per-authority figures published,https://www.catoappeals.com/councils/rugby-borough-council
Runnymede Borough Council,England outside London,Traffic Penalty Tribunal,not published,not published,not published,not published,not published,not published,Traffic Penalty Tribunal annual report - no per-authority figures published,https://www.catoappeals.com/councils/runnymede-borough-council
Rushcliffe Borough Council,England outside London,Traffic Penalty Tribunal,not published,not published,not published,not published,not published,not published,Traffic Penalty Tribunal annual report - no per-authority figures published,https://www.catoappeals.com/councils/rushcliffe-borough-council
Rushmoor Borough Council,England outside London,Traffic Penalty Tribunal,not published,not published,not published,not published,not published,not published,Traffic Penalty Tribunal annual report - no per-authority figures published,https://www.catoappeals.com/councils/rushmoor-borough-council
Rutland County Council,England outside London,Traffic Penalty Tribunal,not published,not published,not published,not published,not published,not published,Traffic Penalty Tribunal annual report - no per-authority figures published,https://www.catoappeals.com/councils/rutland-county-council
Salford City Council,England outside London,Traffic Penalty Tribunal,not published,not published,not published,not published,not published,not published,Traffic Penalty Tribunal annual report - no per-authority figures published,https://www.catoappeals.com/councils/salford-city-council
Sandwell Metropolitan Borough Council,England outside London,Traffic Penalty Tribunal,not published,not published,not published,not published,not published,not published,Traffic Penalty Tribunal annual report - no per-authority figures published,https://www.catoappeals.com/councils/sandwell-metropolitan-borough-council
Sefton Metropolitan Borough Council,England outside London,Traffic Penalty Tribunal,not published,not published,not published,not published,not published,not published,Traffic Penalty Tribunal annual report - no per-authority figures published,https://www.catoappeals.com/councils/sefton-metropolitan-borough-council
Sevenoaks District Council,England outside London,Traffic Penalty Tribunal,not published,not published,not published,not published,not published,not published,Traffic Penalty Tribunal annual report - no per-authority figures published,https://www.catoappeals.com/councils/sevenoaks-district-council
Sheffield City Council,England outside London,Traffic Penalty Tribunal,not published,not published,not published,not published,not published,not published,Traffic Penalty Tribunal annual report - no per-authority figures published,https://www.catoappeals.com/councils/sheffield-city-council
Shropshire Council,England outside London,Traffic Penalty Tribunal,not published,not published,not published,not published,not published,not published,Traffic Penalty Tribunal annual report - no per-authority figures published,https://www.catoappeals.com/councils/shropshire-council
Slough Borough Council,England outside London,Traffic Penalty Tribunal,not published,not published,not published,not published,not published,not published,Traffic Penalty Tribunal annual report - no per-authority figures published,https://www.catoappeals.com/councils/slough-borough-council
Solihull Metropolitan Borough Council,England outside London,Traffic Penalty Tribunal,not published,not published,not published,not published,not published,not published,Traffic Penalty Tribunal annual report - no per-authority figures published,https://www.catoappeals.com/councils/solihull-metropolitan-borough-council
Somerset Council,England outside London,Traffic Penalty Tribunal,not published,not published,not published,not published,not published,not published,Traffic Penalty Tribunal annual report - no per-authority figures published,https://www.catoappeals.com/councils/somerset-council
South Derbyshire District Council,England outside London,Traffic Penalty Tribunal,not published,not published,not published,not published,not published,not published,Traffic Penalty Tribunal annual report - no per-authority figures published,https://www.catoappeals.com/councils/south-derbyshire-district-council
South Essex Parking Partnership,England outside London,Traffic Penalty Tribunal,not published,not published,not published,not published,not published,not published,Traffic Penalty Tribunal annual report - no per-authority figures published,https://www.catoappeals.com/councils/south-essex-parking-partnership
South Gloucestershire Council,England outside London,Traffic Penalty Tribunal,not published,not published,not published,not published,not published,not published,Traffic Penalty Tribunal annual report - no per-authority figures published,https://www.catoappeals.com/councils/south-gloucestershire-council
South Hams District Council,England outside London,Traffic Penalty Tribunal,not published,not published,not published,not published,not published,not published,Traffic Penalty Tribunal annual report - no per-authority figures published,https://www.catoappeals.com/councils/south-hams-district-council
South Holland District Council,England outside London,Traffic Penalty Tribunal,not published,not published,not published,not published,not published,not published,Traffic Penalty Tribunal annual report - no per-authority figures published,https://www.catoappeals.com/councils/south-holland-district-council
South Kesteven District Council,England outside London,Traffic Penalty Tribunal,not published,not published,not published,not published,not published,not published,Traffic Penalty Tribunal annual report - no per-authority figures published,https://www.catoappeals.com/councils/south-kesteven-district-council
South Norfolk District Council,England outside London,Traffic Penalty Tribunal,not published,not published,not published,not published,not published,not published,Traffic Penalty Tribunal annual report - no per-authority figures published,https://www.catoappeals.com/councils/south-norfolk-district-council
South Oxfordshire District Council,England outside London,Traffic Penalty Tribunal,not published,not published,not published,not published,not published,not published,Traffic Penalty Tribunal annual report - no per-authority figures published,https://www.catoappeals.com/councils/south-oxfordshire-district-council
South Ribble Borough Council,England outside London,Traffic Penalty Tribunal,not published,not published,not published,not published,not published,not published,Traffic Penalty Tribunal annual report - no per-authority figures published,https://www.catoappeals.com/councils/south-ribble-borough-council
South Staffordshire District Council,England outside London,Traffic Penalty Tribunal,not published,not published,not published,not published,not published,not published,Traffic Penalty Tribunal annual report - no per-authority figures published,https://www.catoappeals.com/councils/south-staffordshire-district-council
South Tyneside Council,England outside London,Traffic Penalty Tribunal,not published,not published,not published,not published,not published,not published,Traffic Penalty Tribunal annual report - no per-authority figures published,https://www.catoappeals.com/councils/south-tyneside-council
Southampton City Council,England outside London,Traffic Penalty Tribunal,not published,not published,not published,not published,not published,not published,Traffic Penalty Tribunal annual report - no per-authority figures published,https://www.catoappeals.com/councils/southampton-city-council
Southend-on-Sea City Council,England outside London,Traffic Penalty Tribunal,not published,not published,not published,not published,not published,not published,Traffic Penalty Tribunal annual report - no per-authority figures published,https://www.catoappeals.com/councils/southend-on-sea-city-council
Spelthorne Borough Council,England outside London,Traffic Penalty Tribunal,not published,not published,not published,not published,not published,not published,Traffic Penalty Tribunal annual report - no per-authority figures published,https://www.catoappeals.com/councils/spelthorne-borough-council
St Albans City and District Council,England outside London,Traffic Penalty Tribunal,not published,not published,not published,not published,not published,not published,Traffic Penalty Tribunal annual report - no per-authority figures published,https://www.catoappeals.com/councils/st-albans-city-and-district-council
St Helens Council,England outside London,Traffic Penalty Tribunal,not published,not published,not published,not published,not published,not published,Traffic Penalty Tribunal annual report - no per-authority figures published,https://www.catoappeals.com/councils/st-helens-council
Stafford Borough Council,England outside London,Traffic Penalty Tribunal,not published,not published,not published,not published,not published,not published,Traffic Penalty Tribunal annual report - no per-authority figures published,https://www.catoappeals.com/councils/stafford-borough-council
Staffordshire County Council,England outside London,Traffic Penalty Tribunal,not published,not published,not published,not published,not published,not published,Traffic Penalty Tribunal annual report - no per-authority figures published,https://www.catoappeals.com/councils/staffordshire-county-council
Staffordshire Moorlands District Council,England outside London,Traffic Penalty Tribunal,not published,not published,not published,not published,not published,not published,Traffic Penalty Tribunal annual report - no per-authority figures published,https://www.catoappeals.com/councils/staffordshire-moorlands-district-council
Stevenage Borough Council,England outside London,Traffic Penalty Tribunal,not published,not published,not published,not published,not published,not published,Traffic Penalty Tribunal annual report - no per-authority figures published,https://www.catoappeals.com/councils/stevenage-borough-council
Stockport Metropolitan Borough Council,England outside London,Traffic Penalty Tribunal,not published,not published,not published,not published,not published,not published,Traffic Penalty Tribunal annual report - no per-authority figures published,https://www.catoappeals.com/councils/stockport-metropolitan-borough-council
Stockton-On-Tees Borough Council,England outside London,Traffic Penalty Tribunal,not published,not published,not published,not published,not published,not published,Traffic Penalty Tribunal annual report - no per-authority figures published,https://www.catoappeals.com/councils/stockton-on-tees-borough-council
Stoke-on-Trent City Council,England outside London,Traffic Penalty Tribunal,not published,not published,not published,not published,not published,not published,Traffic Penalty Tribunal annual report - no per-authority figures published,https://www.catoappeals.com/councils/stoke-on-trent-city-council
Stratford-on-Avon District Council,England outside London,Traffic Penalty Tribunal,not published,not published,not published,not published,not published,not published,Traffic Penalty Tribunal annual report - no per-authority figures published,https://www.catoappeals.com/councils/stratford-on-avon-district-council
Stroud District Council,England outside London,Traffic Penalty Tribunal,not published,not published,not published,not published,not published,not published,Traffic Penalty Tribunal annual report - no per-authority figures published,https://www.catoappeals.com/councils/stroud-district-council
Suffolk County Council (with East Suffolk Council),England outside London,Traffic Penalty Tribunal,not published,not published,not published,not published,not published,not published,Traffic Penalty Tribunal annual report - no per-authority figures published,https://www.catoappeals.com/councils/suffolk-county-council-with-east-suffolk-council
Suffolk County Council (with Ipswich Borough Council),England outside London,Traffic Penalty Tribunal,not published,not published,not published,not published,not published,not published,Traffic Penalty Tribunal annual report - no per-authority figures published,https://www.catoappeals.com/councils/suffolk-county-council-with-ipswich-borough-council
Suffolk County Council (with West Suffolk Council),England outside London,Traffic Penalty Tribunal,not published,not published,not published,not published,not published,not published,Traffic Penalty Tribunal annual report - no per-authority figures published,https://www.catoappeals.com/councils/suffolk-county-council-with-west-suffolk-council
Sunderland City Council,England outside London,Traffic Penalty Tribunal,not published,not published,not published,not published,not published,not published,Traffic Penalty Tribunal annual report - no per-authority figures published,https://www.catoappeals.com/councils/sunderland-city-council
Surrey County Council,England outside London,Traffic Penalty Tribunal,not published,not published,not published,not published,not published,not published,Traffic Penalty Tribunal annual report - no per-authority figures published,https://www.catoappeals.com/councils/surrey-county-council
Surrey County Council (with Guildford Borough Council),England outside London,Traffic Penalty Tribunal,not published,not published,not published,not published,not published,not published,Traffic Penalty Tribunal annual report - no per-authority figures published,https://www.catoappeals.com/councils/surrey-county-council-with-guildford-borough-council
Surrey County Council (with Mole Valley District Council),England outside London,Traffic Penalty Tribunal,not published,not published,not published,not published,not published,not published,Traffic Penalty Tribunal annual report - no per-authority figures published,https://www.catoappeals.com/councils/surrey-county-council-with-mole-valley-district-council
Surrey County Council (with Reigate and Banstead Borough Council),England outside London,Traffic Penalty Tribunal,not published,not published,not published,not published,not published,not published,Traffic Penalty Tribunal annual report - no per-authority figures published,https://www.catoappeals.com/councils/surrey-county-council-with-reigate-and-banstead-borough-council
Surrey County Council (with Runnymede Borough Council),England outside London,Traffic Penalty Tribunal,not published,not published,not published,not published,not published,not published,Traffic Penalty Tribunal annual report - no per-authority figures published,https://www.catoappeals.com/councils/surrey-county-council-with-runnymede-borough-council
Surrey County Council (with Spelthorne Borough Council),England outside London,Traffic Penalty Tribunal,not published,not published,not published,not published,not published,not published,Traffic Penalty Tribunal annual report - no per-authority figures published,https://www.catoappeals.com/councils/surrey-county-council-with-spelthorne-borough-council
Surrey County Council (with Woking Borough Council),England outside London,Traffic Penalty Tribunal,not published,not published,not published,not published,not published,not published,Traffic Penalty Tribunal annual report - no per-authority figures published,https://www.catoappeals.com/councils/surrey-county-council-with-woking-borough-council
Surrey Heath Borough Council,England outside London,Traffic Penalty Tribunal,not published,not published,not published,not published,not published,not published,Traffic Penalty Tribunal annual report - no per-authority figures published,https://www.catoappeals.com/councils/surrey-heath-borough-council
Swale Borough Council,England outside London,Traffic Penalty Tribunal,not published,not published,not published,not published,not published,not published,Traffic Penalty Tribunal annual report - no per-authority figures published,https://www.catoappeals.com/councils/swale-borough-council
Swindon Borough Council,England outside London,Traffic Penalty Tribunal,not published,not published,not published,not published,not published,not published,Traffic Penalty Tribunal annual report - no per-authority figures published,https://www.catoappeals.com/councils/swindon-borough-council
Tameside Metropolitan Borough Council,England outside London,Traffic Penalty Tribunal,not published,not published,not published,not published,not published,not published,Traffic Penalty Tribunal annual report - no per-authority figures published,https://www.catoappeals.com/councils/tameside-metropolitan-borough-council
Tamworth Borough Council,England outside London,Traffic Penalty Tribunal,not published,not published,not published,not published,not published,not published,Traffic Penalty Tribunal annual report - no per-authority figures published,https://www.catoappeals.com/councils/tamworth-borough-council
Tandridge District Council,England outside London,Traffic Penalty Tribunal,not published,not published,not published,not published,not published,not published,Traffic Penalty Tribunal annual report - no per-authority figures published,https://www.catoappeals.com/councils/tandridge-district-council
Teignbridge District Council,England outside London,Traffic Penalty Tribunal,not published,not published,not published,not published,not published,not published,Traffic Penalty Tribunal annual report - no per-authority figures published,https://www.catoappeals.com/councils/teignbridge-district-council
Tendring District Council,England outside London,Traffic Penalty Tribunal,not published,not published,not published,not published,not published,not published,Traffic Penalty Tribunal annual report - no per-authority figures published,https://www.catoappeals.com/councils/tendring-district-council
Test Valley Borough Council,England outside London,Traffic Penalty Tribunal,not published,not published,not published,not published,not published,not published,Traffic Penalty Tribunal annual report - no per-authority figures published,https://www.catoappeals.com/councils/test-valley-borough-council
Thanet District Council,England outside London,Traffic Penalty Tribunal,not published,not published,not published,not published,not published,not published,Traffic Penalty Tribunal annual report - no per-authority figures published,https://www.catoappeals.com/councils/thanet-district-council
The Borough Council of Kings Lynn and West Norfolk,England outside London,Traffic Penalty Tribunal,not published,not published,not published,not published,not published,not published,Traffic Penalty Tribunal annual report - no per-authority figures published,https://www.catoappeals.com/councils/the-borough-council-of-kings-lynn-and-west-norfolk
The Borough Council of Kings Lynn and West Norfolk working under the authority delegated by Norfolk County Council,England outside London,Traffic Penalty Tribunal,not published,not published,not published,not published,not published,not published,Traffic Penalty Tribunal annual report - no per-authority figures published,https://www.catoappeals.com/councils/the-borough-council-of-kings-lynn-and-west-norfolk-working-under-the-authority-delegated-by-norfolk-county-council
The City and County of Swansea,Wales,Traffic Penalty Tribunal,not published,not published,not published,not published,not published,not published,Traffic Penalty Tribunal annual report - no per-authority figures published,https://www.catoappeals.com/councils/the-city-and-county-of-swansea
Three Rivers District Council,England outside London,Traffic Penalty Tribunal,not published,not published,not published,not published,not published,not published,Traffic Penalty Tribunal annual report - no per-authority figures published,https://www.catoappeals.com/councils/three-rivers-district-council
Thurrock Council,England outside London,Traffic Penalty Tribunal,not published,not published,not published,not published,not published,not published,Traffic Penalty Tribunal annual report - no per-authority figures published,https://www.catoappeals.com/councils/thurrock-council
Tonbridge and Malling Borough Council,England outside London,Traffic Penalty Tribunal,not published,not published,not published,not published,not published,not published,Traffic Penalty Tribunal annual report - no per-authority figures published,https://www.catoappeals.com/councils/tonbridge-and-malling-borough-council
Torbay Council,England outside London,Traffic Penalty Tribunal,not published,not published,not published,not published,not published,not published,Traffic Penalty Tribunal annual report - no per-authority figures published,https://www.catoappeals.com/councils/torbay-council
Torfaen County Borough Council,Wales,Traffic Penalty Tribunal,not published,not published,not published,not published,not published,not published,Traffic Penalty Tribunal annual report - no per-authority figures published,https://www.catoappeals.com/councils/torfaen-county-borough-council
Torridge District Council,England outside London,Traffic Penalty Tribunal,not published,not published,not published,not published,not published,not published,Traffic Penalty Tribunal annual report - no per-authority figures published,https://www.catoappeals.com/councils/torridge-district-council
Trafford Metropolitan Borough Council,England outside London,Traffic Penalty Tribunal,not published,not published,not published,not published,not published,not published,Traffic Penalty Tribunal annual report - no per-authority figures published,https://www.catoappeals.com/councils/trafford-metropolitan-borough-council
Tunbridge Wells Borough Council,England outside London,Traffic Penalty Tribunal,not published,not published,not published,not published,not published,not published,Traffic Penalty Tribunal annual report - no per-authority figures published,https://www.catoappeals.com/councils/tunbridge-wells-borough-council
Uttlesford District Council,England outside London,Traffic Penalty Tribunal,not published,not published,not published,not published,not published,not published,Traffic Penalty Tribunal annual report - no per-authority figures published,https://www.catoappeals.com/councils/uttlesford-district-council
Vale of Glamorgan Council,Wales,Traffic Penalty Tribunal,not published,not published,not published,not published,not published,not published,Traffic Penalty Tribunal annual report - no per-authority figures published,https://www.catoappeals.com/councils/vale-of-glamorgan-council
Vale of White Horse District Council,England outside London,Traffic Penalty Tribunal,not published,not published,not published,not published,not published,not published,Traffic Penalty Tribunal annual report - no per-authority figures published,https://www.catoappeals.com/councils/vale-of-white-horse-district-council
Wakefield Metropolitan District Council,England outside London,Traffic Penalty Tribunal,not published,not published,not published,not published,not published,not published,Traffic Penalty Tribunal annual report - no per-authority figures published,https://www.catoappeals.com/councils/wakefield-metropolitan-district-council
Walsall Metropolitan Borough Council,England outside London,Traffic Penalty Tribunal,not published,not published,not published,not published,not published,not published,Traffic Penalty Tribunal annual report - no per-authority figures published,https://www.catoappeals.com/councils/walsall-metropolitan-borough-council
Warrington Borough Council,England outside London,Traffic Penalty Tribunal,not published,not published,not published,not published,not published,not published,Traffic Penalty Tribunal annual report - no per-authority figures published,https://www.catoappeals.com/councils/warrington-borough-council
Warwick District Council,England outside London,Traffic Penalty Tribunal,not published,not published,not published,not published,not published,not published,Traffic Penalty Tribunal annual report - no per-authority figures published,https://www.catoappeals.com/councils/warwick-district-council
Warwickshire County Council,England outside London,Traffic Penalty Tribunal,not published,not published,not published,not published,not published,not published,Traffic Penalty Tribunal annual report - no per-authority figures published,https://www.catoappeals.com/councils/warwickshire-county-council
Watford Borough Council,England outside London,Traffic Penalty Tribunal,not published,not published,not published,not published,not published,not published,Traffic Penalty Tribunal annual report - no per-authority figures published,https://www.catoappeals.com/councils/watford-borough-council
Waverley Borough Council,England outside London,Traffic Penalty Tribunal,not published,not published,not published,not published,not published,not published,Traffic Penalty Tribunal annual report - no per-authority figures published,https://www.catoappeals.com/councils/waverley-borough-council
Welwyn Hatfield Borough Council,England outside London,Traffic Penalty Tribunal,not published,not published,not published,not published,not published,not published,Traffic Penalty Tribunal annual report - no per-authority figures published,https://www.catoappeals.com/councils/welwyn-hatfield-borough-council
West Berkshire District Council,England outside London,Traffic Penalty Tribunal,not published,not published,not published,not published,not published,not published,Traffic Penalty Tribunal annual report - no per-authority figures published,https://www.catoappeals.com/councils/west-berkshire-district-council
West Devon Borough Council,England outside London,Traffic Penalty Tribunal,not published,not published,not published,not published,not published,not published,Traffic Penalty Tribunal annual report - no per-authority figures published,https://www.catoappeals.com/councils/west-devon-borough-council
West Lancashire Borough Council,England outside London,Traffic Penalty Tribunal,not published,not published,not published,not published,not published,not published,Traffic Penalty Tribunal annual report - no per-authority figures published,https://www.catoappeals.com/councils/west-lancashire-borough-council
West Lindsey District Council,England outside London,Traffic Penalty Tribunal,not published,not published,not published,not published,not published,not published,Traffic Penalty Tribunal annual report - no per-authority figures published,https://www.catoappeals.com/councils/west-lindsey-district-council
West Northamptonshire Council,England outside London,Traffic Penalty Tribunal,not published,not published,not published,not published,not published,not published,Traffic Penalty Tribunal annual report - no per-authority figures published,https://www.catoappeals.com/councils/west-northamptonshire-council
West Suffolk Council,England outside London,Traffic Penalty Tribunal,not published,not published,not published,not published,not published,not published,Traffic Penalty Tribunal annual report - no per-authority figures published,https://www.catoappeals.com/councils/west-suffolk-council
West Sussex County Council (with Adur District Council),England outside London,Traffic Penalty Tribunal,not published,not published,not published,not published,not published,not published,Traffic Penalty Tribunal annual report - no per-authority figures published,https://www.catoappeals.com/councils/west-sussex-county-council-with-adur-district-council
West Sussex County Council (with Chichester District Council),England outside London,Traffic Penalty Tribunal,not published,not published,not published,not published,not published,not published,Traffic Penalty Tribunal annual report - no per-authority figures published,https://www.catoappeals.com/councils/west-sussex-county-council-with-chichester-district-council
West Sussex County Council (with Horsham Borough Council),England outside London,Traffic Penalty Tribunal,not published,not published,not published,not published,not published,not published,Traffic Penalty Tribunal annual report - no per-authority figures published,https://www.catoappeals.com/councils/west-sussex-county-council-with-horsham-borough-council
West Sussex County Council (with Mid Sussex District Council),England outside London,Traffic Penalty Tribunal,not published,not published,not published,not published,not published,not published,Traffic Penalty Tribunal annual report - no per-authority figures published,https://www.catoappeals.com/councils/west-sussex-county-council-with-mid-sussex-district-council
West Sussex County Council (with Worthing Borough Council),England outside London,Traffic Penalty Tribunal,not published,not published,not published,not published,not published,not published,Traffic Penalty Tribunal annual report - no per-authority figures published,https://www.catoappeals.com/councils/west-sussex-county-council-with-worthing-borough-council
Westmorland and Furness Council,England outside London,Traffic Penalty Tribunal,not published,not published,not published,not published,not published,not published,Traffic Penalty Tribunal annual report - no per-authority figures published,https://www.catoappeals.com/councils/westmorland-and-furness-council
Wigan Metropolitan Borough Council,England outside London,Traffic Penalty Tribunal,not published,not published,not published,not published,not published,not published,Traffic Penalty Tribunal annual report - no per-authority figures published,https://www.catoappeals.com/councils/wigan-metropolitan-borough-council
Wiltshire Council,England outside London,Traffic Penalty Tribunal,not published,not published,not published,not published,not published,not published,Traffic Penalty Tribunal annual report - no per-authority figures published,https://www.catoappeals.com/councils/wiltshire-council
Winchester City Council,England outside London,Traffic Penalty Tribunal,not published,not published,not published,not published,not published,not published,Traffic Penalty Tribunal annual report - no per-authority figures published,https://www.catoappeals.com/councils/winchester-city-council
Woking Borough Council,England outside London,Traffic Penalty Tribunal,not published,not published,not published,not published,not published,not published,Traffic Penalty Tribunal annual report - no per-authority figures published,https://www.catoappeals.com/councils/woking-borough-council
Wokingham Borough Council,England outside London,Traffic Penalty Tribunal,not published,not published,not published,not published,not published,not published,Traffic Penalty Tribunal annual report - no per-authority figures published,https://www.catoappeals.com/councils/wokingham-borough-council
Wolverhampton City Council,England outside London,Traffic Penalty Tribunal,not published,not published,not published,not published,not published,not published,Traffic Penalty Tribunal annual report - no per-authority figures published,https://www.catoappeals.com/councils/wolverhampton-city-council
Worcester City Council,England outside London,Traffic Penalty Tribunal,not published,not published,not published,not published,not published,not published,Traffic Penalty Tribunal annual report - no per-authority figures published,https://www.catoappeals.com/councils/worcester-city-council
Worcestershire County Council,England outside London,Traffic Penalty Tribunal,not published,not published,not published,not published,not published,not published,Traffic Penalty Tribunal annual report - no per-authority figures published,https://www.catoappeals.com/councils/worcestershire-county-council
Worcestershire County Council (with Worcester City Council),England outside London,Traffic Penalty Tribunal,not published,not published,not published,not published,not published,not published,Traffic Penalty Tribunal annual report - no per-authority figures published,https://www.catoappeals.com/councils/worcestershire-county-council-with-worcester-city-council
Worcestershire County Council (with Wychavon District Council),England outside London,Traffic Penalty Tribunal,not published,not published,not published,not published,not published,not published,Traffic Penalty Tribunal annual report - no per-authority figures published,https://www.catoappeals.com/councils/worcestershire-county-council-with-wychavon-district-council
Worcestershire County Council (with Wyre Forest District Council),England outside London,Traffic Penalty Tribunal,not published,not published,not published,not published,not published,not published,Traffic Penalty Tribunal annual report - no per-authority figures published,https://www.catoappeals.com/councils/worcestershire-county-council-with-wyre-forest-district-council
Worthing Borough Council,England outside London,Traffic Penalty Tribunal,not published,not published,not published,not published,not published,not published,Traffic Penalty Tribunal annual report - no per-authority figures published,https://www.catoappeals.com/councils/worthing-borough-council
Wrexham County Borough Council,Wales,Traffic Penalty Tribunal,not published,not published,not published,not published,not published,not published,Traffic Penalty Tribunal annual report - no per-authority figures published,https://www.catoappeals.com/councils/wrexham-county-borough-council
Wychavon District Council,England outside London,Traffic Penalty Tribunal,not published,not published,not published,not published,not published,not published,Traffic Penalty Tribunal annual report - no per-authority figures published,https://www.catoappeals.com/councils/wychavon-district-council
Wyre Borough Council,England outside London,Traffic Penalty Tribunal,not published,not published,not published,not published,not published,not published,Traffic Penalty Tribunal annual report - no per-authority figures published,https://www.catoappeals.com/councils/wyre-borough-council
Wyre Forest District Council,England outside London,Traffic Penalty Tribunal,not published,not published,not published,not published,not published,not published,Traffic Penalty Tribunal annual report - no per-authority figures published,https://www.catoappeals.com/councils/wyre-forest-district-council
