authority,region,authority_class,ons_code,certified,year,on_street_income_gbp_thousand,on_street_expenditure_gbp_thousand,on_street_net_gbp_thousand,off_street_income_gbp_thousand,off_street_expenditure_gbp_thousand,off_street_net_gbp_thousand,penalty_charge_income_gbp_thousand,bus_lane_income_gbp_thousand,bus_lane_expenditure_gbp_thousand,bus_lane_net_gbp_thousand,source,page
Barking & Dagenham,London,LB,E09000002,Y,2024-25,82141,72860,-9281,0,238,238,75697,not published,not published,not published,"Ministry of Housing, Communities & Local Government, ""Revenue outturn highways and transport services (RO2) 2024 to 2025""",https://www.catoappeals.com/councils/barking-and-dagenham
Barnet,London,LB,E09000003,Y,2024-25,26070.72,11373.83,-14696.89,1196.15,558.97,-637.18,4570.25,not published,not published,not published,"Ministry of Housing, Communities & Local Government, ""Revenue outturn highways and transport services (RO2) 2024 to 2025""",https://www.catoappeals.com/councils/barnet
Bexley,London,LB,E09000004,Y,2024-25,9023,5583,-3440,2313,858,-1455,7797,not published,not published,not published,"Ministry of Housing, Communities & Local Government, ""Revenue outturn highways and transport services (RO2) 2024 to 2025""",https://www.catoappeals.com/councils/bexley
Brent,London,LB,E09000005,Y,2024-25,31749,13157,-18592,480,434,-46,18865,1329,817,-512,"Ministry of Housing, Communities & Local Government, ""Revenue outturn highways and transport services (RO2) 2024 to 2025""",https://www.catoappeals.com/councils/brent
Bromley,London,LB,E09000006,Y,2024-25,12034,6558,-5476,3363,1655,-1708,4280,319,408,89,"Ministry of Housing, Communities & Local Government, ""Revenue outturn highways and transport services (RO2) 2024 to 2025""",https://www.catoappeals.com/councils/bromley
Camden,London,LB,E09000007,Y,2024-25,49347,17084,-32263,502,485,-17,20624,not published,not published,not published,"Ministry of Housing, Communities & Local Government, ""Revenue outturn highways and transport services (RO2) 2024 to 2025""",https://www.catoappeals.com/councils/camden
City of London,London,LB,E09000001,Y,2024-25,10520,158,-10362,3110,2874,-236,3128,not published,not published,not published,"Ministry of Housing, Communities & Local Government, ""Revenue outturn highways and transport services (RO2) 2024 to 2025""",https://www.catoappeals.com/councils/city-of-london
Croydon,London,LB,E09000008,Y,2024-25,26876.87,9116.41,-17760.46,1345.98,524.11,-821.87,17998.19,not published,not published,not published,"Ministry of Housing, Communities & Local Government, ""Revenue outturn highways and transport services (RO2) 2024 to 2025""",https://www.catoappeals.com/councils/croydon
Ealing,London,LB,E09000009,Y,2024-25,31689.86,21417.7,-10272.16,9306.01,1172.07,-8133.94,31777.5,not published,not published,not published,"Ministry of Housing, Communities & Local Government, ""Revenue outturn highways and transport services (RO2) 2024 to 2025""",https://www.catoappeals.com/councils/ealing
Enfield,London,LB,E09000010,Y,2024-25,6305,3977,-2328,1616,927,-689,not published,7199,3445,-3754,"Ministry of Housing, Communities & Local Government, ""Revenue outturn highways and transport services (RO2) 2024 to 2025""",https://www.catoappeals.com/councils/enfield
Greenwich,London,LB,E09000011,Y,2024-25,8502,5572,-2930,2231,666,-1565,3016,855,0,-855,"Ministry of Housing, Communities & Local Government, ""Revenue outturn highways and transport services (RO2) 2024 to 2025""",https://www.catoappeals.com/councils/greenwich
Hackney,London,LB,E09000012,Y,2024-25,32480,2419,-30061,378,15114,14736,12118,0,60,60,"Ministry of Housing, Communities & Local Government, ""Revenue outturn highways and transport services (RO2) 2024 to 2025""",https://www.catoappeals.com/councils/hackney
Hammersmith & Fulham,London,LB,E09000013,Y,2024-25,58935,20999,-37936,not published,not published,not published,30415,not published,not published,not published,"Ministry of Housing, Communities & Local Government, ""Revenue outturn highways and transport services (RO2) 2024 to 2025""",https://www.catoappeals.com/councils/hammersmith-and-fulham
Haringey,London,LB,E09000014,Y,2024-25,48193,16679,-31514,1010,1246,236,35855,not published,not published,not published,"Ministry of Housing, Communities & Local Government, ""Revenue outturn highways and transport services (RO2) 2024 to 2025""",https://www.catoappeals.com/councils/haringey
Harrow,London,LB,E09000015,Y,2024-25,10884,5196.58,-5687.42,916.65,1499.38,582.73,9578,not published,not published,not published,"Ministry of Housing, Communities & Local Government, ""Revenue outturn highways and transport services (RO2) 2024 to 2025""",https://www.catoappeals.com/councils/harrow
Havering,London,LB,E09000016,Y,2024-25,16350,10825,-5525,1696,826,-870,13858,not published,not published,not published,"Ministry of Housing, Communities & Local Government, ""Revenue outturn highways and transport services (RO2) 2024 to 2025""",https://www.catoappeals.com/councils/havering
Hillingdon,London,LB,E09000017,Y,2024-25,8685,4295,-4390,2683,1355,-1328,5164,not published,not published,not published,"Ministry of Housing, Communities & Local Government, ""Revenue outturn highways and transport services (RO2) 2024 to 2025""",https://www.catoappeals.com/councils/hillingdon
Hounslow,London,LB,E09000018,Y,2024-25,17490,7061,-10429,1050,1126,76,10248,0,331,331,"Ministry of Housing, Communities & Local Government, ""Revenue outturn highways and transport services (RO2) 2024 to 2025""",https://www.catoappeals.com/councils/hounslow
Islington,London,LB,E09000019,Y,2024-25,61159.76,24738.4,-36421.36,22.56,113.27,90.71,31357.18,not published,not published,not published,"Ministry of Housing, Communities & Local Government, ""Revenue outturn highways and transport services (RO2) 2024 to 2025""",https://www.catoappeals.com/councils/islington
Kensington & Chelsea,London,LB,E09000020,Y,2024-25,63167,13491,-49676,not published,not published,not published,19703,not published,not published,not published,"Ministry of Housing, Communities & Local Government, ""Revenue outturn highways and transport services (RO2) 2024 to 2025""",https://www.catoappeals.com/councils/kensington-and-chelsea
Kingston Upon Thames,London,LB,E09000021,Y,2024-25,6531,4093,-2438,5570,1889,-3681,2489,928,270,-658,"Ministry of Housing, Communities & Local Government, ""Revenue outturn highways and transport services (RO2) 2024 to 2025""",https://www.catoappeals.com/councils/kingston-upon-thames
Lambeth,London,LB,E09000022,Y,2024-25,62746.9,23342.8,-39404.1,580.4,770.41,190.01,41002,not published,not published,not published,"Ministry of Housing, Communities & Local Government, ""Revenue outturn highways and transport services (RO2) 2024 to 2025""",https://www.catoappeals.com/councils/lambeth
Lewisham,London,LB,E09000023,Y,2024-25,19307,10226,-9081,312,0,-312,10724,not published,not published,not published,"Ministry of Housing, Communities & Local Government, ""Revenue outturn highways and transport services (RO2) 2024 to 2025""",https://www.catoappeals.com/councils/lewisham
Merton,London,LB,E09000024,Y,2024-25,18871.74,8310.67,-10561.07,2569,1525.81,-1043.19,10259.27,not published,not published,not published,"Ministry of Housing, Communities & Local Government, ""Revenue outturn highways and transport services (RO2) 2024 to 2025""",https://www.catoappeals.com/councils/merton
Newham,London,LB,E09000025,Y,2024-25,38070,12970,-25100,1915,1074,-841,21412,385,236,-149,"Ministry of Housing, Communities & Local Government, ""Revenue outturn highways and transport services (RO2) 2024 to 2025""",https://www.catoappeals.com/councils/newham
Redbridge,London,LB,E09000026,Y,2024-25,22677,6162,-16515,1049,2014,965,19581,not published,not published,not published,"Ministry of Housing, Communities & Local Government, ""Revenue outturn highways and transport services (RO2) 2024 to 2025""",https://www.catoappeals.com/councils/redbridge
Richmond upon Thames,London,LB,E09000027,Y,2024-25,15443,6517,-8926,4755,2668,-2087,5978,129,67,-62,"Ministry of Housing, Communities & Local Government, ""Revenue outturn highways and transport services (RO2) 2024 to 2025""",https://www.catoappeals.com/councils/richmond-upon-thames
Southwark,London,LB,E09000028,Y,2024-25,37364,15293.05,-22070.95,477.97,609.67,131.7,18266,not published,not published,not published,"Ministry of Housing, Communities & Local Government, ""Revenue outturn highways and transport services (RO2) 2024 to 2025""",https://www.catoappeals.com/councils/southwark
Sutton,London,LB,E09000029,Y,2024-25,5027,5049,22,2681,1057,-1624,3814,22,0,-22,"Ministry of Housing, Communities & Local Government, ""Revenue outturn highways and transport services (RO2) 2024 to 2025""",https://www.catoappeals.com/councils/sutton
Tower Hamlets,London,LB,E09000030,Y,2024-25,34783,18882,-15901,177,7,-170,16435,not published,not published,not published,"Ministry of Housing, Communities & Local Government, ""Revenue outturn highways and transport services (RO2) 2024 to 2025""",https://www.catoappeals.com/councils/tower-hamlets
Waltham Forest,London,LB,E09000031,Y,2024-25,26435.87,14115.84,-12320.03,840.02,257.04,-582.98,26435.87,818,412,-406,"Ministry of Housing, Communities & Local Government, ""Revenue outturn highways and transport services (RO2) 2024 to 2025""",https://www.catoappeals.com/councils/waltham-forest
Wandsworth,London,LB,E09000032,Y,2024-25,42899,10586,-32313,not published,not published,not published,8558,not published,not published,not published,"Ministry of Housing, Communities & Local Government, ""Revenue outturn highways and transport services (RO2) 2024 to 2025""",https://www.catoappeals.com/councils/wandsworth
Westminster,London,LB,E09000033,Y,2024-25,129361.92,38792.46,-90569.46,53.81,0,-53.81,48778.89,not published,not published,not published,"Ministry of Housing, Communities & Local Government, ""Revenue outturn highways and transport services (RO2) 2024 to 2025""",https://www.catoappeals.com/councils/westminster
Adur,England outside London,SD,E07000223,Y,2024-25,70,97,27,563,257,-306,not published,not published,not published,not published,"Ministry of Housing, Communities & Local Government, ""Revenue outturn highways and transport services (RO2) 2024 to 2025""",https://www.catoappeals.com/councils/adur-district-council
Amber Valley,England outside London,SD,E07000032,Y,2024-25,not published,not published,not published,833,705,-128,not published,not published,not published,not published,"Ministry of Housing, Communities & Local Government, ""Revenue outturn highways and transport services (RO2) 2024 to 2025""",https://www.catoappeals.com/councils/amber-valley-borough-council
Arun,England outside London,SD,E07000224,Y,2024-25,not published,not published,not published,2266,1175,-1091,not published,not published,not published,not published,"Ministry of Housing, Communities & Local Government, ""Revenue outturn highways and transport services (RO2) 2024 to 2025""",https://www.catoappeals.com/councils/arun-district-council
Ashfield,England outside London,SD,E07000170,Y,2024-25,not published,not published,not published,108,215,107,not published,not published,not published,not published,"Ministry of Housing, Communities & Local Government, ""Revenue outturn highways and transport services (RO2) 2024 to 2025""",https://www.catoappeals.com/councils/ashfield-district-council
Ashford,England outside London,SD,E07000105,Y,2024-25,610,795.71,185.71,2457.38,1124.13,-1333.25,324,not published,not published,not published,"Ministry of Housing, Communities & Local Government, ""Revenue outturn highways and transport services (RO2) 2024 to 2025""",https://www.catoappeals.com/councils/ashford-borough-council
Babergh,England outside London,SD,E07000200,Y,2024-25,not published,not published,not published,317,562,245,not published,not published,not published,not published,"Ministry of Housing, Communities & Local Government, ""Revenue outturn highways and transport services (RO2) 2024 to 2025""",https://www.catoappeals.com/councils/babergh-district-council-with-ipswich-borough-council
Babergh,England outside London,SD,E07000200,Y,2024-25,not published,not published,not published,317,562,245,not published,not published,not published,not published,"Ministry of Housing, Communities & Local Government, ""Revenue outturn highways and transport services (RO2) 2024 to 2025""",https://www.catoappeals.com/councils/babergh-district-council-with-west-suffolk-council
Barnsley,England outside London,MD,E08000016,Y,2024-25,710,381,-329,2440,1363,-1077,692,not published,not published,not published,"Ministry of Housing, Communities & Local Government, ""Revenue outturn highways and transport services (RO2) 2024 to 2025""",https://www.catoappeals.com/councils/barnsley-metropolitan-borough-council
Basildon,England outside London,SD,E07000066,Y,2024-25,not published,not published,not published,852,621,-231,not published,not published,not published,not published,"Ministry of Housing, Communities & Local Government, ""Revenue outturn highways and transport services (RO2) 2024 to 2025""",https://www.catoappeals.com/councils/basildon-borough-council
Basingstoke & Deane,England outside London,SD,E07000084,Y,2024-25,not published,not published,not published,3055,1875,-1180,not published,not published,not published,not published,"Ministry of Housing, Communities & Local Government, ""Revenue outturn highways and transport services (RO2) 2024 to 2025""",https://www.catoappeals.com/councils/basingstoke-and-deane-borough-council
Bassetlaw,England outside London,SD,E07000171,Y,2024-25,not published,not published,not published,1071,778,-293,not published,not published,not published,not published,"Ministry of Housing, Communities & Local Government, ""Revenue outturn highways and transport services (RO2) 2024 to 2025""",https://www.catoappeals.com/councils/bassetlaw-district-council
Bath & North East Somerset UA,England outside London,UA,E06000022,Y,2024-25,4516,1948,-2568,12128,5454,-6674,1115,530,160,-370,"Ministry of Housing, Communities & Local Government, ""Revenue outturn highways and transport services (RO2) 2024 to 2025""",https://www.catoappeals.com/councils/bath-and-north-east-somerset-council
Bedford UA,England outside London,UA,E06000055,Y,2024-25,2377,2328,-49,2548,1934,-614,1213,not published,not published,not published,"Ministry of Housing, Communities & Local Government, ""Revenue outturn highways and transport services (RO2) 2024 to 2025""",https://www.catoappeals.com/councils/bedford-borough-council
Birmingham,England outside London,MD,E08000025,Y,2024-25,11782,7351,-4431,15901,4238,-11663,4778,not published,not published,not published,"Ministry of Housing, Communities & Local Government, ""Revenue outturn highways and transport services (RO2) 2024 to 2025""",https://www.catoappeals.com/councils/birmingham-city-council
Blaby,England outside London,SD,E07000129,Y,2024-25,not published,not published,not published,284,258,-26,not published,not published,not published,not published,"Ministry of Housing, Communities & Local Government, ""Revenue outturn highways and transport services (RO2) 2024 to 2025""",https://www.catoappeals.com/councils/blaby-district-council
Blackburn with Darwen UA,England outside London,UA,E06000008,N,2024-25,764,278,-486,1680,1665,-15,764,529,238,-291,"Ministry of Housing, Communities & Local Government, ""Revenue outturn highways and transport services (RO2) 2024 to 2025""",https://www.catoappeals.com/councils/blackburn-with-darwen-borough-council
Blackpool UA,England outside London,UA,E06000009,Y,2024-25,1937,1256,-681,7596,2934,-4662,926,not published,not published,not published,"Ministry of Housing, Communities & Local Government, ""Revenue outturn highways and transport services (RO2) 2024 to 2025""",https://www.catoappeals.com/councils/blackpool-council
Bolsover,England outside London,SD,E07000033,Y,2024-25,not published,not published,not published,77,355,278,not published,not published,not published,not published,"Ministry of Housing, Communities & Local Government, ""Revenue outturn highways and transport services (RO2) 2024 to 2025""",https://www.catoappeals.com/councils/bolsover-district-council
Bolton,England outside London,MD,E08000001,Y,2024-25,1324,1188,-136,1047,822,-225,1038,378,393,15,"Ministry of Housing, Communities & Local Government, ""Revenue outturn highways and transport services (RO2) 2024 to 2025""",https://www.catoappeals.com/councils/bolton-council
Telford & the Wrekin UA,England outside London,UA,E06000020,Y,2024-25,not published,not published,not published,996,805,-191,not published,not published,not published,not published,"Ministry of Housing, Communities & Local Government, ""Revenue outturn highways and transport services (RO2) 2024 to 2025""",https://www.catoappeals.com/councils/borough-of-telford-and-wrekin-council
Boston BC,England outside London,SD,E07000136,Y,2024-25,182,92,-90,764,385,-379,8,not published,not published,not published,"Ministry of Housing, Communities & Local Government, ""Revenue outturn highways and transport services (RO2) 2024 to 2025""",https://www.catoappeals.com/councils/boston-borough-council
"Bournemouth, Christchurch and Poole UA",England outside London,UA,E06000058,Y,2024-25,4140,2466,-1674,23733,8264,-15469,2473,not published,not published,not published,"Ministry of Housing, Communities & Local Government, ""Revenue outturn highways and transport services (RO2) 2024 to 2025""",https://www.catoappeals.com/councils/bournemouth-christchurch-and-poole-bcp
Bracknell Forest UA,England outside London,UA,E06000036,Y,2024-25,177,410,233,3502,1808,-1694,147,not published,not published,not published,"Ministry of Housing, Communities & Local Government, ""Revenue outturn highways and transport services (RO2) 2024 to 2025""",https://www.catoappeals.com/councils/bracknell-forest-borough-council
Braintree,England outside London,SD,E07000067,Y,2024-25,not published,not published,not published,1322,592,-730,not published,not published,not published,not published,"Ministry of Housing, Communities & Local Government, ""Revenue outturn highways and transport services (RO2) 2024 to 2025""",https://www.catoappeals.com/councils/braintree-district-council
Breckland,England outside London,SD,E07000143,Y,2024-25,not published,not published,not published,29.15,500.48,471.33,not published,not published,not published,not published,"Ministry of Housing, Communities & Local Government, ""Revenue outturn highways and transport services (RO2) 2024 to 2025""",https://www.catoappeals.com/councils/breckland-council
Brentwood,England outside London,SD,E07000068,Y,2024-25,not published,not published,not published,2291.6,956.36,-1335.24,not published,not published,not published,not published,"Ministry of Housing, Communities & Local Government, ""Revenue outturn highways and transport services (RO2) 2024 to 2025""",https://www.catoappeals.com/councils/brentwood-borough-council
Brighton & Hove UA,England outside London,UA,E06000043,Y,2024-25,42130,14483,-27647,8820,3236,-5584,14349,not published,not published,not published,"Ministry of Housing, Communities & Local Government, ""Revenue outturn highways and transport services (RO2) 2024 to 2025""",https://www.catoappeals.com/councils/brighton-and-hove-city-council
Bristol UA,England outside London,UA,E06000023,Y,2024-25,14456,6691,-7765,8706,4025,-4681,3567,3753,493,-3260,"Ministry of Housing, Communities & Local Government, ""Revenue outturn highways and transport services (RO2) 2024 to 2025""",https://www.catoappeals.com/councils/bristol-city-council
Bromsgrove,England outside London,SD,E07000234,Y,2024-25,154,0,-154,918,765,-153,154,not published,not published,not published,"Ministry of Housing, Communities & Local Government, ""Revenue outturn highways and transport services (RO2) 2024 to 2025""",https://www.catoappeals.com/councils/bromsgrove-district-council
Broxbourne,England outside London,SD,E07000095,Y,2024-25,637,1281,644,1129,421,-708,51,not published,not published,not published,"Ministry of Housing, Communities & Local Government, ""Revenue outturn highways and transport services (RO2) 2024 to 2025""",https://www.catoappeals.com/councils/broxbourne-borough-council
Broxtowe,England outside London,SD,E07000172,Y,2024-25,not published,not published,not published,363,296,-67,not published,not published,not published,not published,"Ministry of Housing, Communities & Local Government, ""Revenue outturn highways and transport services (RO2) 2024 to 2025""",https://www.catoappeals.com/councils/broxtowe-borough-council
Buckinghamshire UA,England outside London,UA,E06000060,Y,2024-25,1849,524,-1325,8985,7432,-1553,140,not published,not published,not published,"Ministry of Housing, Communities & Local Government, ""Revenue outturn highways and transport services (RO2) 2024 to 2025""",https://www.catoappeals.com/councils/buckinghamshire-council
Burnley,England outside London,SD,E07000117,Y,2024-25,not published,not published,not published,953,548,-405,not published,not published,not published,not published,"Ministry of Housing, Communities & Local Government, ""Revenue outturn highways and transport services (RO2) 2024 to 2025""",https://www.catoappeals.com/councils/burnley-borough-council
Bury MBC,England outside London,MD,E08000002,N,2024-25,864,539,-325,1788,1021,-767,612,149,88,-61,"Ministry of Housing, Communities & Local Government, ""Revenue outturn highways and transport services (RO2) 2024 to 2025""",https://www.catoappeals.com/councils/bury-metropolitan-borough-council
Calderdale,England outside London,MD,E08000033,Y,2024-25,3102,1241,-1861,1387,730,-657,707,not published,not published,not published,"Ministry of Housing, Communities & Local Government, ""Revenue outturn highways and transport services (RO2) 2024 to 2025""",https://www.catoappeals.com/councils/calderdale-borough-council
Cambridge,England outside London,SD,E07000008,Y,2024-25,not published,not published,not published,9578,3467,-6111,not published,not published,not published,not published,"Ministry of Housing, Communities & Local Government, ""Revenue outturn highways and transport services (RO2) 2024 to 2025""",https://www.catoappeals.com/councils/cambridge-city-council
Cambridgeshire CC,England outside London,SC,E10000003,Y,2024-25,6884,8337,1453,2222,6096,3874,1524,1946,2311,365,"Ministry of Housing, Communities & Local Government, ""Revenue outturn highways and transport services (RO2) 2024 to 2025""",https://www.catoappeals.com/councils/cambridgeshire-county-council
Cannock Chase,England outside London,SD,E07000192,Y,2024-25,not published,not published,not published,811,541,-270,not published,not published,not published,not published,"Ministry of Housing, Communities & Local Government, ""Revenue outturn highways and transport services (RO2) 2024 to 2025""",https://www.catoappeals.com/councils/cannock-chase-district-council
Canterbury,England outside London,SD,E07000106,Y,2024-25,1390,1165,-225,12024,5147,-6877,558,not published,not published,not published,"Ministry of Housing, Communities & Local Government, ""Revenue outturn highways and transport services (RO2) 2024 to 2025""",https://www.catoappeals.com/councils/canterbury-city-council
Castle Point,England outside London,SD,E07000069,Y,2024-25,17,20,3,1320,730,-590,not published,not published,not published,not published,"Ministry of Housing, Communities & Local Government, ""Revenue outturn highways and transport services (RO2) 2024 to 2025""",https://www.catoappeals.com/councils/castle-point-borough-council
Central Bedfordshire UA,England outside London,UA,E06000056,Y,2024-25,402,177,-225,1504.2,1033,-471.2,not published,not published,not published,not published,"Ministry of Housing, Communities & Local Government, ""Revenue outturn highways and transport services (RO2) 2024 to 2025""",https://www.catoappeals.com/councils/central-bedfordshire-council
Charnwood BC,England outside London,SD,E07000130,Y,2024-25,not published,not published,not published,878,826,-52,not published,not published,not published,not published,"Ministry of Housing, Communities & Local Government, ""Revenue outturn highways and transport services (RO2) 2024 to 2025""",https://www.catoappeals.com/councils/charnwood-borough-council
Chelmsford,England outside London,SD,E07000070,Y,2024-25,334.58,347.39,12.81,8335.43,3507.92,-4827.51,not published,not published,not published,not published,"Ministry of Housing, Communities & Local Government, ""Revenue outturn highways and transport services (RO2) 2024 to 2025""",https://www.catoappeals.com/councils/chelmsford-city-council
Cheltenham,England outside London,SD,E07000078,Y,2024-25,not published,not published,not published,4781,1665,-3116,not published,not published,not published,not published,"Ministry of Housing, Communities & Local Government, ""Revenue outturn highways and transport services (RO2) 2024 to 2025""",https://www.catoappeals.com/councils/cheltenham-borough-council-off-street
Cheltenham,England outside London,SD,E07000078,Y,2024-25,not published,not published,not published,4781,1665,-3116,not published,not published,not published,not published,"Ministry of Housing, Communities & Local Government, ""Revenue outturn highways and transport services (RO2) 2024 to 2025""",https://www.catoappeals.com/councils/cheltenham-borough-council-on-street
Cheshire East UA,England outside London,UA,E06000049,Y,2024-25,433,806,373,5044,3381,-1663,345,not published,not published,not published,"Ministry of Housing, Communities & Local Government, ""Revenue outturn highways and transport services (RO2) 2024 to 2025""",https://www.catoappeals.com/councils/cheshire-east-council
Cheshire West and Chester UA,England outside London,UA,E06000050,Y,2024-25,148,34,-114,7938,4927,-3011,148,not published,not published,not published,"Ministry of Housing, Communities & Local Government, ""Revenue outturn highways and transport services (RO2) 2024 to 2025""",https://www.catoappeals.com/councils/cheshire-west-and-chester-council
Chesterfield,England outside London,SD,E07000034,Y,2024-25,not published,not published,not published,2670,1274,-1396,not published,not published,not published,not published,"Ministry of Housing, Communities & Local Government, ""Revenue outturn highways and transport services (RO2) 2024 to 2025""",https://www.catoappeals.com/councils/chesterfield-borough-council
Chichester,England outside London,SD,E07000225,Y,2024-25,1058,1158,100,7170,1987,-5183,222,not published,not published,not published,"Ministry of Housing, Communities & Local Government, ""Revenue outturn highways and transport services (RO2) 2024 to 2025""",https://www.catoappeals.com/councils/chichester-district-council
Chorley,England outside London,SD,E07000118,Y,2024-25,not published,not published,not published,694,440,-254,not published,not published,not published,not published,"Ministry of Housing, Communities & Local Government, ""Revenue outturn highways and transport services (RO2) 2024 to 2025""",https://www.catoappeals.com/councils/chorley-borough-council
Bradford,England outside London,MD,E08000032,Y,2024-25,4609,1993,-2616,2847,2114,-733,3153,881,0,-881,"Ministry of Housing, Communities & Local Government, ""Revenue outturn highways and transport services (RO2) 2024 to 2025""",https://www.catoappeals.com/councils/city-of-bradford-metropolitan-district-council
Doncaster,England outside London,MD,E08000017,Y,2024-25,844,512,-332,1970,1839,-131,844,548,74,-474,"Ministry of Housing, Communities & Local Government, ""Revenue outturn highways and transport services (RO2) 2024 to 2025""",https://www.catoappeals.com/councils/city-of-doncaster-council
Lincoln City,England outside London,SD,E07000138,Y,2024-25,252,225,-27,7362,2972,-4390,not published,not published,not published,not published,"Ministry of Housing, Communities & Local Government, ""Revenue outturn highways and transport services (RO2) 2024 to 2025""",https://www.catoappeals.com/councils/city-of-lincoln-council
York UA,England outside London,UA,E06000014,Y,2024-25,2088,113,-1975,9871,3676,-6195,596,105,93,-12,"Ministry of Housing, Communities & Local Government, ""Revenue outturn highways and transport services (RO2) 2024 to 2025""",https://www.catoappeals.com/councils/city-of-york-council
Colchester,England outside London,SD,E07000071,Y,2024-25,3690,3572,-118,9180,10172,992,not published,not published,not published,not published,"Ministry of Housing, Communities & Local Government, ""Revenue outturn highways and transport services (RO2) 2024 to 2025""",https://www.catoappeals.com/councils/colchester-city-council
Cornwall UA,England outside London,UA,E06000052,Y,2024-25,3108,1845,-1263,16524,7325,-9199,1241,not published,not published,not published,"Ministry of Housing, Communities & Local Government, ""Revenue outturn highways and transport services (RO2) 2024 to 2025""",https://www.catoappeals.com/councils/cornwall-council
Cotswold,England outside London,SD,E07000079,Y,2024-25,not published,not published,not published,3543,1103,-2440,not published,not published,not published,not published,"Ministry of Housing, Communities & Local Government, ""Revenue outturn highways and transport services (RO2) 2024 to 2025""",https://www.catoappeals.com/councils/cotswold-district-council
Coventry,England outside London,MD,E08000026,Y,2024-25,not published,not published,not published,8909,5747,-3162,not published,1994,724,-1270,"Ministry of Housing, Communities & Local Government, ""Revenue outturn highways and transport services (RO2) 2024 to 2025""",https://www.catoappeals.com/councils/coventry-city-council
Crawley,England outside London,SD,E07000226,N,2024-25,1328,1328,0,1333,1416,83,47,not published,not published,not published,"Ministry of Housing, Communities & Local Government, ""Revenue outturn highways and transport services (RO2) 2024 to 2025""",https://www.catoappeals.com/councils/crawley-borough-council
Cumberland,England outside London,UA,E06000063,N,2024-25,not published,not published,not published,not published,not published,not published,not published,not published,not published,not published,"Ministry of Housing, Communities & Local Government, ""Revenue outturn highways and transport services (RO2) 2024 to 2025""",https://www.catoappeals.com/councils/cumberland-council
Dacorum,England outside London,SD,E07000096,Y,2024-25,623,974,351,1959,1224,-735,346,not published,not published,not published,"Ministry of Housing, Communities & Local Government, ""Revenue outturn highways and transport services (RO2) 2024 to 2025""",https://www.catoappeals.com/councils/dacorum-borough-council
Darlington UA,England outside London,UA,E06000005,Y,2024-25,612,181,-431,2348,1308,-1040,208,not published,not published,not published,"Ministry of Housing, Communities & Local Government, ""Revenue outturn highways and transport services (RO2) 2024 to 2025""",https://www.catoappeals.com/councils/darlington-borough-council
Dartford,England outside London,SD,E07000107,Y,2024-25,418,759,341,563,345,-218,21,not published,not published,not published,"Ministry of Housing, Communities & Local Government, ""Revenue outturn highways and transport services (RO2) 2024 to 2025""",https://www.catoappeals.com/councils/dartford-borough-council
Derby City UA,England outside London,UA,E06000015,Y,2024-25,3338,2090,-1248,5008,3134,-1874,1714,not published,not published,not published,"Ministry of Housing, Communities & Local Government, ""Revenue outturn highways and transport services (RO2) 2024 to 2025""",https://www.catoappeals.com/councils/derby-city-council
Derbyshire CC,England outside London,SC,E10000007,Y,2024-25,826,1000,174,460,493,33,644,not published,not published,not published,"Ministry of Housing, Communities & Local Government, ""Revenue outturn highways and transport services (RO2) 2024 to 2025""",https://www.catoappeals.com/councils/derbyshire-county-council
Derbyshire Dales,England outside London,SD,E07000035,Y,2024-25,not published,not published,not published,2996.15,1094.55,-1901.6,not published,not published,not published,not published,"Ministry of Housing, Communities & Local Government, ""Revenue outturn highways and transport services (RO2) 2024 to 2025""",https://www.catoappeals.com/councils/derbyshire-dales-district-council
Devon CC,England outside London,SC,E10000008,Y,2024-25,9235,5204,-4031,34,165,131,2877,not published,not published,not published,"Ministry of Housing, Communities & Local Government, ""Revenue outturn highways and transport services (RO2) 2024 to 2025""",https://www.catoappeals.com/councils/devon-county-council
Dorset UA,England outside London,UA,E06000059,Y,2024-25,2800,2837,37,8702,2190,-6512,596,not published,not published,not published,"Ministry of Housing, Communities & Local Government, ""Revenue outturn highways and transport services (RO2) 2024 to 2025""",https://www.catoappeals.com/councils/dorset-council
Dover,England outside London,SD,E07000108,Y,2024-25,1092,1092.4,0.4,2027,831.4,-1195.6,282,not published,not published,not published,"Ministry of Housing, Communities & Local Government, ""Revenue outturn highways and transport services (RO2) 2024 to 2025""",https://www.catoappeals.com/councils/dover-district-council
Dudley,England outside London,MD,E08000027,N,2024-25,293,654,361,957,1237,280,289,not published,not published,not published,"Ministry of Housing, Communities & Local Government, ""Revenue outturn highways and transport services (RO2) 2024 to 2025""",https://www.catoappeals.com/councils/dudley-metropolitan-borough-council
Durham UA,England outside London,UA,E06000047,Y,2024-25,2480,1764,-716,2262,1602,-660,638,not published,not published,not published,"Ministry of Housing, Communities & Local Government, ""Revenue outturn highways and transport services (RO2) 2024 to 2025""",https://www.catoappeals.com/councils/durham-county-council
East Devon,England outside London,SD,E07000040,N,2024-25,not published,not published,not published,4851,1864,-2987,not published,not published,not published,not published,"Ministry of Housing, Communities & Local Government, ""Revenue outturn highways and transport services (RO2) 2024 to 2025""",https://www.catoappeals.com/councils/east-devon-district-council
East Hampshire,England outside London,SD,E07000085,N,2024-25,not published,not published,not published,2258,603,-1655,not published,not published,not published,not published,"Ministry of Housing, Communities & Local Government, ""Revenue outturn highways and transport services (RO2) 2024 to 2025""",https://www.catoappeals.com/councils/east-hampshire-district-council
East Hertfordshire,England outside London,SD,E07000242,N,2024-25,1209,1063,-146,5197,3539,-1658,not published,not published,not published,not published,"Ministry of Housing, Communities & Local Government, ""Revenue outturn highways and transport services (RO2) 2024 to 2025""",https://www.catoappeals.com/councils/east-hertfordshire-district-council
East Lindsey,England outside London,SD,E07000137,N,2024-25,not published,not published,not published,3406,1651,-1755,not published,not published,not published,not published,"Ministry of Housing, Communities & Local Government, ""Revenue outturn highways and transport services (RO2) 2024 to 2025""",https://www.catoappeals.com/councils/east-lindsey-district-council
East Riding of Yorkshire UA,England outside London,UA,E06000011,Y,2024-25,1095,2095,1000,3804,1127,-2677,not published,not published,not published,not published,"Ministry of Housing, Communities & Local Government, ""Revenue outturn highways and transport services (RO2) 2024 to 2025""",https://www.catoappeals.com/councils/east-riding-of-yorkshire-council
East Staffordshire,England outside London,SD,E07000193,Y,2024-25,not published,not published,not published,1425.73,1112.74,-312.99,not published,not published,not published,not published,"Ministry of Housing, Communities & Local Government, ""Revenue outturn highways and transport services (RO2) 2024 to 2025""",https://www.catoappeals.com/councils/east-staffordshire-borough-council
East Suffolk,England outside London,SD,E07000244,Y,2024-25,374,275,-99,3972,2876,-1096,303,not published,not published,not published,"Ministry of Housing, Communities & Local Government, ""Revenue outturn highways and transport services (RO2) 2024 to 2025""",https://www.catoappeals.com/councils/east-suffolk-council
East Sussex CC,England outside London,SC,E10000011,Y,2024-25,6666,4356,-2310,393,425,32,6665,not published,not published,not published,"Ministry of Housing, Communities & Local Government, ""Revenue outturn highways and transport services (RO2) 2024 to 2025""",https://www.catoappeals.com/councils/east-sussex-county-council-eastbourne
East Sussex CC,England outside London,SC,E10000011,Y,2024-25,6666,4356,-2310,393,425,32,6665,not published,not published,not published,"Ministry of Housing, Communities & Local Government, ""Revenue outturn highways and transport services (RO2) 2024 to 2025""",https://www.catoappeals.com/councils/east-sussex-county-council-hastings
East Sussex CC,England outside London,SC,E10000011,Y,2024-25,6666,4356,-2310,393,425,32,6665,not published,not published,not published,"Ministry of Housing, Communities & Local Government, ""Revenue outturn highways and transport services (RO2) 2024 to 2025""",https://www.catoappeals.com/councils/east-sussex-county-council-lewes
East Sussex CC,England outside London,SC,E10000011,Y,2024-25,6666,4356,-2310,393,425,32,6665,not published,not published,not published,"Ministry of Housing, Communities & Local Government, ""Revenue outturn highways and transport services (RO2) 2024 to 2025""",https://www.catoappeals.com/councils/east-sussex-county-council-rother
Eastleigh,England outside London,SD,E07000086,Y,2024-25,not published,not published,not published,2281,1228,-1053,not published,not published,not published,not published,"Ministry of Housing, Communities & Local Government, ""Revenue outturn highways and transport services (RO2) 2024 to 2025""",https://www.catoappeals.com/councils/eastleigh-borough-council
Elmbridge,England outside London,SD,E07000207,N,2024-25,not published,not published,not published,4486,2040,-2446,not published,not published,not published,not published,"Ministry of Housing, Communities & Local Government, ""Revenue outturn highways and transport services (RO2) 2024 to 2025""",https://www.catoappeals.com/councils/elmbridge-borough-council
Epping Forest,England outside London,SD,E07000072,N,2024-25,not published,not published,not published,1461,979,-482,not published,not published,not published,not published,"Ministry of Housing, Communities & Local Government, ""Revenue outturn highways and transport services (RO2) 2024 to 2025""",https://www.catoappeals.com/councils/epping-forest-district-council
Epsom & Ewell,England outside London,SD,E07000208,Y,2024-25,not published,not published,not published,4636,1823,-2813,not published,not published,not published,not published,"Ministry of Housing, Communities & Local Government, ""Revenue outturn highways and transport services (RO2) 2024 to 2025""",https://www.catoappeals.com/councils/epsom-and-ewell-borough-council
Erewash,England outside London,SD,E07000036,Y,2024-25,0,13,13,1022,415,-607,not published,not published,not published,not published,"Ministry of Housing, Communities & Local Government, ""Revenue outturn highways and transport services (RO2) 2024 to 2025""",https://www.catoappeals.com/councils/erewash-borough-council
Essex CC,England outside London,SC,E10000012,Y,2024-25,6056,7129,1073,not published,not published,not published,6056,2676,1193,-1483,"Ministry of Housing, Communities & Local Government, ""Revenue outturn highways and transport services (RO2) 2024 to 2025""",https://www.catoappeals.com/councils/essex-county-council
Exeter,England outside London,SD,E07000041,Y,2024-25,not published,not published,not published,9360,3368,-5992,not published,not published,not published,not published,"Ministry of Housing, Communities & Local Government, ""Revenue outturn highways and transport services (RO2) 2024 to 2025""",https://www.catoappeals.com/councils/exeter-city-council
Fareham,England outside London,SD,E07000087,N,2024-25,not published,not published,not published,2293,1290,-1003,not published,not published,not published,not published,"Ministry of Housing, Communities & Local Government, ""Revenue outturn highways and transport services (RO2) 2024 to 2025""",https://www.catoappeals.com/councils/fareham-borough-council
Folkestone & Hythe,England outside London,SD,E07000112,N,2024-25,1386,861,-525,1853,775,-1078,138,not published,not published,not published,"Ministry of Housing, Communities & Local Government, ""Revenue outturn highways and transport services (RO2) 2024 to 2025""",https://www.catoappeals.com/councils/folkestone-and-hythe-district-council
Forest of Dean,England outside London,SD,E07000080,Y,2024-25,not published,not published,not published,208,250,42,not published,not published,not published,not published,"Ministry of Housing, Communities & Local Government, ""Revenue outturn highways and transport services (RO2) 2024 to 2025""",https://www.catoappeals.com/councils/forest-of-dean-district-council
Fylde,England outside London,SD,E07000119,Y,2024-25,not published,not published,not published,864,381,-483,not published,not published,not published,not published,"Ministry of Housing, Communities & Local Government, ""Revenue outturn highways and transport services (RO2) 2024 to 2025""",https://www.catoappeals.com/councils/fylde-borough-council
Gateshead,England outside London,MD,E08000037,Y,2024-25,554,331,-223,1608,1197,-411,430,909,403,-506,"Ministry of Housing, Communities & Local Government, ""Revenue outturn highways and transport services (RO2) 2024 to 2025""",https://www.catoappeals.com/councils/gateshead-council
Gedling,England outside London,SD,E07000173,Y,2024-25,not published,not published,not published,203,374,171,not published,not published,not published,not published,"Ministry of Housing, Communities & Local Government, ""Revenue outturn highways and transport services (RO2) 2024 to 2025""",https://www.catoappeals.com/councils/gedling-borough-council
Gloucester,England outside London,SD,E07000081,N,2024-25,not published,not published,not published,2674,1191,-1483,not published,not published,not published,not published,"Ministry of Housing, Communities & Local Government, ""Revenue outturn highways and transport services (RO2) 2024 to 2025""",https://www.catoappeals.com/councils/gloucester-city-council
Gloucestershire CC,England outside London,SC,E10000013,Y,2024-25,5999,2949,-3050,136,296,160,1951,not published,not published,not published,"Ministry of Housing, Communities & Local Government, ""Revenue outturn highways and transport services (RO2) 2024 to 2025""",https://www.catoappeals.com/councils/gloucestershire-county-council
Gosport,England outside London,SD,E07000088,Y,2024-25,not published,not published,not published,1192,583,-609,not published,not published,not published,not published,"Ministry of Housing, Communities & Local Government, ""Revenue outturn highways and transport services (RO2) 2024 to 2025""",https://www.catoappeals.com/councils/gosport-borough-council
Gravesham,England outside London,SD,E07000109,Y,2024-25,1025,1034,9,1374,523,-851,465,not published,not published,not published,"Ministry of Housing, Communities & Local Government, ""Revenue outturn highways and transport services (RO2) 2024 to 2025""",https://www.catoappeals.com/councils/gravesham-borough-council
Great Yarmouth,England outside London,SD,E07000145,Y,2024-25,562,555,-7,2036,965,-1071,not published,not published,not published,not published,"Ministry of Housing, Communities & Local Government, ""Revenue outturn highways and transport services (RO2) 2024 to 2025""",https://www.catoappeals.com/councils/great-yarmouth-borough-council
Guildford,England outside London,SD,E07000209,N,2024-25,-100,675,775,11870,4599,-7271,not published,not published,not published,not published,"Ministry of Housing, Communities & Local Government, ""Revenue outturn highways and transport services (RO2) 2024 to 2025""",https://www.catoappeals.com/councils/guildford-borough-council
Halton UA,England outside London,UA,E06000006,Y,2024-25,not published,not published,not published,6,157,151,not published,not published,not published,not published,"Ministry of Housing, Communities & Local Government, ""Revenue outturn highways and transport services (RO2) 2024 to 2025""",https://www.catoappeals.com/councils/halton-borough-council
Hampshire CC,England outside London,SC,E10000014,Y,2024-25,4804,4334,-470,226,244,18,2449,not published,not published,not published,"Ministry of Housing, Communities & Local Government, ""Revenue outturn highways and transport services (RO2) 2024 to 2025""",https://www.catoappeals.com/councils/hampshire-county-council
Hampshire CC,England outside London,SC,E10000014,Y,2024-25,4804,4334,-470,226,244,18,2449,not published,not published,not published,"Ministry of Housing, Communities & Local Government, ""Revenue outturn highways and transport services (RO2) 2024 to 2025""",https://www.catoappeals.com/councils/hampshire-county-council-with-basingstoke-borough-council
Hampshire CC,England outside London,SC,E10000014,Y,2024-25,4804,4334,-470,226,244,18,2449,not published,not published,not published,"Ministry of Housing, Communities & Local Government, ""Revenue outturn highways and transport services (RO2) 2024 to 2025""",https://www.catoappeals.com/councils/hampshire-county-council-with-hart-district-council
Hampshire CC,England outside London,SC,E10000014,Y,2024-25,4804,4334,-470,226,244,18,2449,not published,not published,not published,"Ministry of Housing, Communities & Local Government, ""Revenue outturn highways and transport services (RO2) 2024 to 2025""",https://www.catoappeals.com/councils/hampshire-county-council-with-havant-borough-council
Hampshire CC,England outside London,SC,E10000014,Y,2024-25,4804,4334,-470,226,244,18,2449,not published,not published,not published,"Ministry of Housing, Communities & Local Government, ""Revenue outturn highways and transport services (RO2) 2024 to 2025""",https://www.catoappeals.com/councils/hampshire-county-council-with-rushmoor-borough-council
Hampshire CC,England outside London,SC,E10000014,Y,2024-25,4804,4334,-470,226,244,18,2449,not published,not published,not published,"Ministry of Housing, Communities & Local Government, ""Revenue outturn highways and transport services (RO2) 2024 to 2025""",https://www.catoappeals.com/councils/hampshire-county-council-with-winchester-county-council
Harborough,England outside London,SD,E07000131,Y,2024-25,262,327,65,1751,1172,-579,not published,not published,not published,not published,"Ministry of Housing, Communities & Local Government, ""Revenue outturn highways and transport services (RO2) 2024 to 2025""",https://www.catoappeals.com/councils/harborough-district-council
Harlow,England outside London,SD,E07000073,Y,2024-25,0,4,4,488,315,-173,not published,not published,not published,not published,"Ministry of Housing, Communities & Local Government, ""Revenue outturn highways and transport services (RO2) 2024 to 2025""",https://www.catoappeals.com/councils/harlow-district-council
Hart DC,England outside London,SD,E07000089,Y,2024-25,not published,not published,not published,844,698,-146,not published,not published,not published,not published,"Ministry of Housing, Communities & Local Government, ""Revenue outturn highways and transport services (RO2) 2024 to 2025""",https://www.catoappeals.com/councils/hart-district-council
Hartlepool UA,England outside London,UA,E06000001,Y,2024-25,74,68,-6,1813,1379,-434,4,not published,not published,not published,"Ministry of Housing, Communities & Local Government, ""Revenue outturn highways and transport services (RO2) 2024 to 2025""",https://www.catoappeals.com/councils/hartlepool-borough-council
Hastings,England outside London,SD,E07000062,Y,2024-25,not published,not published,not published,3113,2344,-769,not published,not published,not published,not published,"Ministry of Housing, Communities & Local Government, ""Revenue outturn highways and transport services (RO2) 2024 to 2025""",https://www.catoappeals.com/councils/hastings-borough-council
Havant,England outside London,SD,E07000090,Y,2024-25,not published,not published,not published,2236,767,-1469,not published,not published,not published,not published,"Ministry of Housing, Communities & Local Government, ""Revenue outturn highways and transport services (RO2) 2024 to 2025""",https://www.catoappeals.com/councils/havant-borough-council
Herefordshire UA,England outside London,UA,E06000019,Y,2024-25,500,8,-492,5785,1343,-4442,not published,not published,not published,not published,"Ministry of Housing, Communities & Local Government, ""Revenue outturn highways and transport services (RO2) 2024 to 2025""",https://www.catoappeals.com/councils/herefordshire-council
Hertfordshire CC,England outside London,SC,E10000015,Y,2024-25,not published,not published,not published,not published,not published,not published,not published,not published,not published,not published,"Ministry of Housing, Communities & Local Government, ""Revenue outturn highways and transport services (RO2) 2024 to 2025""",https://www.catoappeals.com/councils/hertfordshire-county-council
Hertsmere,England outside London,SD,E07000098,Y,2024-25,1166,720,-446,1749,1080,-669,438,not published,not published,not published,"Ministry of Housing, Communities & Local Government, ""Revenue outturn highways and transport services (RO2) 2024 to 2025""",https://www.catoappeals.com/councils/hertsmere-borough-council
High Peak,England outside London,SD,E07000037,Y,2024-25,34,34,0,1545,476,-1069,not published,not published,not published,not published,"Ministry of Housing, Communities & Local Government, ""Revenue outturn highways and transport services (RO2) 2024 to 2025""",https://www.catoappeals.com/councils/high-peak-borough-council
Hinckley & Bosworth,England outside London,SD,E07000132,Y,2024-25,not published,not published,not published,662,815,153,not published,not published,not published,not published,"Ministry of Housing, Communities & Local Government, ""Revenue outturn highways and transport services (RO2) 2024 to 2025""",https://www.catoappeals.com/councils/hinckley-and-bosworth-borough-council
Horsham,England outside London,SD,E07000227,Y,2024-25,818,965,147,5500,2396,-3104,266,not published,not published,not published,"Ministry of Housing, Communities & Local Government, ""Revenue outturn highways and transport services (RO2) 2024 to 2025""",https://www.catoappeals.com/councils/horsham-district-council
Huntingdonshire,England outside London,SD,E07000011,Y,2024-25,0,16,16,2503,1946,-557,not published,not published,not published,not published,"Ministry of Housing, Communities & Local Government, ""Revenue outturn highways and transport services (RO2) 2024 to 2025""",https://www.catoappeals.com/councils/huntingdonshire-district-council
Hyndburn BC,England outside London,SD,E07000120,Y,2024-25,not published,not published,not published,0,80,80,not published,not published,not published,not published,"Ministry of Housing, Communities & Local Government, ""Revenue outturn highways and transport services (RO2) 2024 to 2025""",https://www.catoappeals.com/councils/hyndburn-borough-council
Ipswich,England outside London,SD,E07000202,Y,2024-25,946,846,-100,5599,4005,-1594,84,not published,not published,not published,"Ministry of Housing, Communities & Local Government, ""Revenue outturn highways and transport services (RO2) 2024 to 2025""",https://www.catoappeals.com/councils/ipswich-borough-council
Isle of Wight UA,England outside London,UA,E06000046,Y,2024-25,2435,1010,-1425,3998,1147,-2851,265,not published,not published,not published,"Ministry of Housing, Communities & Local Government, ""Revenue outturn highways and transport services (RO2) 2024 to 2025""",https://www.catoappeals.com/councils/isle-of-wight-council
Kent CC,England outside London,SC,E10000016,Y,2024-25,not published,not published,not published,not published,not published,not published,not published,not published,not published,not published,"Ministry of Housing, Communities & Local Government, ""Revenue outturn highways and transport services (RO2) 2024 to 2025""",https://www.catoappeals.com/councils/kent-county-council
Kent CC,England outside London,SC,E10000016,Y,2024-25,not published,not published,not published,not published,not published,not published,not published,not published,not published,not published,"Ministry of Housing, Communities & Local Government, ""Revenue outturn highways and transport services (RO2) 2024 to 2025""",https://www.catoappeals.com/councils/kent-county-council-with-dartford-borough-council
Kent CC,England outside London,SC,E10000016,Y,2024-25,not published,not published,not published,not published,not published,not published,not published,not published,not published,not published,"Ministry of Housing, Communities & Local Government, ""Revenue outturn highways and transport services (RO2) 2024 to 2025""",https://www.catoappeals.com/councils/kent-county-council-with-dover-district-council
Kent CC,England outside London,SC,E10000016,Y,2024-25,not published,not published,not published,not published,not published,not published,not published,not published,not published,not published,"Ministry of Housing, Communities & Local Government, ""Revenue outturn highways and transport services (RO2) 2024 to 2025""",https://www.catoappeals.com/councils/kent-county-council-with-sevenoaks-district-council
Kent CC,England outside London,SC,E10000016,Y,2024-25,not published,not published,not published,not published,not published,not published,not published,not published,not published,not published,"Ministry of Housing, Communities & Local Government, ""Revenue outturn highways and transport services (RO2) 2024 to 2025""",https://www.catoappeals.com/councils/kent-county-council-with-swale-borough-council
Kent CC,England outside London,SC,E10000016,Y,2024-25,not published,not published,not published,not published,not published,not published,not published,not published,not published,not published,"Ministry of Housing, Communities & Local Government, ""Revenue outturn highways and transport services (RO2) 2024 to 2025""",https://www.catoappeals.com/councils/kent-county-council-with-thanet-district-council
Kent CC,England outside London,SC,E10000016,Y,2024-25,not published,not published,not published,not published,not published,not published,not published,not published,not published,not published,"Ministry of Housing, Communities & Local Government, ""Revenue outturn highways and transport services (RO2) 2024 to 2025""",https://www.catoappeals.com/councils/kent-county-council-with-tonbridge-and-malling-borough-council
Kent CC,England outside London,SC,E10000016,Y,2024-25,not published,not published,not published,not published,not published,not published,not published,not published,not published,not published,"Ministry of Housing, Communities & Local Government, ""Revenue outturn highways and transport services (RO2) 2024 to 2025""",https://www.catoappeals.com/councils/kent-county-council-with-tunbridge-wells-borough-council
Kingston-upon-Hull UA,England outside London,UA,E06000010,Y,2024-25,2347,1964,-383,635,184,-451,not published,701,0,-701,"Ministry of Housing, Communities & Local Government, ""Revenue outturn highways and transport services (RO2) 2024 to 2025""",https://www.catoappeals.com/councils/kingston-upon-hull-city-council
Kirklees,England outside London,MD,E08000034,Y,2024-25,2034,1340,-694,3368,1963,-1405,665,208,294,86,"Ministry of Housing, Communities & Local Government, ""Revenue outturn highways and transport services (RO2) 2024 to 2025""",https://www.catoappeals.com/councils/kirklees-metropolitan-council
Knowsley,England outside London,MD,E08000011,Y,2024-25,213,274,61,49,447,398,213,not published,not published,not published,"Ministry of Housing, Communities & Local Government, ""Revenue outturn highways and transport services (RO2) 2024 to 2025""",https://www.catoappeals.com/councils/knowsley-metropolitan-borough-council
Lancashire CC,England outside London,SC,E10000017,Y,2024-25,3090,3301,211,658,637,-21,2441,2888,328,-2560,"Ministry of Housing, Communities & Local Government, ""Revenue outturn highways and transport services (RO2) 2024 to 2025""",https://www.catoappeals.com/councils/lancashire-county-council
Lancaster,England outside London,SD,E07000121,Y,2024-25,not published,not published,not published,4099,1639,-2460,not published,not published,not published,not published,"Ministry of Housing, Communities & Local Government, ""Revenue outturn highways and transport services (RO2) 2024 to 2025""",https://www.catoappeals.com/councils/lancaster-city-council
Leeds,England outside London,MD,E08000035,Y,2024-25,9109,3344,-5765,3993,2234,-1759,8638,495,12,-483,"Ministry of Housing, Communities & Local Government, ""Revenue outturn highways and transport services (RO2) 2024 to 2025""",https://www.catoappeals.com/councils/leeds-city-council
Leicester City UA,England outside London,UA,E06000016,N,2024-25,7213,4994,-2219,2698,1125,-1573,4808,1169,136,-1033,"Ministry of Housing, Communities & Local Government, ""Revenue outturn highways and transport services (RO2) 2024 to 2025""",https://www.catoappeals.com/councils/leicester-city-council
Leicester City UA,England outside London,UA,E06000016,N,2024-25,7213,4994,-2219,2698,1125,-1573,4808,1169,136,-1033,"Ministry of Housing, Communities & Local Government, ""Revenue outturn highways and transport services (RO2) 2024 to 2025""",https://www.catoappeals.com/councils/leicester-city-council-bus-lanes-lg
Leicestershire CC,England outside London,SC,E10000018,Y,2024-25,1142,1333,191,224,307,83,830,not published,not published,not published,"Ministry of Housing, Communities & Local Government, ""Revenue outturn highways and transport services (RO2) 2024 to 2025""",https://www.catoappeals.com/councils/leicestershire-county-council-with-blaby-district-council
Leicestershire CC,England outside London,SC,E10000018,Y,2024-25,1142,1333,191,224,307,83,830,not published,not published,not published,"Ministry of Housing, Communities & Local Government, ""Revenue outturn highways and transport services (RO2) 2024 to 2025""",https://www.catoappeals.com/councils/leicestershire-county-council-with-harborough-district-council
Leicestershire CC,England outside London,SC,E10000018,Y,2024-25,1142,1333,191,224,307,83,830,not published,not published,not published,"Ministry of Housing, Communities & Local Government, ""Revenue outturn highways and transport services (RO2) 2024 to 2025""",https://www.catoappeals.com/councils/leicestershire-county-council-with-hinckley-and-bosworth-district-council
Leicestershire CC,England outside London,SC,E10000018,Y,2024-25,1142,1333,191,224,307,83,830,not published,not published,not published,"Ministry of Housing, Communities & Local Government, ""Revenue outturn highways and transport services (RO2) 2024 to 2025""",https://www.catoappeals.com/councils/leicestershire-county-council-with-north-west-leicestershire-district-council
Leicestershire CC,England outside London,SC,E10000018,Y,2024-25,1142,1333,191,224,307,83,830,not published,not published,not published,"Ministry of Housing, Communities & Local Government, ""Revenue outturn highways and transport services (RO2) 2024 to 2025""",https://www.catoappeals.com/councils/leicestershire-county-council-with-oadby-and-wigston-borough-council
Lichfield,England outside London,SD,E07000194,Y,2024-25,not published,not published,not published,2276,994,-1282,not published,not published,not published,not published,"Ministry of Housing, Communities & Local Government, ""Revenue outturn highways and transport services (RO2) 2024 to 2025""",https://www.catoappeals.com/councils/lichfield-district-council
Lincolnshire CC,England outside London,SC,E10000019,Y,2024-25,3375,4628,1253,not published,not published,not published,1419,not published,not published,not published,"Ministry of Housing, Communities & Local Government, ""Revenue outturn highways and transport services (RO2) 2024 to 2025""",https://www.catoappeals.com/councils/lincolnshire-county-council
Liverpool,England outside London,MD,E08000012,Y,2024-25,8675,5719,-2956,7436,4942,-2494,4480,1026,5,-1021,"Ministry of Housing, Communities & Local Government, ""Revenue outturn highways and transport services (RO2) 2024 to 2025""",https://www.catoappeals.com/councils/liverpool-city-council
Luton UA,England outside London,UA,E06000032,N,2024-25,2905,1016,-1889,1340,2034,694,1899,130,13,-117,"Ministry of Housing, Communities & Local Government, ""Revenue outturn highways and transport services (RO2) 2024 to 2025""",https://www.catoappeals.com/councils/luton-borough-council
Maidstone,England outside London,SD,E07000110,Y,2024-25,1144,1073,-71,2572,1200,-1372,650,not published,not published,not published,"Ministry of Housing, Communities & Local Government, ""Revenue outturn highways and transport services (RO2) 2024 to 2025""",https://www.catoappeals.com/councils/maidstone-borough-council
Maldon DC,England outside London,SD,E07000074,Y,2024-25,0,5,5,2117,1177,-940,not published,not published,not published,not published,"Ministry of Housing, Communities & Local Government, ""Revenue outturn highways and transport services (RO2) 2024 to 2025""",https://www.catoappeals.com/councils/maldon-district-council
Malvern Hills,England outside London,SD,E07000235,Y,2024-25,66,0,-66,530,329,-201,66,not published,not published,not published,"Ministry of Housing, Communities & Local Government, ""Revenue outturn highways and transport services (RO2) 2024 to 2025""",https://www.catoappeals.com/councils/malvern-hills-district-council
Manchester,England outside London,MD,E08000003,Y,2024-25,25534,13896,-11638,14230,6388,-7842,14750,6565,1858,-4707,"Ministry of Housing, Communities & Local Government, ""Revenue outturn highways and transport services (RO2) 2024 to 2025""",https://www.catoappeals.com/councils/manchester-city-council
Mansfield,England outside London,SD,E07000174,Y,2024-25,not published,not published,not published,999,1089,90,not published,not published,not published,not published,"Ministry of Housing, Communities & Local Government, ""Revenue outturn highways and transport services (RO2) 2024 to 2025""",https://www.catoappeals.com/councils/mansfield-district-council
Medway Towns UA,England outside London,UA,E06000035,Y,2024-25,3727,2585,-1142,6485,2441,-4044,not published,not published,not published,not published,"Ministry of Housing, Communities & Local Government, ""Revenue outturn highways and transport services (RO2) 2024 to 2025""",https://www.catoappeals.com/councils/medway-council
Melton,England outside London,SD,E07000133,N,2024-25,not published,not published,not published,711,453,-258,not published,not published,not published,not published,"Ministry of Housing, Communities & Local Government, ""Revenue outturn highways and transport services (RO2) 2024 to 2025""",https://www.catoappeals.com/councils/melton-borough-council
Wirral,England outside London,MD,E08000015,Y,2024-25,1560,1025,-535,734,482,-252,not published,not published,not published,not published,"Ministry of Housing, Communities & Local Government, ""Revenue outturn highways and transport services (RO2) 2024 to 2025""",https://www.catoappeals.com/councils/metropolitan-borough-of-wirral
Mid Devon,England outside London,SD,E07000042,Y,2024-25,not published,not published,not published,1064,639.13,-424.87,not published,not published,not published,not published,"Ministry of Housing, Communities & Local Government, ""Revenue outturn highways and transport services (RO2) 2024 to 2025""",https://www.catoappeals.com/councils/mid-devon-district-council
Mid Suffolk,England outside London,SD,E07000203,Y,2024-25,not published,not published,not published,610,475,-135,not published,not published,not published,not published,"Ministry of Housing, Communities & Local Government, ""Revenue outturn highways and transport services (RO2) 2024 to 2025""",https://www.catoappeals.com/councils/mid-suffolk-district-council-with-ipswich-borough-council
Mid Suffolk,England outside London,SD,E07000203,Y,2024-25,not published,not published,not published,610,475,-135,not published,not published,not published,not published,"Ministry of Housing, Communities & Local Government, ""Revenue outturn highways and transport services (RO2) 2024 to 2025""",https://www.catoappeals.com/councils/mid-suffolk-district-council-with-west-suffolk-council
Mid Sussex,England outside London,SD,E07000228,Y,2024-25,566,565,-1,2460,1219,-1241,351,not published,not published,not published,"Ministry of Housing, Communities & Local Government, ""Revenue outturn highways and transport services (RO2) 2024 to 2025""",https://www.catoappeals.com/councils/mid-sussex-district-council
Middlesbrough UA,England outside London,UA,E06000002,Y,2024-25,1342,215,-1127,not published,not published,not published,not published,not published,not published,not published,"Ministry of Housing, Communities & Local Government, ""Revenue outturn highways and transport services (RO2) 2024 to 2025""",https://www.catoappeals.com/councils/middlesbrough-council
Milton Keynes UA,England outside London,UA,E06000042,Y,2024-25,12974,2528,-10446,40,610,570,1818,not published,not published,not published,"Ministry of Housing, Communities & Local Government, ""Revenue outturn highways and transport services (RO2) 2024 to 2025""",https://www.catoappeals.com/councils/milton-keynes-city-council
Mole Valley,England outside London,SD,E07000210,Y,2024-25,50,0,-50,2714,1112,-1602,50,not published,not published,not published,"Ministry of Housing, Communities & Local Government, ""Revenue outturn highways and transport services (RO2) 2024 to 2025""",https://www.catoappeals.com/councils/mole-valley-district-council
New Forest,England outside London,SD,E07000091,Y,2024-25,not published,not published,not published,4712,2043,-2669,not published,not published,not published,not published,"Ministry of Housing, Communities & Local Government, ""Revenue outturn highways and transport services (RO2) 2024 to 2025""",https://www.catoappeals.com/councils/new-forest-district-council
Newark & Sherwood,England outside London,SD,E07000175,Y,2024-25,not published,not published,not published,1863,1190,-673,not published,not published,not published,not published,"Ministry of Housing, Communities & Local Government, ""Revenue outturn highways and transport services (RO2) 2024 to 2025""",https://www.catoappeals.com/councils/newark-and-sherwood-district-council
Newcastle,England outside London,MD,E08000021,Y,2024-25,8900,3157,-5743,16266,10601,-5665,3096,1192,728,-464,"Ministry of Housing, Communities & Local Government, ""Revenue outturn highways and transport services (RO2) 2024 to 2025""",https://www.catoappeals.com/councils/newcastle-city-council
Newcastle-under-Lyme,England outside London,SD,E07000195,Y,2024-25,not published,not published,not published,688,459,-229,not published,not published,not published,not published,"Ministry of Housing, Communities & Local Government, ""Revenue outturn highways and transport services (RO2) 2024 to 2025""",https://www.catoappeals.com/councils/newcastle-under-lyme-borough-council
Norfolk CC,England outside London,SC,E10000020,Y,2024-25,554,280,-274,523,939,416,not published,not published,not published,not published,"Ministry of Housing, Communities & Local Government, ""Revenue outturn highways and transport services (RO2) 2024 to 2025""",https://www.catoappeals.com/councils/norfolk-county-council
North Devon,England outside London,SD,E07000043,Y,2024-25,not published,not published,not published,3776,1748,-2028,not published,not published,not published,not published,"Ministry of Housing, Communities & Local Government, ""Revenue outturn highways and transport services (RO2) 2024 to 2025""",https://www.catoappeals.com/councils/north-devon-district-council
North East Derbyshire,England outside London,SD,E07000038,Y,2024-25,not published,not published,not published,not published,not published,not published,not published,not published,not published,not published,"Ministry of Housing, Communities & Local Government, ""Revenue outturn highways and transport services (RO2) 2024 to 2025""",https://www.catoappeals.com/councils/north-east-derbyshire-district-council
North East Lincolnshire UA,England outside London,UA,E06000012,Y,2024-25,19,0,-19,2030,1488,-542,not published,not published,not published,not published,"Ministry of Housing, Communities & Local Government, ""Revenue outturn highways and transport services (RO2) 2024 to 2025""",https://www.catoappeals.com/councils/north-east-lincolnshire-council
North Essex Parking Partnership,England outside London,not published,not published,not published,not published,not published,not published,not published,not published,not published,not published,not published,not published,not published,not published,"Ministry of Housing, Communities & Local Government, ""Revenue outturn highways and transport services (RO2) 2024 to 2025"" - a joint parking partnership rather than a local authority - the districts it acts for file their own returns, and there is no partnership row to quote",https://www.catoappeals.com/councils/north-essex-parking-partnership
North Gloucestershire Borough Council,England outside London,not published,not published,not published,not published,not published,not published,not published,not published,not published,not published,not published,not published,not published,not published,"Ministry of Housing, Communities & Local Government, ""Revenue outturn highways and transport services (RO2) 2024 to 2025"" - listed in the PATROL directory under a name that matches no local authority in the finance returns",https://www.catoappeals.com/councils/north-gloucestershire-borough-council
North Hertfordshire,England outside London,SD,E07000099,N,2024-25,668,715,47,2276,2405,129,473,not published,not published,not published,"Ministry of Housing, Communities & Local Government, ""Revenue outturn highways and transport services (RO2) 2024 to 2025""",https://www.catoappeals.com/councils/north-hertfordshire-district-council
North Kesteven,England outside London,SD,E07000139,Y,2024-25,not published,not published,not published,427,433,6,not published,not published,not published,not published,"Ministry of Housing, Communities & Local Government, ""Revenue outturn highways and transport services (RO2) 2024 to 2025""",https://www.catoappeals.com/councils/north-kesteven-district-council
North Lincolnshire UA,England outside London,UA,E06000013,Y,2024-25,96.84,220.78,123.94,617.56,701.63,84.07,88.92,not published,not published,not published,"Ministry of Housing, Communities & Local Government, ""Revenue outturn highways and transport services (RO2) 2024 to 2025""",https://www.catoappeals.com/councils/north-lincolnshire-council
North Norfolk,England outside London,SD,E07000147,Y,2024-25,not published,not published,not published,3376,1198,-2178,not published,not published,not published,not published,"Ministry of Housing, Communities & Local Government, ""Revenue outturn highways and transport services (RO2) 2024 to 2025""",https://www.catoappeals.com/councils/north-norfolk-district-council
North Northamptonshire,England outside London,UA,E06000061,Y,2024-25,3198,2133,-1065,not published,not published,not published,1296,not published,not published,not published,"Ministry of Housing, Communities & Local Government, ""Revenue outturn highways and transport services (RO2) 2024 to 2025""",https://www.catoappeals.com/councils/north-northamptonshire-council
North Somerset UA,England outside London,UA,E06000024,Y,2024-25,1485,1727,242,3083,1463,-1620,not published,not published,not published,not published,"Ministry of Housing, Communities & Local Government, ""Revenue outturn highways and transport services (RO2) 2024 to 2025""",https://www.catoappeals.com/councils/north-somerset-council
North Tyneside,England outside London,MD,E08000022,Y,2024-25,1404,230,-1174,1404,230,-1174,811,not published,not published,not published,"Ministry of Housing, Communities & Local Government, ""Revenue outturn highways and transport services (RO2) 2024 to 2025""",https://www.catoappeals.com/councils/north-tyneside-council
North Warwickshire,England outside London,SD,E07000218,Y,2024-25,not published,not published,not published,101,255,154,not published,not published,not published,not published,"Ministry of Housing, Communities & Local Government, ""Revenue outturn highways and transport services (RO2) 2024 to 2025""",https://www.catoappeals.com/councils/north-warwickshire-borough-council
North West Leicestershire,England outside London,SD,E07000134,Y,2024-25,115,115,0,357,636,279,not published,not published,not published,not published,"Ministry of Housing, Communities & Local Government, ""Revenue outturn highways and transport services (RO2) 2024 to 2025""",https://www.catoappeals.com/councils/north-west-leicestershire-district-council
North Yorkshire,England outside London,UA,E06000065,Y,2024-25,6357,5322,-1035,18167,3969,-14198,1516,not published,not published,not published,"Ministry of Housing, Communities & Local Government, ""Revenue outturn highways and transport services (RO2) 2024 to 2025""",https://www.catoappeals.com/councils/north-yorkshire-council
Northumberland UA,England outside London,UA,E06000057,Y,2024-25,not published,not published,not published,3846,2767,-1079,not published,not published,not published,not published,"Ministry of Housing, Communities & Local Government, ""Revenue outturn highways and transport services (RO2) 2024 to 2025""",https://www.catoappeals.com/councils/northumberland-county-council
Norwich City,England outside London,SD,E07000148,Y,2024-25,1424,1429,5,9095,4700,-4395,942,13,13,0,"Ministry of Housing, Communities & Local Government, ""Revenue outturn highways and transport services (RO2) 2024 to 2025""",https://www.catoappeals.com/councils/norwich-city-council
Nottingham City UA,England outside London,UA,E06000018,Y,2024-25,10211,4028,-6183,18180,4397,-13783,3253,3651,2964,-687,"Ministry of Housing, Communities & Local Government, ""Revenue outturn highways and transport services (RO2) 2024 to 2025""",https://www.catoappeals.com/councils/nottingham-city-council
Nottinghamshire CC,England outside London,SC,E10000024,Y,2024-25,2086.31,1573.26,-513.05,0,0.1,0.1,2086.31,553.42,1322.49,769.07,"Ministry of Housing, Communities & Local Government, ""Revenue outturn highways and transport services (RO2) 2024 to 2025""",https://www.catoappeals.com/councils/nottinghamshire-county-council
Nuneaton & Bedworth,England outside London,SD,E07000219,N,2024-25,not published,not published,not published,1252,1071,-181,not published,not published,not published,not published,"Ministry of Housing, Communities & Local Government, ""Revenue outturn highways and transport services (RO2) 2024 to 2025""",https://www.catoappeals.com/councils/nuneaton-and-bedworth-borough-council
Oadby & Wigston,England outside London,SD,E07000135,Y,2024-25,not published,not published,not published,823,236,-587,not published,not published,not published,not published,"Ministry of Housing, Communities & Local Government, ""Revenue outturn highways and transport services (RO2) 2024 to 2025""",https://www.catoappeals.com/councils/oadby-and-wigston-borough-council
Oldham,England outside London,MD,E08000004,Y,2024-25,1000,1474,474,1535,882,-653,903,180,0,-180,"Ministry of Housing, Communities & Local Government, ""Revenue outturn highways and transport services (RO2) 2024 to 2025""",https://www.catoappeals.com/councils/oldham-metropolitan-borough-council
Oxfordshire CC,England outside London,SC,E10000025,Y,2024-25,8759,6456,-2303,1144,1713,569,3281,1433,289,-1144,"Ministry of Housing, Communities & Local Government, ""Revenue outturn highways and transport services (RO2) 2024 to 2025""",https://www.catoappeals.com/councils/oxfordshire-county-council
Oxfordshire CC,England outside London,SC,E10000025,Y,2024-25,8759,6456,-2303,1144,1713,569,3281,1433,289,-1144,"Ministry of Housing, Communities & Local Government, ""Revenue outturn highways and transport services (RO2) 2024 to 2025""",https://www.catoappeals.com/councils/oxfordshire-county-council-with-cherwell-district-council
Oxfordshire CC,England outside London,SC,E10000025,Y,2024-25,8759,6456,-2303,1144,1713,569,3281,1433,289,-1144,"Ministry of Housing, Communities & Local Government, ""Revenue outturn highways and transport services (RO2) 2024 to 2025""",https://www.catoappeals.com/councils/oxfordshire-county-council-with-west-oxfordshire-dc
Pendle,England outside London,SD,E07000122,Y,2024-25,not published,not published,not published,32,217,185,not published,not published,not published,not published,"Ministry of Housing, Communities & Local Government, ""Revenue outturn highways and transport services (RO2) 2024 to 2025""",https://www.catoappeals.com/councils/pendle-borough-council
Peterborough UA,England outside London,UA,E06000031,Y,2024-25,1659,1209,-450,2921,1024,-1897,958,not published,not published,not published,"Ministry of Housing, Communities & Local Government, ""Revenue outturn highways and transport services (RO2) 2024 to 2025""",https://www.catoappeals.com/councils/peterborough-city-council
Plymouth UA,England outside London,UA,E06000026,Y,2024-25,6394,5092,-1302,5125,2457,-2668,1833,not published,not published,not published,"Ministry of Housing, Communities & Local Government, ""Revenue outturn highways and transport services (RO2) 2024 to 2025""",https://www.catoappeals.com/councils/plymouth-city-council
Portsmouth UA,England outside London,UA,E06000044,Y,2024-25,9633,6747,-2886,3270,1702,-1568,9041,not published,not published,not published,"Ministry of Housing, Communities & Local Government, ""Revenue outturn highways and transport services (RO2) 2024 to 2025""",https://www.catoappeals.com/councils/portsmouth-city-council
Preston,England outside London,SD,E07000123,Y,2024-25,not published,not published,not published,672,464,-208,not published,not published,not published,not published,"Ministry of Housing, Communities & Local Government, ""Revenue outturn highways and transport services (RO2) 2024 to 2025""",https://www.catoappeals.com/councils/preston-city-council
Reading UA,England outside London,UA,E06000038,Y,2024-25,4754,2383,-2371,4539,2655,-1884,1708,2172,473,-1699,"Ministry of Housing, Communities & Local Government, ""Revenue outturn highways and transport services (RO2) 2024 to 2025""",https://www.catoappeals.com/councils/reading-borough-council
Redcar & Cleveland UA,England outside London,UA,E06000003,Y,2024-25,not published,not published,not published,not published,not published,not published,not published,not published,not published,not published,"Ministry of Housing, Communities & Local Government, ""Revenue outturn highways and transport services (RO2) 2024 to 2025""",https://www.catoappeals.com/councils/redcar-and-cleveland-borough-council
Redditch BC,England outside London,SD,E07000236,Y,2024-25,92,130,38,0,1,1,92,not published,not published,not published,"Ministry of Housing, Communities & Local Government, ""Revenue outturn highways and transport services (RO2) 2024 to 2025""",https://www.catoappeals.com/councils/redditch-borough-council
Reigate and Banstead,England outside London,SD,E07000211,Y,2024-25,not published,not published,not published,2195,1640,-555,not published,not published,not published,not published,"Ministry of Housing, Communities & Local Government, ""Revenue outturn highways and transport services (RO2) 2024 to 2025""",https://www.catoappeals.com/councils/reigate-and-banstead-borough-council
Ribble Valley,England outside London,SD,E07000124,Y,2024-25,not published,not published,not published,915.18,654.59,-260.59,not published,not published,not published,not published,"Ministry of Housing, Communities & Local Government, ""Revenue outturn highways and transport services (RO2) 2024 to 2025""",https://www.catoappeals.com/councils/ribble-valley-borough-council
Rochdale,England outside London,MD,E08000005,Y,2024-25,995,770,-225,341,541,200,973,not published,not published,not published,"Ministry of Housing, Communities & Local Government, ""Revenue outturn highways and transport services (RO2) 2024 to 2025""",https://www.catoappeals.com/councils/rochdale-metropolitan-borough-council
Rochford,England outside London,SD,E07000075,Y,2024-25,not published,not published,not published,1687,740,-947,not published,not published,not published,not published,"Ministry of Housing, Communities & Local Government, ""Revenue outturn highways and transport services (RO2) 2024 to 2025""",https://www.catoappeals.com/councils/rochford-district-council
Rotherham,England outside London,MD,E08000018,Y,2024-25,660,427,-233,705,635,-70,333,not published,not published,not published,"Ministry of Housing, Communities & Local Government, ""Revenue outturn highways and transport services (RO2) 2024 to 2025""",https://www.catoappeals.com/councils/rotherham-metropolitan-borough-council
Windsor & Maidenhead UA,England outside London,UA,E06000040,Y,2024-25,3480.33,3135.93,-344.4,11524.88,4184.82,-7340.06,2716.28,not published,not published,not published,"Ministry of Housing, Communities & Local Government, ""Revenue outturn highways and transport services (RO2) 2024 to 2025""",https://www.catoappeals.com/councils/royal-borough-of-windsor-and-maidenhead
Rugby,England outside London,SD,E07000220,Y,2024-25,not published,not published,not published,483.26,508.53,25.27,not published,not published,not published,not published,"Ministry of Housing, Communities & Local Government, ""Revenue outturn highways and transport services (RO2) 2024 to 2025""",https://www.catoappeals.com/councils/rugby-borough-council
Runnymede,England outside London,SD,E07000212,Y,2024-25,16,5,-11,752,495,-257,16,not published,not published,not published,"Ministry of Housing, Communities & Local Government, ""Revenue outturn highways and transport services (RO2) 2024 to 2025""",https://www.catoappeals.com/councils/runnymede-borough-council
Rushcliffe,England outside London,SD,E07000176,Y,2024-25,not published,not published,not published,1026,259,-767,not published,not published,not published,not published,"Ministry of Housing, Communities & Local Government, ""Revenue outturn highways and transport services (RO2) 2024 to 2025""",https://www.catoappeals.com/councils/rushcliffe-borough-council
Rushmoor,England outside London,SD,E07000092,Y,2024-25,0.17,3.83,3.66,1164.93,807.63,-357.3,0.1,not published,not published,not published,"Ministry of Housing, Communities & Local Government, ""Revenue outturn highways and transport services (RO2) 2024 to 2025""",https://www.catoappeals.com/councils/rushmoor-borough-council
Rutland UA,England outside London,UA,E06000017,N,2024-25,56,194.27,138.27,574,128.92,-445.08,32,not published,not published,not published,"Ministry of Housing, Communities & Local Government, ""Revenue outturn highways and transport services (RO2) 2024 to 2025""",https://www.catoappeals.com/councils/rutland-county-council
Salford,England outside London,MD,E08000006,Y,2024-25,1756,1477,-279,884,404,-480,1566,1591,174,-1417,"Ministry of Housing, Communities & Local Government, ""Revenue outturn highways and transport services (RO2) 2024 to 2025""",https://www.catoappeals.com/councils/salford-city-council
Sandwell,England outside London,MD,E08000028,Y,2024-25,1051,876,-175,1519,918,-601,not published,654,47,-607,"Ministry of Housing, Communities & Local Government, ""Revenue outturn highways and transport services (RO2) 2024 to 2025""",https://www.catoappeals.com/councils/sandwell-metropolitan-borough-council
Sefton,England outside London,MD,E08000014,Y,2024-25,1904,759,-1145,2374,2016,-358,572,not published,not published,not published,"Ministry of Housing, Communities & Local Government, ""Revenue outturn highways and transport services (RO2) 2024 to 2025""",https://www.catoappeals.com/councils/sefton-metropolitan-borough-council
Sevenoaks,England outside London,SD,E07000111,Y,2024-25,1206,739,-467,3727,1346,-2381,not published,not published,not published,not published,"Ministry of Housing, Communities & Local Government, ""Revenue outturn highways and transport services (RO2) 2024 to 2025""",https://www.catoappeals.com/councils/sevenoaks-district-council
Sheffield,England outside London,MD,E08000019,Y,2024-25,7396,2932,-4464,2332,1897,-435,1648,3007,1446,-1561,"Ministry of Housing, Communities & Local Government, ""Revenue outturn highways and transport services (RO2) 2024 to 2025""",https://www.catoappeals.com/councils/sheffield-city-council
Shropshire UA,England outside London,UA,E06000051,Y,2024-25,1215,354,-861,5159,2937,-2222,65,not published,not published,not published,"Ministry of Housing, Communities & Local Government, ""Revenue outturn highways and transport services (RO2) 2024 to 2025""",https://www.catoappeals.com/councils/shropshire-council
Slough UA,England outside London,UA,E06000039,Y,2024-25,1625.45,1992.02,366.57,98.47,398.3,299.83,1573.9,601.63,313.31,-288.32,"Ministry of Housing, Communities & Local Government, ""Revenue outturn highways and transport services (RO2) 2024 to 2025""",https://www.catoappeals.com/councils/slough-borough-council
Solihull,England outside London,MD,E08000029,Y,2024-25,897,1020,123,2117,1758,-359,884,81,297,216,"Ministry of Housing, Communities & Local Government, ""Revenue outturn highways and transport services (RO2) 2024 to 2025""",https://www.catoappeals.com/councils/solihull-metropolitan-borough-council
Somerset,England outside London,UA,E06000066,Y,2024-25,2423,913,-1510,11478,5705,-5773,1682,159,26,-133,"Ministry of Housing, Communities & Local Government, ""Revenue outturn highways and transport services (RO2) 2024 to 2025""",https://www.catoappeals.com/councils/somerset-council
South Derbyshire,England outside London,SD,E07000039,Y,2024-25,not published,not published,not published,0,85,85,not published,not published,not published,not published,"Ministry of Housing, Communities & Local Government, ""Revenue outturn highways and transport services (RO2) 2024 to 2025""",https://www.catoappeals.com/councils/south-derbyshire-district-council
South Essex Parking Partnership,England outside London,not published,not published,not published,not published,not published,not published,not published,not published,not published,not published,not published,not published,not published,not published,"Ministry of Housing, Communities & Local Government, ""Revenue outturn highways and transport services (RO2) 2024 to 2025"" - a joint parking partnership rather than a local authority - the districts it acts for file their own returns, and there is no partnership row to quote",https://www.catoappeals.com/councils/south-essex-parking-partnership
South Gloucestershire UA,England outside London,UA,E06000025,Y,2024-25,473,896,423,38,569,531,463,289,467,178,"Ministry of Housing, Communities & Local Government, ""Revenue outturn highways and transport services (RO2) 2024 to 2025""",https://www.catoappeals.com/councils/south-gloucestershire-council
South Hams,England outside London,SD,E07000044,Y,2024-25,not published,not published,not published,3831,2309,-1522,not published,not published,not published,not published,"Ministry of Housing, Communities & Local Government, ""Revenue outturn highways and transport services (RO2) 2024 to 2025""",https://www.catoappeals.com/councils/south-hams-district-council
South Holland,England outside London,SD,E07000140,N,2024-25,not published,not published,not published,409,199,-210,not published,not published,not published,not published,"Ministry of Housing, Communities & Local Government, ""Revenue outturn highways and transport services (RO2) 2024 to 2025""",https://www.catoappeals.com/councils/south-holland-district-council
South Kesteven,England outside London,SD,E07000141,Y,2024-25,not published,not published,not published,1523,612,-911,not published,not published,not published,not published,"Ministry of Housing, Communities & Local Government, ""Revenue outturn highways and transport services (RO2) 2024 to 2025""",https://www.catoappeals.com/councils/south-kesteven-district-council
South Norfolk,England outside London,SD,E07000149,Y,2024-25,not published,not published,not published,442.53,311.11,-131.42,not published,not published,not published,not published,"Ministry of Housing, Communities & Local Government, ""Revenue outturn highways and transport services (RO2) 2024 to 2025""",https://www.catoappeals.com/councils/south-norfolk-district-council
South Oxfordshire,England outside London,SD,E07000179,Y,2024-25,not published,not published,not published,1549,796,-753,not published,not published,not published,not published,"Ministry of Housing, Communities & Local Government, ""Revenue outturn highways and transport services (RO2) 2024 to 2025""",https://www.catoappeals.com/councils/south-oxfordshire-district-council
South Ribble,England outside London,SD,E07000126,Y,2024-25,not published,not published,not published,144,211,67,not published,not published,not published,not published,"Ministry of Housing, Communities & Local Government, ""Revenue outturn highways and transport services (RO2) 2024 to 2025""",https://www.catoappeals.com/councils/south-ribble-borough-council
South Staffordshire,England outside London,SD,E07000196,Y,2024-25,7,6,-1,13,60,47,7,not published,not published,not published,"Ministry of Housing, Communities & Local Government, ""Revenue outturn highways and transport services (RO2) 2024 to 2025""",https://www.catoappeals.com/councils/south-staffordshire-district-council
South Tyneside,England outside London,MD,E08000023,Y,2024-25,158,74,-84,1334,762,-572,39,54,67,13,"Ministry of Housing, Communities & Local Government, ""Revenue outturn highways and transport services (RO2) 2024 to 2025""",https://www.catoappeals.com/councils/south-tyneside-council
Southampton UA,England outside London,UA,E06000045,Y,2024-25,6410,4134,-2276,6820,3188,-3632,1633,1111,490,-621,"Ministry of Housing, Communities & Local Government, ""Revenue outturn highways and transport services (RO2) 2024 to 2025""",https://www.catoappeals.com/councils/southampton-city-council
Southend-on-Sea UA,England outside London,UA,E06000033,Y,2024-25,6933,2582,-4351,5197,2662,-2535,2051,not published,not published,not published,"Ministry of Housing, Communities & Local Government, ""Revenue outturn highways and transport services (RO2) 2024 to 2025""",https://www.catoappeals.com/councils/southend-on-sea-city-council
Spelthorne,England outside London,SD,E07000213,Y,2024-25,not published,not published,not published,1516,1016,-500,not published,not published,not published,not published,"Ministry of Housing, Communities & Local Government, ""Revenue outturn highways and transport services (RO2) 2024 to 2025""",https://www.catoappeals.com/councils/spelthorne-borough-council
St Albans,England outside London,SD,E07000240,Y,2024-25,2172.4,2231.41,59.01,5696.82,2436.23,-3260.59,788,not published,not published,not published,"Ministry of Housing, Communities & Local Government, ""Revenue outturn highways and transport services (RO2) 2024 to 2025""",https://www.catoappeals.com/councils/st-albans-city-and-district-council
St Helens MBC,England outside London,MD,E08000013,Y,2024-25,233,428.39,195.39,800,532.77,-267.23,143,not published,not published,not published,"Ministry of Housing, Communities & Local Government, ""Revenue outturn highways and transport services (RO2) 2024 to 2025""",https://www.catoappeals.com/councils/st-helens-council
Stafford BC,England outside London,SD,E07000197,Y,2024-25,not published,not published,not published,2663,1972,-691,not published,not published,not published,not published,"Ministry of Housing, Communities & Local Government, ""Revenue outturn highways and transport services (RO2) 2024 to 2025""",https://www.catoappeals.com/councils/stafford-borough-council
Staffordshire CC,England outside London,SC,E10000028,Y,2024-25,868,1496,628,0,126,126,not published,106,206,100,"Ministry of Housing, Communities & Local Government, ""Revenue outturn highways and transport services (RO2) 2024 to 2025""",https://www.catoappeals.com/councils/staffordshire-county-council
Staffordshire Moorlands,England outside London,SD,E07000198,N,2024-25,not published,not published,not published,764,515,-249,not published,not published,not published,not published,"Ministry of Housing, Communities & Local Government, ""Revenue outturn highways and transport services (RO2) 2024 to 2025""",https://www.catoappeals.com/councils/staffordshire-moorlands-district-council
Stevenage,England outside London,SD,E07000243,Y,2024-25,1233.24,861.13,-372.11,4520.72,2013.35,-2507.37,not published,not published,not published,not published,"Ministry of Housing, Communities & Local Government, ""Revenue outturn highways and transport services (RO2) 2024 to 2025""",https://www.catoappeals.com/councils/stevenage-borough-council
Stockport MBC,England outside London,MD,E08000007,Y,2024-25,1347,992,-355,4775,2816,-1959,1235,not published,not published,not published,"Ministry of Housing, Communities & Local Government, ""Revenue outturn highways and transport services (RO2) 2024 to 2025""",https://www.catoappeals.com/councils/stockport-metropolitan-borough-council
Stockton-on-Tees UA,England outside London,UA,E06000004,Y,2024-25,162,50,-112,409,377,-32,162,not published,not published,not published,"Ministry of Housing, Communities & Local Government, ""Revenue outturn highways and transport services (RO2) 2024 to 2025""",https://www.catoappeals.com/councils/stockton-on-tees-borough-council
Stoke-on-Trent UA,England outside London,UA,E06000021,Y,2024-25,3062.95,3516.09,453.14,1939.93,1607.3,-332.63,865,998.99,188.55,-810.44,"Ministry of Housing, Communities & Local Government, ""Revenue outturn highways and transport services (RO2) 2024 to 2025""",https://www.catoappeals.com/councils/stoke-on-trent-city-council
Stratford-on-Avon,England outside London,SD,E07000221,Y,2024-25,not published,not published,not published,3377,1724,-1653,not published,not published,not published,not published,"Ministry of Housing, Communities & Local Government, ""Revenue outturn highways and transport services (RO2) 2024 to 2025""",https://www.catoappeals.com/councils/stratford-on-avon-district-council
Stroud,England outside London,SD,E07000082,Y,2024-25,not published,not published,not published,750,492,-258,not published,not published,not published,not published,"Ministry of Housing, Communities & Local Government, ""Revenue outturn highways and transport services (RO2) 2024 to 2025""",https://www.catoappeals.com/councils/stroud-district-council
Suffolk CC,England outside London,SC,E10000029,Y,2024-25,not published,not published,not published,not published,not published,not published,not published,not published,not published,not published,"Ministry of Housing, Communities & Local Government, ""Revenue outturn highways and transport services (RO2) 2024 to 2025""",https://www.catoappeals.com/councils/suffolk-county-council-with-east-suffolk-council
Suffolk CC,England outside London,SC,E10000029,Y,2024-25,not published,not published,not published,not published,not published,not published,not published,not published,not published,not published,"Ministry of Housing, Communities & Local Government, ""Revenue outturn highways and transport services (RO2) 2024 to 2025""",https://www.catoappeals.com/councils/suffolk-county-council-with-ipswich-borough-council
Suffolk CC,England outside London,SC,E10000029,Y,2024-25,not published,not published,not published,not published,not published,not published,not published,not published,not published,not published,"Ministry of Housing, Communities & Local Government, ""Revenue outturn highways and transport services (RO2) 2024 to 2025""",https://www.catoappeals.com/councils/suffolk-county-council-with-west-suffolk-council
Sunderland,England outside London,MD,E08000024,Y,2024-25,1787,1556,-231,2349,2035,-314,979,not published,not published,not published,"Ministry of Housing, Communities & Local Government, ""Revenue outturn highways and transport services (RO2) 2024 to 2025""",https://www.catoappeals.com/councils/sunderland-city-council
Surrey CC,England outside London,SC,E10000030,Y,2024-25,10176,9470,-706,not published,not published,not published,not published,336,20,-316,"Ministry of Housing, Communities & Local Government, ""Revenue outturn highways and transport services (RO2) 2024 to 2025""",https://www.catoappeals.com/councils/surrey-county-council
Surrey CC,England outside London,SC,E10000030,Y,2024-25,10176,9470,-706,not published,not published,not published,not published,336,20,-316,"Ministry of Housing, Communities & Local Government, ""Revenue outturn highways and transport services (RO2) 2024 to 2025""",https://www.catoappeals.com/councils/surrey-county-council-with-guildford-borough-council
Surrey CC,England outside London,SC,E10000030,Y,2024-25,10176,9470,-706,not published,not published,not published,not published,336,20,-316,"Ministry of Housing, Communities & Local Government, ""Revenue outturn highways and transport services (RO2) 2024 to 2025""",https://www.catoappeals.com/councils/surrey-county-council-with-mole-valley-district-council
Surrey CC,England outside London,SC,E10000030,Y,2024-25,10176,9470,-706,not published,not published,not published,not published,336,20,-316,"Ministry of Housing, Communities & Local Government, ""Revenue outturn highways and transport services (RO2) 2024 to 2025""",https://www.catoappeals.com/councils/surrey-county-council-with-reigate-and-banstead-borough-council
Surrey CC,England outside London,SC,E10000030,Y,2024-25,10176,9470,-706,not published,not published,not published,not published,336,20,-316,"Ministry of Housing, Communities & Local Government, ""Revenue outturn highways and transport services (RO2) 2024 to 2025""",https://www.catoappeals.com/councils/surrey-county-council-with-runnymede-borough-council
Surrey CC,England outside London,SC,E10000030,Y,2024-25,10176,9470,-706,not published,not published,not published,not published,336,20,-316,"Ministry of Housing, Communities & Local Government, ""Revenue outturn highways and transport services (RO2) 2024 to 2025""",https://www.catoappeals.com/councils/surrey-county-council-with-spelthorne-borough-council
Surrey CC,England outside London,SC,E10000030,Y,2024-25,10176,9470,-706,not published,not published,not published,not published,336,20,-316,"Ministry of Housing, Communities & Local Government, ""Revenue outturn highways and transport services (RO2) 2024 to 2025""",https://www.catoappeals.com/councils/surrey-county-council-with-woking-borough-council
Surrey Heath,England outside London,SD,E07000214,Y,2024-25,not published,not published,not published,2275,1859,-416,not published,not published,not published,not published,"Ministry of Housing, Communities & Local Government, ""Revenue outturn highways and transport services (RO2) 2024 to 2025""",https://www.catoappeals.com/councils/surrey-heath-borough-council
Swale,England outside London,SD,E07000113,Y,2024-25,488,306,-182,3225,1614,-1611,323,not published,not published,not published,"Ministry of Housing, Communities & Local Government, ""Revenue outturn highways and transport services (RO2) 2024 to 2025""",https://www.catoappeals.com/councils/swale-borough-council
Swindon UA,England outside London,UA,E06000030,Y,2024-25,1249,0,-1249,3575,2997,-578,864,675,248,-427,"Ministry of Housing, Communities & Local Government, ""Revenue outturn highways and transport services (RO2) 2024 to 2025""",https://www.catoappeals.com/councils/swindon-borough-council
Tameside,England outside London,MD,E08000008,Y,2024-25,662,537,-125,2168,1260,-908,630,72,27,-45,"Ministry of Housing, Communities & Local Government, ""Revenue outturn highways and transport services (RO2) 2024 to 2025""",https://www.catoappeals.com/councils/tameside-metropolitan-borough-council
Tamworth,England outside London,SD,E07000199,Y,2024-25,48,97,49,964,253,-711,48,not published,not published,not published,"Ministry of Housing, Communities & Local Government, ""Revenue outturn highways and transport services (RO2) 2024 to 2025""",https://www.catoappeals.com/councils/tamworth-borough-council
Tandridge,England outside London,SD,E07000215,Y,2024-25,not published,not published,not published,130,169,39,not published,not published,not published,not published,"Ministry of Housing, Communities & Local Government, ""Revenue outturn highways and transport services (RO2) 2024 to 2025""",https://www.catoappeals.com/councils/tandridge-district-council
Teignbridge,England outside London,SD,E07000045,Y,2024-25,not published,not published,not published,5401,2001,-3400,not published,not published,not published,not published,"Ministry of Housing, Communities & Local Government, ""Revenue outturn highways and transport services (RO2) 2024 to 2025""",https://www.catoappeals.com/councils/teignbridge-district-council
Tendring DC,England outside London,SD,E07000076,Y,2024-25,not published,not published,not published,1185,775,-410,not published,not published,not published,not published,"Ministry of Housing, Communities & Local Government, ""Revenue outturn highways and transport services (RO2) 2024 to 2025""",https://www.catoappeals.com/councils/tendring-district-council
Test Valley,England outside London,SD,E07000093,Y,2024-25,not published,not published,not published,1957,1362,-595,not published,not published,not published,not published,"Ministry of Housing, Communities & Local Government, ""Revenue outturn highways and transport services (RO2) 2024 to 2025""",https://www.catoappeals.com/councils/test-valley-borough-council
Thanet,England outside London,SD,E07000114,Y,2024-25,1895,1659,-236,2232,1061,-1171,460,not published,not published,not published,"Ministry of Housing, Communities & Local Government, ""Revenue outturn highways and transport services (RO2) 2024 to 2025""",https://www.catoappeals.com/councils/thanet-district-council
King's Lynn & West Norfolk,England outside London,SD,E07000146,Y,2024-25,2121,1582,-539,8401,6188,-2213,1221,not published,not published,not published,"Ministry of Housing, Communities & Local Government, ""Revenue outturn highways and transport services (RO2) 2024 to 2025""",https://www.catoappeals.com/councils/the-borough-council-of-kings-lynn-and-west-norfolk
The Borough Council of Kings Lynn and West Norfolk working under the authority delegated by Norfolk County Council,England outside London,not published,not published,not published,not published,not published,not published,not published,not published,not published,not published,not published,not published,not published,not published,"Ministry of Housing, Communities & Local Government, ""Revenue outturn highways and transport services (RO2) 2024 to 2025"" - a delegated arrangement rather than an authority - both parties file their own returns and neither is the arrangement",https://www.catoappeals.com/councils/the-borough-council-of-kings-lynn-and-west-norfolk-working-under-the-authority-delegated-by-norfolk-county-council
Three Rivers,England outside London,SD,E07000102,Y,2024-25,246,420,174,462,537,75,220,not published,not published,not published,"Ministry of Housing, Communities & Local Government, ""Revenue outturn highways and transport services (RO2) 2024 to 2025""",https://www.catoappeals.com/councils/three-rivers-district-council
Thurrock UA,England outside London,UA,E06000034,Y,2024-25,1858.05,1319.94,-538.11,205.37,166.11,-39.26,1446.19,not published,not published,not published,"Ministry of Housing, Communities & Local Government, ""Revenue outturn highways and transport services (RO2) 2024 to 2025""",https://www.catoappeals.com/councils/thurrock-council
Tonbridge & Malling,England outside London,SD,E07000115,Y,2024-25,613,606,-7,3237,1724,-1513,275,not published,not published,not published,"Ministry of Housing, Communities & Local Government, ""Revenue outturn highways and transport services (RO2) 2024 to 2025""",https://www.catoappeals.com/councils/tonbridge-and-malling-borough-council
Torbay UA,England outside London,UA,E06000027,Y,2024-25,4412,1048,-3364,5037,2609,-2428,1995,not published,not published,not published,"Ministry of Housing, Communities & Local Government, ""Revenue outturn highways and transport services (RO2) 2024 to 2025""",https://www.catoappeals.com/councils/torbay-council
Torridge,England outside London,SD,E07000046,Y,2024-25,not published,not published,not published,2024,1048,-976,not published,not published,not published,not published,"Ministry of Housing, Communities & Local Government, ""Revenue outturn highways and transport services (RO2) 2024 to 2025""",https://www.catoappeals.com/councils/torridge-district-council
Trafford,England outside London,MD,E08000009,Y,2024-25,3267,905,-2362,0,807,807,1699,not published,not published,not published,"Ministry of Housing, Communities & Local Government, ""Revenue outturn highways and transport services (RO2) 2024 to 2025""",https://www.catoappeals.com/councils/trafford-metropolitan-borough-council
Tunbridge Wells,England outside London,SD,E07000116,Y,2024-25,1600,1315,-285,5635,2285,-3350,1041,1260,403,-857,"Ministry of Housing, Communities & Local Government, ""Revenue outturn highways and transport services (RO2) 2024 to 2025""",https://www.catoappeals.com/councils/tunbridge-wells-borough-council
Uttlesford,England outside London,SD,E07000077,Y,2024-25,not published,not published,not published,1602.89,540.85,-1062.04,not published,not published,not published,not published,"Ministry of Housing, Communities & Local Government, ""Revenue outturn highways and transport services (RO2) 2024 to 2025""",https://www.catoappeals.com/councils/uttlesford-district-council
Vale of White Horse DC,England outside London,SD,E07000180,Y,2024-25,not published,not published,not published,726,645,-81,not published,not published,not published,not published,"Ministry of Housing, Communities & Local Government, ""Revenue outturn highways and transport services (RO2) 2024 to 2025""",https://www.catoappeals.com/councils/vale-of-white-horse-district-council
Wakefield,England outside London,MD,E08000036,Y,2024-25,836,739,-97,3111,1690,-1421,130,not published,not published,not published,"Ministry of Housing, Communities & Local Government, ""Revenue outturn highways and transport services (RO2) 2024 to 2025""",https://www.catoappeals.com/councils/wakefield-metropolitan-district-council
Walsall,England outside London,MD,E08000030,Y,2024-25,819,999,180,548,549,1,688,510,512,2,"Ministry of Housing, Communities & Local Government, ""Revenue outturn highways and transport services (RO2) 2024 to 2025""",https://www.catoappeals.com/councils/walsall-metropolitan-borough-council
Warrington UA,England outside London,UA,E06000007,N,2024-25,1341.84,974.07,-367.77,1677.55,1524.19,-153.36,405.69,not published,not published,not published,"Ministry of Housing, Communities & Local Government, ""Revenue outturn highways and transport services (RO2) 2024 to 2025""",https://www.catoappeals.com/councils/warrington-borough-council
Warwick,England outside London,SD,E07000222,Y,2024-25,not published,not published,not published,4416,1907,-2509,not published,not published,not published,not published,"Ministry of Housing, Communities & Local Government, ""Revenue outturn highways and transport services (RO2) 2024 to 2025""",https://www.catoappeals.com/councils/warwick-district-council
Warwickshire CC,England outside London,SC,E10000031,Y,2024-25,5019,3228,-1791,43,137,94,not published,not published,not published,not published,"Ministry of Housing, Communities & Local Government, ""Revenue outturn highways and transport services (RO2) 2024 to 2025""",https://www.catoappeals.com/councils/warwickshire-county-council
Watford,England outside London,SD,E07000103,N,2024-25,2336,2516,180,245,82,-163,1126,not published,not published,not published,"Ministry of Housing, Communities & Local Government, ""Revenue outturn highways and transport services (RO2) 2024 to 2025""",https://www.catoappeals.com/councils/watford-borough-council
Waverley,England outside London,SD,E07000216,Y,2024-25,0,86,86,6385,2024,-4361,not published,not published,not published,not published,"Ministry of Housing, Communities & Local Government, ""Revenue outturn highways and transport services (RO2) 2024 to 2025""",https://www.catoappeals.com/councils/waverley-borough-council
Welwyn Hatfield,England outside London,SD,E07000241,Y,2024-25,1417,905,-512,862,1011,149,800,not published,not published,not published,"Ministry of Housing, Communities & Local Government, ""Revenue outturn highways and transport services (RO2) 2024 to 2025""",https://www.catoappeals.com/councils/welwyn-hatfield-borough-council
West Berkshire UA,England outside London,UA,E06000037,Y,2024-25,32,68,36,3584,2546,-1038,not published,not published,not published,not published,"Ministry of Housing, Communities & Local Government, ""Revenue outturn highways and transport services (RO2) 2024 to 2025""",https://www.catoappeals.com/councils/west-berkshire-district-council
West Devon,England outside London,SD,E07000047,Y,2024-25,not published,not published,not published,1228,754,-474,not published,not published,not published,not published,"Ministry of Housing, Communities & Local Government, ""Revenue outturn highways and transport services (RO2) 2024 to 2025""",https://www.catoappeals.com/councils/west-devon-borough-council
West Lancashire,England outside London,SD,E07000127,Y,2024-25,not published,not published,not published,612,240,-372,not published,not published,not published,not published,"Ministry of Housing, Communities & Local Government, ""Revenue outturn highways and transport services (RO2) 2024 to 2025""",https://www.catoappeals.com/councils/west-lancashire-borough-council
West Lindsey,England outside London,SD,E07000142,Y,2024-25,not published,not published,not published,287,307,20,not published,not published,not published,not published,"Ministry of Housing, Communities & Local Government, ""Revenue outturn highways and transport services (RO2) 2024 to 2025""",https://www.catoappeals.com/councils/west-lindsey-district-council
West Northamptonshire,England outside London,UA,E06000062,Y,2024-25,3008.1,2017.98,-990.12,3724.34,1590.83,-2133.51,1759.9,650.94,279.35,-371.59,"Ministry of Housing, Communities & Local Government, ""Revenue outturn highways and transport services (RO2) 2024 to 2025""",https://www.catoappeals.com/councils/west-northamptonshire-council
West Suffolk,England outside London,SD,E07000245,Y,2024-25,680,99,-581,7472,3568,-3904,not published,not published,not published,not published,"Ministry of Housing, Communities & Local Government, ""Revenue outturn highways and transport services (RO2) 2024 to 2025""",https://www.catoappeals.com/councils/west-suffolk-council
West Sussex CC,England outside London,SC,E10000032,Y,2024-25,5237,4697,-540,not published,not published,not published,1295,not published,not published,not published,"Ministry of Housing, Communities & Local Government, ""Revenue outturn highways and transport services (RO2) 2024 to 2025""",https://www.catoappeals.com/councils/west-sussex-county-council-with-adur-district-council
West Sussex CC,England outside London,SC,E10000032,Y,2024-25,5237,4697,-540,not published,not published,not published,1295,not published,not published,not published,"Ministry of Housing, Communities & Local Government, ""Revenue outturn highways and transport services (RO2) 2024 to 2025""",https://www.catoappeals.com/councils/west-sussex-county-council-with-chichester-district-council
West Sussex CC,England outside London,SC,E10000032,Y,2024-25,5237,4697,-540,not published,not published,not published,1295,not published,not published,not published,"Ministry of Housing, Communities & Local Government, ""Revenue outturn highways and transport services (RO2) 2024 to 2025""",https://www.catoappeals.com/councils/west-sussex-county-council-with-horsham-borough-council
West Sussex CC,England outside London,SC,E10000032,Y,2024-25,5237,4697,-540,not published,not published,not published,1295,not published,not published,not published,"Ministry of Housing, Communities & Local Government, ""Revenue outturn highways and transport services (RO2) 2024 to 2025""",https://www.catoappeals.com/councils/west-sussex-county-council-with-mid-sussex-district-council
West Sussex CC,England outside London,SC,E10000032,Y,2024-25,5237,4697,-540,not published,not published,not published,1295,not published,not published,not published,"Ministry of Housing, Communities & Local Government, ""Revenue outturn highways and transport services (RO2) 2024 to 2025""",https://www.catoappeals.com/councils/west-sussex-county-council-with-worthing-borough-council
Westmorland and Furness,England outside London,UA,E06000064,N,2024-25,1267,2163,896,8435,2415,-6020,1267,not published,not published,not published,"Ministry of Housing, Communities & Local Government, ""Revenue outturn highways and transport services (RO2) 2024 to 2025""",https://www.catoappeals.com/councils/westmorland-and-furness-council
Wigan MBC,England outside London,MD,E08000010,Y,2024-25,529,67,-462,1691,1727,36,not published,not published,not published,not published,"Ministry of Housing, Communities & Local Government, ""Revenue outturn highways and transport services (RO2) 2024 to 2025""",https://www.catoappeals.com/councils/wigan-metropolitan-borough-council
Wiltshire UA,England outside London,UA,E06000054,Y,2024-25,2210,1829,-381,7296,2887,-4409,1175,not published,not published,not published,"Ministry of Housing, Communities & Local Government, ""Revenue outturn highways and transport services (RO2) 2024 to 2025""",https://www.catoappeals.com/councils/wiltshire-council
Winchester,England outside London,SD,E07000094,Y,2024-25,2.7,0,-2.7,7737,3798,-3939,2,not published,not published,not published,"Ministry of Housing, Communities & Local Government, ""Revenue outturn highways and transport services (RO2) 2024 to 2025""",https://www.catoappeals.com/councils/winchester-city-council
Woking BC,England outside London,SD,E07000217,Y,2024-25,not published,not published,not published,7063.86,4277.58,-2786.28,not published,not published,not published,not published,"Ministry of Housing, Communities & Local Government, ""Revenue outturn highways and transport services (RO2) 2024 to 2025""",https://www.catoappeals.com/councils/woking-borough-council
Wokingham UA,England outside London,UA,E06000041,Y,2024-25,992,1042,50,2494,1348,-1146,958,not published,not published,not published,"Ministry of Housing, Communities & Local Government, ""Revenue outturn highways and transport services (RO2) 2024 to 2025""",https://www.catoappeals.com/councils/wokingham-borough-council
Wolverhampton,England outside London,MD,E08000031,Y,2024-25,654,631,-23,2236,1531,-705,234,844,1341,497,"Ministry of Housing, Communities & Local Government, ""Revenue outturn highways and transport services (RO2) 2024 to 2025""",https://www.catoappeals.com/councils/wolverhampton-city-council
Worcester,England outside London,SD,E07000237,Y,2024-25,524,561,37,4227,1782,-2445,not published,not published,not published,not published,"Ministry of Housing, Communities & Local Government, ""Revenue outturn highways and transport services (RO2) 2024 to 2025""",https://www.catoappeals.com/councils/worcester-city-council
Worcestershire CC,England outside London,SC,E10000034,Y,2024-25,not published,not published,not published,not published,not published,not published,not published,not published,not published,not published,"Ministry of Housing, Communities & Local Government, ""Revenue outturn highways and transport services (RO2) 2024 to 2025""",https://www.catoappeals.com/councils/worcestershire-county-council
Worcestershire CC,England outside London,SC,E10000034,Y,2024-25,not published,not published,not published,not published,not published,not published,not published,not published,not published,not published,"Ministry of Housing, Communities & Local Government, ""Revenue outturn highways and transport services (RO2) 2024 to 2025""",https://www.catoappeals.com/councils/worcestershire-county-council-with-worcester-city-council
Worcestershire CC,England outside London,SC,E10000034,Y,2024-25,not published,not published,not published,not published,not published,not published,not published,not published,not published,not published,"Ministry of Housing, Communities & Local Government, ""Revenue outturn highways and transport services (RO2) 2024 to 2025""",https://www.catoappeals.com/councils/worcestershire-county-council-with-wychavon-district-council
Worcestershire CC,England outside London,SC,E10000034,Y,2024-25,not published,not published,not published,not published,not published,not published,not published,not published,not published,not published,"Ministry of Housing, Communities & Local Government, ""Revenue outturn highways and transport services (RO2) 2024 to 2025""",https://www.catoappeals.com/councils/worcestershire-county-council-with-wyre-forest-district-council
Worthing,England outside London,SD,E07000229,Y,2024-25,not published,not published,not published,3295,2107,-1188,not published,not published,not published,not published,"Ministry of Housing, Communities & Local Government, ""Revenue outturn highways and transport services (RO2) 2024 to 2025""",https://www.catoappeals.com/councils/worthing-borough-council
Wychavon,England outside London,SD,E07000238,Y,2024-25,433,514,81,2658,1731,-927,109,not published,not published,not published,"Ministry of Housing, Communities & Local Government, ""Revenue outturn highways and transport services (RO2) 2024 to 2025""",https://www.catoappeals.com/councils/wychavon-district-council
Wyre,England outside London,SD,E07000128,Y,2024-25,not published,not published,not published,683,531,-152,not published,not published,not published,not published,"Ministry of Housing, Communities & Local Government, ""Revenue outturn highways and transport services (RO2) 2024 to 2025""",https://www.catoappeals.com/councils/wyre-borough-council
Wyre Forest,England outside London,SD,E07000239,Y,2024-25,129,195,66,1584,1033,-551,129,not published,not published,not published,"Ministry of Housing, Communities & Local Government, ""Revenue outturn highways and transport services (RO2) 2024 to 2025""",https://www.catoappeals.com/councils/wyre-forest-district-council
